10000
1  100 -1
0    2  101 -1
1    3  102 -1
2    4  103 -1
3    5  104 -1
4    6  105 -1
5    7  106 -1
6    8  107 -1
7    9  108 -1
8   10  109 -1
9   11  110 -1
10   12  111 -1
11   13  112 -1
12   14  113 -1
13   15  114 -1
14   16  115 -1
15   17  116 -1
16   18  117 -1
17   19  118 -1
18   20  119 -1
19   21  120 -1
20   22  121 -1
21   23  122 -1
22   24  123 -1
23   25  124 -1
24   26  125 -1
25   27  126 -1
26   28  127 -1
27   29  128 -1
28   30  129 -1
29   31  130 -1
30   32  131 -1
31   33  132 -1
32   34  133 -1
33   35  134 -1
34   36  135 -1
35   37  136 -1
36   38  137 -1
37   39  138 -1
38   40  139 -1
39   41  140 -1
40   42  141 -1
41   43  142 -1
42   44  143 -1
43   45  144 -1
44   46  145 -1
45   47  146 -1
46   48  147 -1
47   49  148 -1
48   50  149 -1
49   51  150 -1
50   52  151 -1
51   53  152 -1
52   54  153 -1
53   55  154 -1
54   56  155 -1
55   57  156 -1
56   58  157 -1
57   59  158 -1
58   60  159 -1
59   61  160 -1
60   62  161 -1
61   63  162 -1
62   64  163 -1
63   65  164 -1
64   66  165 -1
65   67  166 -1
66   68  167 -1
67   69  168 -1
68   70  169 -1
69   71  170 -1
70   72  171 -1
71   73  172 -1
72   74  173 -1
73   75  174 -1
74   76  175 -1
75   77  176 -1
76   78  177 -1
77   79  178 -1
78   80  179 -1
79   81  180 -1
80   82  181 -1
81   83  182 -1
82   84  183 -1
83   85  184 -1
84   86  185 -1
85   87  186 -1
86   88  187 -1
87   89  188 -1
88   90  189 -1
89   91  190 -1
90   92  191 -1
91   93  192 -1
92   94  193 -1
93   95  194 -1
94   96  195 -1
95   97  196 -1
96   98  197 -1
97   99  198 -1
98  199 -1
0  101  200 -1
1  100  102  201 -1
2  101  103  202 -1
3  102  104  203 -1
4  103  105  204 -1
5  104  106  205 -1
6  105  107  206 -1
7  106  108  207 -1
8  107  109  208 -1
9  108  110  209 -1
10  109  111  210 -1
11  110  112  211 -1
12  111  113  212 -1
13  112  114  213 -1
14  113  115  214 -1
15  114  116  215 -1
16  115  117  216 -1
17  116  118  217 -1
18  117  119  218 -1
19  118  120  219 -1
20  119  121  220 -1
21  120  122  221 -1
22  121  123  222 -1
23  122  124  223 -1
24  123  125  224 -1
25  124  126  225 -1
26  125  127  226 -1
27  126  128  227 -1
28  127  129  228 -1
29  128  130  229 -1
30  129  131  230 -1
31  130  132  231 -1
32  131  133  232 -1
33  132  134  233 -1
34  133  135  234 -1
35  134  136  235 -1
36  135  137  236 -1
37  136  138  237 -1
38  137  139  238 -1
39  138  140  239 -1
40  139  141  240 -1
41  140  142  241 -1
42  141  143  242 -1
43  142  144  243 -1
44  143  145  244 -1
45  144  146  245 -1
46  145  147  246 -1
47  146  148  247 -1
48  147  149  248 -1
49  148  150  249 -1
50  149  151  250 -1
51  150  152  251 -1
52  151  153  252 -1
53  152  154  253 -1
54  153  155  254 -1
55  154  156  255 -1
56  155  157  256 -1
57  156  158  257 -1
58  157  159  258 -1
59  158  160  259 -1
60  159  161  260 -1
61  160  162  261 -1
62  161  163  262 -1
63  162  164  263 -1
64  163  165  264 -1
65  164  166  265 -1
66  165  167  266 -1
67  166  168  267 -1
68  167  169  268 -1
69  168  170  269 -1
70  169  171  270 -1
71  170  172  271 -1
72  171  173  272 -1
73  172  174  273 -1
74  173  175  274 -1
75  174  176  275 -1
76  175  177  276 -1
77  176  178  277 -1
78  177  179  278 -1
79  178  180  279 -1
80  179  181  280 -1
81  180  182  281 -1
82  181  183  282 -1
83  182  184  283 -1
84  183  185  284 -1
85  184  186  285 -1
86  185  187  286 -1
87  186  188  287 -1
88  187  189  288 -1
89  188  190  289 -1
90  189  191  290 -1
91  190  192  291 -1
92  191  193  292 -1
93  192  194  293 -1
94  193  195  294 -1
95  194  196  295 -1
96  195  197  296 -1
97  196  198  297 -1
98  197  199  298 -1
99  198  299 -1
100  201  300 -1
101  200  202  301 -1
102  201  203  302 -1
103  202  204  303 -1
104  203  205  304 -1
105  204  206  305 -1
106  205  207  306 -1
107  206  208  307 -1
108  207  209  308 -1
109  208  210  309 -1
110  209  211  310 -1
111  210  212  311 -1
112  211  213  312 -1
113  212  214  313 -1
114  213  215  314 -1
115  214  216  315 -1
116  215  217  316 -1
117  216  218  317 -1
118  217  219  318 -1
119  218  220  319 -1
120  219  221  320 -1
121  220  222  321 -1
122  221  223  322 -1
123  222  224  323 -1
124  223  225  324 -1
125  224  226  325 -1
126  225  227  326 -1
127  226  228  327 -1
128  227  229  328 -1
129  228  230  329 -1
130  229  231  330 -1
131  230  232  331 -1
132  231  233  332 -1
133  232  234  333 -1
134  233  235  334 -1
135  234  236  335 -1
136  235  237  336 -1
137  236  238  337 -1
138  237  239  338 -1
139  238  240  339 -1
140  239  241  340 -1
141  240  242  341 -1
142  241  243  342 -1
143  242  244  343 -1
144  243  245  344 -1
145  244  246  345 -1
146  245  247  346 -1
147  246  248  347 -1
148  247  249  348 -1
149  248  250  349 -1
150  249  251  350 -1
151  250  252  351 -1
152  251  253  352 -1
153  252  254  353 -1
154  253  255  354 -1
155  254  256  355 -1
156  255  257  356 -1
157  256  258  357 -1
158  257  259  358 -1
159  258  260  359 -1
160  259  261  360 -1
161  260  262  361 -1
162  261  263  362 -1
163  262  264  363 -1
164  263  265  364 -1
165  264  266  365 -1
166  265  267  366 -1
167  266  268  367 -1
168  267  269  368 -1
169  268  270  369 -1
170  269  271  370 -1
171  270  272  371 -1
172  271  273  372 -1
173  272  274  373 -1
174  273  275  374 -1
175  274  276  375 -1
176  275  277  376 -1
177  276  278  377 -1
178  277  279  378 -1
179  278  280  379 -1
180  279  281  380 -1
181  280  282  381 -1
182  281  283  382 -1
183  282  284  383 -1
184  283  285  384 -1
185  284  286  385 -1
186  285  287  386 -1
187  286  288  387 -1
188  287  289  388 -1
189  288  290  389 -1
190  289  291  390 -1
191  290  292  391 -1
192  291  293  392 -1
193  292  294  393 -1
194  293  295  394 -1
195  294  296  395 -1
196  295  297  396 -1
197  296  298  397 -1
198  297  299  398 -1
199  298  399 -1
200  301  400 -1
201  300  302  401 -1
202  301  303  402 -1
203  302  304  403 -1
204  303  305  404 -1
205  304  306  405 -1
206  305  307  406 -1
207  306  308  407 -1
208  307  309  408 -1
209  308  310  409 -1
210  309  311  410 -1
211  310  312  411 -1
212  311  313  412 -1
213  312  314  413 -1
214  313  315  414 -1
215  314  316  415 -1
216  315  317  416 -1
217  316  318  417 -1
218  317  319  418 -1
219  318  320  419 -1
220  319  321  420 -1
221  320  322  421 -1
222  321  323  422 -1
223  322  324  423 -1
224  323  325  424 -1
225  324  326  425 -1
226  325  327  426 -1
227  326  328  427 -1
228  327  329  428 -1
229  328  330  429 -1
230  329  331  430 -1
231  330  332  431 -1
232  331  333  432 -1
233  332  334  433 -1
234  333  335  434 -1
235  334  336  435 -1
236  335  337  436 -1
237  336  338  437 -1
238  337  339  438 -1
239  338  340  439 -1
240  339  341  440 -1
241  340  342  441 -1
242  341  343  442 -1
243  342  344  443 -1
244  343  345  444 -1
245  344  346  445 -1
246  345  347  446 -1
247  346  348  447 -1
248  347  349  448 -1
249  348  350  449 -1
250  349  351  450 -1
251  350  352  451 -1
252  351  353  452 -1
253  352  354  453 -1
254  353  355  454 -1
255  354  356  455 -1
256  355  357  456 -1
257  356  358  457 -1
258  357  359  458 -1
259  358  360  459 -1
260  359  361  460 -1
261  360  362  461 -1
262  361  363  462 -1
263  362  364  463 -1
264  363  365  464 -1
265  364  366  465 -1
266  365  367  466 -1
267  366  368  467 -1
268  367  369  468 -1
269  368  370  469 -1
270  369  371  470 -1
271  370  372  471 -1
272  371  373  472 -1
273  372  374  473 -1
274  373  375  474 -1
275  374  376  475 -1
276  375  377  476 -1
277  376  378  477 -1
278  377  379  478 -1
279  378  380  479 -1
280  379  381  480 -1
281  380  382  481 -1
282  381  383  482 -1
283  382  384  483 -1
284  383  385  484 -1
285  384  386  485 -1
286  385  387  486 -1
287  386  388  487 -1
288  387  389  488 -1
289  388  390  489 -1
290  389  391  490 -1
291  390  392  491 -1
292  391  393  492 -1
293  392  394  493 -1
294  393  395  494 -1
295  394  396  495 -1
296  395  397  496 -1
297  396  398  497 -1
298  397  399  498 -1
299  398  499 -1
300  401  500 -1
301  400  402  501 -1
302  401  403  502 -1
303  402  404  503 -1
304  403  405  504 -1
305  404  406  505 -1
306  405  407  506 -1
307  406  408  507 -1
308  407  409  508 -1
309  408  410  509 -1
310  409  411  510 -1
311  410  412  511 -1
312  411  413  512 -1
313  412  414  513 -1
314  413  415  514 -1
315  414  416  515 -1
316  415  417  516 -1
317  416  418  517 -1
318  417  419  518 -1
319  418  420  519 -1
320  419  421  520 -1
321  420  422  521 -1
322  421  423  522 -1
323  422  424  523 -1
324  423  425  524 -1
325  424  426  525 -1
326  425  427  526 -1
327  426  428  527 -1
328  427  429  528 -1
329  428  430  529 -1
330  429  431  530 -1
331  430  432  531 -1
332  431  433  532 -1
333  432  434  533 -1
334  433  435  534 -1
335  434  436  535 -1
336  435  437  536 -1
337  436  438  537 -1
338  437  439  538 -1
339  438  440  539 -1
340  439  441  540 -1
341  440  442  541 -1
342  441  443  542 -1
343  442  444  543 -1
344  443  445  544 -1
345  444  446  545 -1
346  445  447  546 -1
347  446  448  547 -1
348  447  449  548 -1
349  448  450  549 -1
350  449  451  550 -1
351  450  452  551 -1
352  451  453  552 -1
353  452  454  553 -1
354  453  455  554 -1
355  454  456  555 -1
356  455  457  556 -1
357  456  458  557 -1
358  457  459  558 -1
359  458  460  559 -1
360  459  461  560 -1
361  460  462  561 -1
362  461  463  562 -1
363  462  464  563 -1
364  463  465  564 -1
365  464  466  565 -1
366  465  467  566 -1
367  466  468  567 -1
368  467  469  568 -1
369  468  470  569 -1
370  469  471  570 -1
371  470  472  571 -1
372  471  473  572 -1
373  472  474  573 -1
374  473  475  574 -1
375  474  476  575 -1
376  475  477  576 -1
377  476  478  577 -1
378  477  479  578 -1
379  478  480  579 -1
380  479  481  580 -1
381  480  482  581 -1
382  481  483  582 -1
383  482  484  583 -1
384  483  485  584 -1
385  484  486  585 -1
386  485  487  586 -1
387  486  488  587 -1
388  487  489  588 -1
389  488  490  589 -1
390  489  491  590 -1
391  490  492  591 -1
392  491  493  592 -1
393  492  494  593 -1
394  493  495  594 -1
395  494  496  595 -1
396  495  497  596 -1
397  496  498  597 -1
398  497  499  598 -1
399  498  599 -1
400  501  600 -1
401  500  502  601 -1
402  501  503  602 -1
403  502  504  603 -1
404  503  505  604 -1
405  504  506  605 -1
406  505  507  606 -1
407  506  508  607 -1
408  507  509  608 -1
409  508  510  609 -1
410  509  511  610 -1
411  510  512  611 -1
412  511  513  612 -1
413  512  514  613 -1
414  513  515  614 -1
415  514  516  615 -1
416  515  517  616 -1
417  516  518  617 -1
418  517  519  618 -1
419  518  520  619 -1
420  519  521  620 -1
421  520  522  621 -1
422  521  523  622 -1
423  522  524  623 -1
424  523  525  624 -1
425  524  526  625 -1
426  525  527  626 -1
427  526  528  627 -1
428  527  529  628 -1
429  528  530  629 -1
430  529  531  630 -1
431  530  532  631 -1
432  531  533  632 -1
433  532  534  633 -1
434  533  535  634 -1
435  534  536  635 -1
436  535  537  636 -1
437  536  538  637 -1
438  537  539  638 -1
439  538  540  639 -1
440  539  541  640 -1
441  540  542  641 -1
442  541  543  642 -1
443  542  544  643 -1
444  543  545  644 -1
445  544  546  645 -1
446  545  547  646 -1
447  546  548  647 -1
448  547  549  648 -1
449  548  550  649 -1
450  549  551  650 -1
451  550  552  651 -1
452  551  553  652 -1
453  552  554  653 -1
454  553  555  654 -1
455  554  556  655 -1
456  555  557  656 -1
457  556  558  657 -1
458  557  559  658 -1
459  558  560  659 -1
460  559  561  660 -1
461  560  562  661 -1
462  561  563  662 -1
463  562  564  663 -1
464  563  565  664 -1
465  564  566  665 -1
466  565  567  666 -1
467  566  568  667 -1
468  567  569  668 -1
469  568  570  669 -1
470  569  571  670 -1
471  570  572  671 -1
472  571  573  672 -1
473  572  574  673 -1
474  573  575  674 -1
475  574  576  675 -1
476  575  577  676 -1
477  576  578  677 -1
478  577  579  678 -1
479  578  580  679 -1
480  579  581  680 -1
481  580  582  681 -1
482  581  583  682 -1
483  582  584  683 -1
484  583  585  684 -1
485  584  586  685 -1
486  585  587  686 -1
487  586  588  687 -1
488  587  589  688 -1
489  588  590  689 -1
490  589  591  690 -1
491  590  592  691 -1
492  591  593  692 -1
493  592  594  693 -1
494  593  595  694 -1
495  594  596  695 -1
496  595  597  696 -1
497  596  598  697 -1
498  597  599  698 -1
499  598  699 -1
500  601  700 -1
501  600  602  701 -1
502  601  603  702 -1
503  602  604  703 -1
504  603  605  704 -1
505  604  606  705 -1
506  605  607  706 -1
507  606  608  707 -1
508  607  609  708 -1
509  608  610  709 -1
510  609  611  710 -1
511  610  612  711 -1
512  611  613  712 -1
513  612  614  713 -1
514  613  615  714 -1
515  614  616  715 -1
516  615  617  716 -1
517  616  618  717 -1
518  617  619  718 -1
519  618  620  719 -1
520  619  621  720 -1
521  620  622  721 -1
522  621  623  722 -1
523  622  624  723 -1
524  623  625  724 -1
525  624  626  725 -1
526  625  627  726 -1
527  626  628  727 -1
528  627  629  728 -1
529  628  630  729 -1
530  629  631  730 -1
531  630  632  731 -1
532  631  633  732 -1
533  632  634  733 -1
534  633  635  734 -1
535  634  636  735 -1
536  635  637  736 -1
537  636  638  737 -1
538  637  639  738 -1
539  638  640  739 -1
540  639  641  740 -1
541  640  642  741 -1
542  641  643  742 -1
543  642  644  743 -1
544  643  645  744 -1
545  644  646  745 -1
546  645  647  746 -1
547  646  648  747 -1
548  647  649  748 -1
549  648  650  749 -1
550  649  651  750 -1
551  650  652  751 -1
552  651  653  752 -1
553  652  654  753 -1
554  653  655  754 -1
555  654  656  755 -1
556  655  657  756 -1
557  656  658  757 -1
558  657  659  758 -1
559  658  660  759 -1
560  659  661  760 -1
561  660  662  761 -1
562  661  663  762 -1
563  662  664  763 -1
564  663  665  764 -1
565  664  666  765 -1
566  665  667  766 -1
567  666  668  767 -1
568  667  669  768 -1
569  668  670  769 -1
570  669  671  770 -1
571  670  672  771 -1
572  671  673  772 -1
573  672  674  773 -1
574  673  675  774 -1
575  674  676  775 -1
576  675  677  776 -1
577  676  678  777 -1
578  677  679  778 -1
579  678  680  779 -1
580  679  681  780 -1
581  680  682  781 -1
582  681  683  782 -1
583  682  684  783 -1
584  683  685  784 -1
585  684  686  785 -1
586  685  687  786 -1
587  686  688  787 -1
588  687  689  788 -1
589  688  690  789 -1
590  689  691  790 -1
591  690  692  791 -1
592  691  693  792 -1
593  692  694  793 -1
594  693  695  794 -1
595  694  696  795 -1
596  695  697  796 -1
597  696  698  797 -1
598  697  699  798 -1
599  698  799 -1
600  701  800 -1
601  700  702  801 -1
602  701  703  802 -1
603  702  704  803 -1
604  703  705  804 -1
605  704  706  805 -1
606  705  707  806 -1
607  706  708  807 -1
608  707  709  808 -1
609  708  710  809 -1
610  709  711  810 -1
611  710  712  811 -1
612  711  713  812 -1
613  712  714  813 -1
614  713  715  814 -1
615  714  716  815 -1
616  715  717  816 -1
617  716  718  817 -1
618  717  719  818 -1
619  718  720  819 -1
620  719  721  820 -1
621  720  722  821 -1
622  721  723  822 -1
623  722  724  823 -1
624  723  725  824 -1
625  724  726  825 -1
626  725  727  826 -1
627  726  728  827 -1
628  727  729  828 -1
629  728  730  829 -1
630  729  731  830 -1
631  730  732  831 -1
632  731  733  832 -1
633  732  734  833 -1
634  733  735  834 -1
635  734  736  835 -1
636  735  737  836 -1
637  736  738  837 -1
638  737  739  838 -1
639  738  740  839 -1
640  739  741  840 -1
641  740  742  841 -1
642  741  743  842 -1
643  742  744  843 -1
644  743  745  844 -1
645  744  746  845 -1
646  745  747  846 -1
647  746  748  847 -1
648  747  749  848 -1
649  748  750  849 -1
650  749  751  850 -1
651  750  752  851 -1
652  751  753  852 -1
653  752  754  853 -1
654  753  755  854 -1
655  754  756  855 -1
656  755  757  856 -1
657  756  758  857 -1
658  757  759  858 -1
659  758  760  859 -1
660  759  761  860 -1
661  760  762  861 -1
662  761  763  862 -1
663  762  764  863 -1
664  763  765  864 -1
665  764  766  865 -1
666  765  767  866 -1
667  766  768  867 -1
668  767  769  868 -1
669  768  770  869 -1
670  769  771  870 -1
671  770  772  871 -1
672  771  773  872 -1
673  772  774  873 -1
674  773  775  874 -1
675  774  776  875 -1
676  775  777  876 -1
677  776  778  877 -1
678  777  779  878 -1
679  778  780  879 -1
680  779  781  880 -1
681  780  782  881 -1
682  781  783  882 -1
683  782  784  883 -1
684  783  785  884 -1
685  784  786  885 -1
686  785  787  886 -1
687  786  788  887 -1
688  787  789  888 -1
689  788  790  889 -1
690  789  791  890 -1
691  790  792  891 -1
692  791  793  892 -1
693  792  794  893 -1
694  793  795  894 -1
695  794  796  895 -1
696  795  797  896 -1
697  796  798  897 -1
698  797  799  898 -1
699  798  899 -1
700  801  900 -1
701  800  802  901 -1
702  801  803  902 -1
703  802  804  903 -1
704  803  805  904 -1
705  804  806  905 -1
706  805  807  906 -1
707  806  808  907 -1
708  807  809  908 -1
709  808  810  909 -1
710  809  811  910 -1
711  810  812  911 -1
712  811  813  912 -1
713  812  814  913 -1
714  813  815  914 -1
715  814  816  915 -1
716  815  817  916 -1
717  816  818  917 -1
718  817  819  918 -1
719  818  820  919 -1
720  819  821  920 -1
721  820  822  921 -1
722  821  823  922 -1
723  822  824  923 -1
724  823  825  924 -1
725  824  826  925 -1
726  825  827  926 -1
727  826  828  927 -1
728  827  829  928 -1
729  828  830  929 -1
730  829  831  930 -1
731  830  832  931 -1
732  831  833  932 -1
733  832  834  933 -1
734  833  835  934 -1
735  834  836  935 -1
736  835  837  936 -1
737  836  838  937 -1
738  837  839  938 -1
739  838  840  939 -1
740  839  841  940 -1
741  840  842  941 -1
742  841  843  942 -1
743  842  844  943 -1
744  843  845  944 -1
745  844  846  945 -1
746  845  847  946 -1
747  846  848  947 -1
748  847  849  948 -1
749  848  850  949 -1
750  849  851  950 -1
751  850  852  951 -1
752  851  853  952 -1
753  852  854  953 -1
754  853  855  954 -1
755  854  856  955 -1
756  855  857  956 -1
757  856  858  957 -1
758  857  859  958 -1
759  858  860  959 -1
760  859  861  960 -1
761  860  862  961 -1
762  861  863  962 -1
763  862  864  963 -1
764  863  865  964 -1
765  864  866  965 -1
766  865  867  966 -1
767  866  868  967 -1
768  867  869  968 -1
769  868  870  969 -1
770  869  871  970 -1
771  870  872  971 -1
772  871  873  972 -1
773  872  874  973 -1
774  873  875  974 -1
775  874  876  975 -1
776  875  877  976 -1
777  876  878  977 -1
778  877  879  978 -1
779  878  880  979 -1
780  879  881  980 -1
781  880  882  981 -1
782  881  883  982 -1
783  882  884  983 -1
784  883  885  984 -1
785  884  886  985 -1
786  885  887  986 -1
787  886  888  987 -1
788  887  889  988 -1
789  888  890  989 -1
790  889  891  990 -1
791  890  892  991 -1
792  891  893  992 -1
793  892  894  993 -1
794  893  895  994 -1
795  894  896  995 -1
796  895  897  996 -1
797  896  898  997 -1
798  897  899  998 -1
799  898  999 -1
800  901 1000 -1
801  900  902 1001 -1
802  901  903 1002 -1
803  902  904 1003 -1
804  903  905 1004 -1
805  904  906 1005 -1
806  905  907 1006 -1
807  906  908 1007 -1
808  907  909 1008 -1
809  908  910 1009 -1
810  909  911 1010 -1
811  910  912 1011 -1
812  911  913 1012 -1
813  912  914 1013 -1
814  913  915 1014 -1
815  914  916 1015 -1
816  915  917 1016 -1
817  916  918 1017 -1
818  917  919 1018 -1
819  918  920 1019 -1
820  919  921 1020 -1
821  920  922 1021 -1
822  921  923 1022 -1
823  922  924 1023 -1
824  923  925 1024 -1
825  924  926 1025 -1
826  925  927 1026 -1
827  926  928 1027 -1
828  927  929 1028 -1
829  928  930 1029 -1
830  929  931 1030 -1
831  930  932 1031 -1
832  931  933 1032 -1
833  932  934 1033 -1
834  933  935 1034 -1
835  934  936 1035 -1
836  935  937 1036 -1
837  936  938 1037 -1
838  937  939 1038 -1
839  938  940 1039 -1
840  939  941 1040 -1
841  940  942 1041 -1
842  941  943 1042 -1
843  942  944 1043 -1
844  943  945 1044 -1
845  944  946 1045 -1
846  945  947 1046 -1
847  946  948 1047 -1
848  947  949 1048 -1
849  948  950 1049 -1
850  949  951 1050 -1
851  950  952 1051 -1
852  951  953 1052 -1
853  952  954 1053 -1
854  953  955 1054 -1
855  954  956 1055 -1
856  955  957 1056 -1
857  956  958 1057 -1
858  957  959 1058 -1
859  958  960 1059 -1
860  959  961 1060 -1
861  960  962 1061 -1
862  961  963 1062 -1
863  962  964 1063 -1
864  963  965 1064 -1
865  964  966 1065 -1
866  965  967 1066 -1
867  966  968 1067 -1
868  967  969 1068 -1
869  968  970 1069 -1
870  969  971 1070 -1
871  970  972 1071 -1
872  971  973 1072 -1
873  972  974 1073 -1
874  973  975 1074 -1
875  974  976 1075 -1
876  975  977 1076 -1
877  976  978 1077 -1
878  977  979 1078 -1
879  978  980 1079 -1
880  979  981 1080 -1
881  980  982 1081 -1
882  981  983 1082 -1
883  982  984 1083 -1
884  983  985 1084 -1
885  984  986 1085 -1
886  985  987 1086 -1
887  986  988 1087 -1
888  987  989 1088 -1
889  988  990 1089 -1
890  989  991 1090 -1
891  990  992 1091 -1
892  991  993 1092 -1
893  992  994 1093 -1
894  993  995 1094 -1
895  994  996 1095 -1
896  995  997 1096 -1
897  996  998 1097 -1
898  997  999 1098 -1
899  998 1099 -1
900 1001 1100 -1
901 1000 1002 1101 -1
902 1001 1003 1102 -1
903 1002 1004 1103 -1
904 1003 1005 1104 -1
905 1004 1006 1105 -1
906 1005 1007 1106 -1
907 1006 1008 1107 -1
908 1007 1009 1108 -1
909 1008 1010 1109 -1
910 1009 1011 1110 -1
911 1010 1012 1111 -1
912 1011 1013 1112 -1
913 1012 1014 1113 -1
914 1013 1015 1114 -1
915 1014 1016 1115 -1
916 1015 1017 1116 -1
917 1016 1018 1117 -1
918 1017 1019 1118 -1
919 1018 1020 1119 -1
920 1019 1021 1120 -1
921 1020 1022 1121 -1
922 1021 1023 1122 -1
923 1022 1024 1123 -1
924 1023 1025 1124 -1
925 1024 1026 1125 -1
926 1025 1027 1126 -1
927 1026 1028 1127 -1
928 1027 1029 1128 -1
929 1028 1030 1129 -1
930 1029 1031 1130 -1
931 1030 1032 1131 -1
932 1031 1033 1132 -1
933 1032 1034 1133 -1
934 1033 1035 1134 -1
935 1034 1036 1135 -1
936 1035 1037 1136 -1
937 1036 1038 1137 -1
938 1037 1039 1138 -1
939 1038 1040 1139 -1
940 1039 1041 1140 -1
941 1040 1042 1141 -1
942 1041 1043 1142 -1
943 1042 1044 1143 -1
944 1043 1045 1144 -1
945 1044 1046 1145 -1
946 1045 1047 1146 -1
947 1046 1048 1147 -1
948 1047 1049 1148 -1
949 1048 1050 1149 -1
950 1049 1051 1150 -1
951 1050 1052 1151 -1
952 1051 1053 1152 -1
953 1052 1054 1153 -1
954 1053 1055 1154 -1
955 1054 1056 1155 -1
956 1055 1057 1156 -1
957 1056 1058 1157 -1
958 1057 1059 1158 -1
959 1058 1060 1159 -1
960 1059 1061 1160 -1
961 1060 1062 1161 -1
962 1061 1063 1162 -1
963 1062 1064 1163 -1
964 1063 1065 1164 -1
965 1064 1066 1165 -1
966 1065 1067 1166 -1
967 1066 1068 1167 -1
968 1067 1069 1168 -1
969 1068 1070 1169 -1
970 1069 1071 1170 -1
971 1070 1072 1171 -1
972 1071 1073 1172 -1
973 1072 1074 1173 -1
974 1073 1075 1174 -1
975 1074 1076 1175 -1
976 1075 1077 1176 -1
977 1076 1078 1177 -1
978 1077 1079 1178 -1
979 1078 1080 1179 -1
980 1079 1081 1180 -1
981 1080 1082 1181 -1
982 1081 1083 1182 -1
983 1082 1084 1183 -1
984 1083 1085 1184 -1
985 1084 1086 1185 -1
986 1085 1087 1186 -1
987 1086 1088 1187 -1
988 1087 1089 1188 -1
989 1088 1090 1189 -1
990 1089 1091 1190 -1
991 1090 1092 1191 -1
992 1091 1093 1192 -1
993 1092 1094 1193 -1
994 1093 1095 1194 -1
995 1094 1096 1195 -1
996 1095 1097 1196 -1
997 1096 1098 1197 -1
998 1097 1099 1198 -1
999 1098 1199 -1
1000 1101 1200 -1
1001 1100 1102 1201 -1
1002 1101 1103 1202 -1
1003 1102 1104 1203 -1
1004 1103 1105 1204 -1
1005 1104 1106 1205 -1
1006 1105 1107 1206 -1
1007 1106 1108 1207 -1
1008 1107 1109 1208 -1
1009 1108 1110 1209 -1
1010 1109 1111 1210 -1
1011 1110 1112 1211 -1
1012 1111 1113 1212 -1
1013 1112 1114 1213 -1
1014 1113 1115 1214 -1
1015 1114 1116 1215 -1
1016 1115 1117 1216 -1
1017 1116 1118 1217 -1
1018 1117 1119 1218 -1
1019 1118 1120 1219 -1
1020 1119 1121 1220 -1
1021 1120 1122 1221 -1
1022 1121 1123 1222 -1
1023 1122 1124 1223 -1
1024 1123 1125 1224 -1
1025 1124 1126 1225 -1
1026 1125 1127 1226 -1
1027 1126 1128 1227 -1
1028 1127 1129 1228 -1
1029 1128 1130 1229 -1
1030 1129 1131 1230 -1
1031 1130 1132 1231 -1
1032 1131 1133 1232 -1
1033 1132 1134 1233 -1
1034 1133 1135 1234 -1
1035 1134 1136 1235 -1
1036 1135 1137 1236 -1
1037 1136 1138 1237 -1
1038 1137 1139 1238 -1
1039 1138 1140 1239 -1
1040 1139 1141 1240 -1
1041 1140 1142 1241 -1
1042 1141 1143 1242 -1
1043 1142 1144 1243 -1
1044 1143 1145 1244 -1
1045 1144 1146 1245 -1
1046 1145 1147 1246 -1
1047 1146 1148 1247 -1
1048 1147 1149 1248 -1
1049 1148 1150 1249 -1
1050 1149 1151 1250 -1
1051 1150 1152 1251 -1
1052 1151 1153 1252 -1
1053 1152 1154 1253 -1
1054 1153 1155 1254 -1
1055 1154 1156 1255 -1
1056 1155 1157 1256 -1
1057 1156 1158 1257 -1
1058 1157 1159 1258 -1
1059 1158 1160 1259 -1
1060 1159 1161 1260 -1
1061 1160 1162 1261 -1
1062 1161 1163 1262 -1
1063 1162 1164 1263 -1
1064 1163 1165 1264 -1
1065 1164 1166 1265 -1
1066 1165 1167 1266 -1
1067 1166 1168 1267 -1
1068 1167 1169 1268 -1
1069 1168 1170 1269 -1
1070 1169 1171 1270 -1
1071 1170 1172 1271 -1
1072 1171 1173 1272 -1
1073 1172 1174 1273 -1
1074 1173 1175 1274 -1
1075 1174 1176 1275 -1
1076 1175 1177 1276 -1
1077 1176 1178 1277 -1
1078 1177 1179 1278 -1
1079 1178 1180 1279 -1
1080 1179 1181 1280 -1
1081 1180 1182 1281 -1
1082 1181 1183 1282 -1
1083 1182 1184 1283 -1
1084 1183 1185 1284 -1
1085 1184 1186 1285 -1
1086 1185 1187 1286 -1
1087 1186 1188 1287 -1
1088 1187 1189 1288 -1
1089 1188 1190 1289 -1
1090 1189 1191 1290 -1
1091 1190 1192 1291 -1
1092 1191 1193 1292 -1
1093 1192 1194 1293 -1
1094 1193 1195 1294 -1
1095 1194 1196 1295 -1
1096 1195 1197 1296 -1
1097 1196 1198 1297 -1
1098 1197 1199 1298 -1
1099 1198 1299 -1
1100 1201 1300 -1
1101 1200 1202 1301 -1
1102 1201 1203 1302 -1
1103 1202 1204 1303 -1
1104 1203 1205 1304 -1
1105 1204 1206 1305 -1
1106 1205 1207 1306 -1
1107 1206 1208 1307 -1
1108 1207 1209 1308 -1
1109 1208 1210 1309 -1
1110 1209 1211 1310 -1
1111 1210 1212 1311 -1
1112 1211 1213 1312 -1
1113 1212 1214 1313 -1
1114 1213 1215 1314 -1
1115 1214 1216 1315 -1
1116 1215 1217 1316 -1
1117 1216 1218 1317 -1
1118 1217 1219 1318 -1
1119 1218 1220 1319 -1
1120 1219 1221 1320 -1
1121 1220 1222 1321 -1
1122 1221 1223 1322 -1
1123 1222 1224 1323 -1
1124 1223 1225 1324 -1
1125 1224 1226 1325 -1
1126 1225 1227 1326 -1
1127 1226 1228 1327 -1
1128 1227 1229 1328 -1
1129 1228 1230 1329 -1
1130 1229 1231 1330 -1
1131 1230 1232 1331 -1
1132 1231 1233 1332 -1
1133 1232 1234 1333 -1
1134 1233 1235 1334 -1
1135 1234 1236 1335 -1
1136 1235 1237 1336 -1
1137 1236 1238 1337 -1
1138 1237 1239 1338 -1
1139 1238 1240 1339 -1
1140 1239 1241 1340 -1
1141 1240 1242 1341 -1
1142 1241 1243 1342 -1
1143 1242 1244 1343 -1
1144 1243 1245 1344 -1
1145 1244 1246 1345 -1
1146 1245 1247 1346 -1
1147 1246 1248 1347 -1
1148 1247 1249 1348 -1
1149 1248 1250 1349 -1
1150 1249 1251 1350 -1
1151 1250 1252 1351 -1
1152 1251 1253 1352 -1
1153 1252 1254 1353 -1
1154 1253 1255 1354 -1
1155 1254 1256 1355 -1
1156 1255 1257 1356 -1
1157 1256 1258 1357 -1
1158 1257 1259 1358 -1
1159 1258 1260 1359 -1
1160 1259 1261 1360 -1
1161 1260 1262 1361 -1
1162 1261 1263 1362 -1
1163 1262 1264 1363 -1
1164 1263 1265 1364 -1
1165 1264 1266 1365 -1
1166 1265 1267 1366 -1
1167 1266 1268 1367 -1
1168 1267 1269 1368 -1
1169 1268 1270 1369 -1
1170 1269 1271 1370 -1
1171 1270 1272 1371 -1
1172 1271 1273 1372 -1
1173 1272 1274 1373 -1
1174 1273 1275 1374 -1
1175 1274 1276 1375 -1
1176 1275 1277 1376 -1
1177 1276 1278 1377 -1
1178 1277 1279 1378 -1
1179 1278 1280 1379 -1
1180 1279 1281 1380 -1
1181 1280 1282 1381 -1
1182 1281 1283 1382 -1
1183 1282 1284 1383 -1
1184 1283 1285 1384 -1
1185 1284 1286 1385 -1
1186 1285 1287 1386 -1
1187 1286 1288 1387 -1
1188 1287 1289 1388 -1
1189 1288 1290 1389 -1
1190 1289 1291 1390 -1
1191 1290 1292 1391 -1
1192 1291 1293 1392 -1
1193 1292 1294 1393 -1
1194 1293 1295 1394 -1
1195 1294 1296 1395 -1
1196 1295 1297 1396 -1
1197 1296 1298 1397 -1
1198 1297 1299 1398 -1
1199 1298 1399 -1
1200 1301 1400 -1
1201 1300 1302 1401 -1
1202 1301 1303 1402 -1
1203 1302 1304 1403 -1
1204 1303 1305 1404 -1
1205 1304 1306 1405 -1
1206 1305 1307 1406 -1
1207 1306 1308 1407 -1
1208 1307 1309 1408 -1
1209 1308 1310 1409 -1
1210 1309 1311 1410 -1
1211 1310 1312 1411 -1
1212 1311 1313 1412 -1
1213 1312 1314 1413 -1
1214 1313 1315 1414 -1
1215 1314 1316 1415 -1
1216 1315 1317 1416 -1
1217 1316 1318 1417 -1
1218 1317 1319 1418 -1
1219 1318 1320 1419 -1
1220 1319 1321 1420 -1
1221 1320 1322 1421 -1
1222 1321 1323 1422 -1
1223 1322 1324 1423 -1
1224 1323 1325 1424 -1
1225 1324 1326 1425 -1
1226 1325 1327 1426 -1
1227 1326 1328 1427 -1
1228 1327 1329 1428 -1
1229 1328 1330 1429 -1
1230 1329 1331 1430 -1
1231 1330 1332 1431 -1
1232 1331 1333 1432 -1
1233 1332 1334 1433 -1
1234 1333 1335 1434 -1
1235 1334 1336 1435 -1
1236 1335 1337 1436 -1
1237 1336 1338 1437 -1
1238 1337 1339 1438 -1
1239 1338 1340 1439 -1
1240 1339 1341 1440 -1
1241 1340 1342 1441 -1
1242 1341 1343 1442 -1
1243 1342 1344 1443 -1
1244 1343 1345 1444 -1
1245 1344 1346 1445 -1
1246 1345 1347 1446 -1
1247 1346 1348 1447 -1
1248 1347 1349 1448 -1
1249 1348 1350 1449 -1
1250 1349 1351 1450 -1
1251 1350 1352 1451 -1
1252 1351 1353 1452 -1
1253 1352 1354 1453 -1
1254 1353 1355 1454 -1
1255 1354 1356 1455 -1
1256 1355 1357 1456 -1
1257 1356 1358 1457 -1
1258 1357 1359 1458 -1
1259 1358 1360 1459 -1
1260 1359 1361 1460 -1
1261 1360 1362 1461 -1
1262 1361 1363 1462 -1
1263 1362 1364 1463 -1
1264 1363 1365 1464 -1
1265 1364 1366 1465 -1
1266 1365 1367 1466 -1
1267 1366 1368 1467 -1
1268 1367 1369 1468 -1
1269 1368 1370 1469 -1
1270 1369 1371 1470 -1
1271 1370 1372 1471 -1
1272 1371 1373 1472 -1
1273 1372 1374 1473 -1
1274 1373 1375 1474 -1
1275 1374 1376 1475 -1
1276 1375 1377 1476 -1
1277 1376 1378 1477 -1
1278 1377 1379 1478 -1
1279 1378 1380 1479 -1
1280 1379 1381 1480 -1
1281 1380 1382 1481 -1
1282 1381 1383 1482 -1
1283 1382 1384 1483 -1
1284 1383 1385 1484 -1
1285 1384 1386 1485 -1
1286 1385 1387 1486 -1
1287 1386 1388 1487 -1
1288 1387 1389 1488 -1
1289 1388 1390 1489 -1
1290 1389 1391 1490 -1
1291 1390 1392 1491 -1
1292 1391 1393 1492 -1
1293 1392 1394 1493 -1
1294 1393 1395 1494 -1
1295 1394 1396 1495 -1
1296 1395 1397 1496 -1
1297 1396 1398 1497 -1
1298 1397 1399 1498 -1
1299 1398 1499 -1
1300 1401 1500 -1
1301 1400 1402 1501 -1
1302 1401 1403 1502 -1
1303 1402 1404 1503 -1
1304 1403 1405 1504 -1
1305 1404 1406 1505 -1
1306 1405 1407 1506 -1
1307 1406 1408 1507 -1
1308 1407 1409 1508 -1
1309 1408 1410 1509 -1
1310 1409 1411 1510 -1
1311 1410 1412 1511 -1
1312 1411 1413 1512 -1
1313 1412 1414 1513 -1
1314 1413 1415 1514 -1
1315 1414 1416 1515 -1
1316 1415 1417 1516 -1
1317 1416 1418 1517 -1
1318 1417 1419 1518 -1
1319 1418 1420 1519 -1
1320 1419 1421 1520 -1
1321 1420 1422 1521 -1
1322 1421 1423 1522 -1
1323 1422 1424 1523 -1
1324 1423 1425 1524 -1
1325 1424 1426 1525 -1
1326 1425 1427 1526 -1
1327 1426 1428 1527 -1
1328 1427 1429 1528 -1
1329 1428 1430 1529 -1
1330 1429 1431 1530 -1
1331 1430 1432 1531 -1
1332 1431 1433 1532 -1
1333 1432 1434 1533 -1
1334 1433 1435 1534 -1
1335 1434 1436 1535 -1
1336 1435 1437 1536 -1
1337 1436 1438 1537 -1
1338 1437 1439 1538 -1
1339 1438 1440 1539 -1
1340 1439 1441 1540 -1
1341 1440 1442 1541 -1
1342 1441 1443 1542 -1
1343 1442 1444 1543 -1
1344 1443 1445 1544 -1
1345 1444 1446 1545 -1
1346 1445 1447 1546 -1
1347 1446 1448 1547 -1
1348 1447 1449 1548 -1
1349 1448 1450 1549 -1
1350 1449 1451 1550 -1
1351 1450 1452 1551 -1
1352 1451 1453 1552 -1
1353 1452 1454 1553 -1
1354 1453 1455 1554 -1
1355 1454 1456 1555 -1
1356 1455 1457 1556 -1
1357 1456 1458 1557 -1
1358 1457 1459 1558 -1
1359 1458 1460 1559 -1
1360 1459 1461 1560 -1
1361 1460 1462 1561 -1
1362 1461 1463 1562 -1
1363 1462 1464 1563 -1
1364 1463 1465 1564 -1
1365 1464 1466 1565 -1
1366 1465 1467 1566 -1
1367 1466 1468 1567 -1
1368 1467 1469 1568 -1
1369 1468 1470 1569 -1
1370 1469 1471 1570 -1
1371 1470 1472 1571 -1
1372 1471 1473 1572 -1
1373 1472 1474 1573 -1
1374 1473 1475 1574 -1
1375 1474 1476 1575 -1
1376 1475 1477 1576 -1
1377 1476 1478 1577 -1
1378 1477 1479 1578 -1
1379 1478 1480 1579 -1
1380 1479 1481 1580 -1
1381 1480 1482 1581 -1
1382 1481 1483 1582 -1
1383 1482 1484 1583 -1
1384 1483 1485 1584 -1
1385 1484 1486 1585 -1
1386 1485 1487 1586 -1
1387 1486 1488 1587 -1
1388 1487 1489 1588 -1
1389 1488 1490 1589 -1
1390 1489 1491 1590 -1
1391 1490 1492 1591 -1
1392 1491 1493 1592 -1
1393 1492 1494 1593 -1
1394 1493 1495 1594 -1
1395 1494 1496 1595 -1
1396 1495 1497 1596 -1
1397 1496 1498 1597 -1
1398 1497 1499 1598 -1
1399 1498 1599 -1
1400 1501 1600 -1
1401 1500 1502 1601 -1
1402 1501 1503 1602 -1
1403 1502 1504 1603 -1
1404 1503 1505 1604 -1
1405 1504 1506 1605 -1
1406 1505 1507 1606 -1
1407 1506 1508 1607 -1
1408 1507 1509 1608 -1
1409 1508 1510 1609 -1
1410 1509 1511 1610 -1
1411 1510 1512 1611 -1
1412 1511 1513 1612 -1
1413 1512 1514 1613 -1
1414 1513 1515 1614 -1
1415 1514 1516 1615 -1
1416 1515 1517 1616 -1
1417 1516 1518 1617 -1
1418 1517 1519 1618 -1
1419 1518 1520 1619 -1
1420 1519 1521 1620 -1
1421 1520 1522 1621 -1
1422 1521 1523 1622 -1
1423 1522 1524 1623 -1
1424 1523 1525 1624 -1
1425 1524 1526 1625 -1
1426 1525 1527 1626 -1
1427 1526 1528 1627 -1
1428 1527 1529 1628 -1
1429 1528 1530 1629 -1
1430 1529 1531 1630 -1
1431 1530 1532 1631 -1
1432 1531 1533 1632 -1
1433 1532 1534 1633 -1
1434 1533 1535 1634 -1
1435 1534 1536 1635 -1
1436 1535 1537 1636 -1
1437 1536 1538 1637 -1
1438 1537 1539 1638 -1
1439 1538 1540 1639 -1
1440 1539 1541 1640 -1
1441 1540 1542 1641 -1
1442 1541 1543 1642 -1
1443 1542 1544 1643 -1
1444 1543 1545 1644 -1
1445 1544 1546 1645 -1
1446 1545 1547 1646 -1
1447 1546 1548 1647 -1
1448 1547 1549 1648 -1
1449 1548 1550 1649 -1
1450 1549 1551 1650 -1
1451 1550 1552 1651 -1
1452 1551 1553 1652 -1
1453 1552 1554 1653 -1
1454 1553 1555 1654 -1
1455 1554 1556 1655 -1
1456 1555 1557 1656 -1
1457 1556 1558 1657 -1
1458 1557 1559 1658 -1
1459 1558 1560 1659 -1
1460 1559 1561 1660 -1
1461 1560 1562 1661 -1
1462 1561 1563 1662 -1
1463 1562 1564 1663 -1
1464 1563 1565 1664 -1
1465 1564 1566 1665 -1
1466 1565 1567 1666 -1
1467 1566 1568 1667 -1
1468 1567 1569 1668 -1
1469 1568 1570 1669 -1
1470 1569 1571 1670 -1
1471 1570 1572 1671 -1
1472 1571 1573 1672 -1
1473 1572 1574 1673 -1
1474 1573 1575 1674 -1
1475 1574 1576 1675 -1
1476 1575 1577 1676 -1
1477 1576 1578 1677 -1
1478 1577 1579 1678 -1
1479 1578 1580 1679 -1
1480 1579 1581 1680 -1
1481 1580 1582 1681 -1
1482 1581 1583 1682 -1
1483 1582 1584 1683 -1
1484 1583 1585 1684 -1
1485 1584 1586 1685 -1
1486 1585 1587 1686 -1
1487 1586 1588 1687 -1
1488 1587 1589 1688 -1
1489 1588 1590 1689 -1
1490 1589 1591 1690 -1
1491 1590 1592 1691 -1
1492 1591 1593 1692 -1
1493 1592 1594 1693 -1
1494 1593 1595 1694 -1
1495 1594 1596 1695 -1
1496 1595 1597 1696 -1
1497 1596 1598 1697 -1
1498 1597 1599 1698 -1
1499 1598 1699 -1
1500 1601 1700 -1
1501 1600 1602 1701 -1
1502 1601 1603 1702 -1
1503 1602 1604 1703 -1
1504 1603 1605 1704 -1
1505 1604 1606 1705 -1
1506 1605 1607 1706 -1
1507 1606 1608 1707 -1
1508 1607 1609 1708 -1
1509 1608 1610 1709 -1
1510 1609 1611 1710 -1
1511 1610 1612 1711 -1
1512 1611 1613 1712 -1
1513 1612 1614 1713 -1
1514 1613 1615 1714 -1
1515 1614 1616 1715 -1
1516 1615 1617 1716 -1
1517 1616 1618 1717 -1
1518 1617 1619 1718 -1
1519 1618 1620 1719 -1
1520 1619 1621 1720 -1
1521 1620 1622 1721 -1
1522 1621 1623 1722 -1
1523 1622 1624 1723 -1
1524 1623 1625 1724 -1
1525 1624 1626 1725 -1
1526 1625 1627 1726 -1
1527 1626 1628 1727 -1
1528 1627 1629 1728 -1
1529 1628 1630 1729 -1
1530 1629 1631 1730 -1
1531 1630 1632 1731 -1
1532 1631 1633 1732 -1
1533 1632 1634 1733 -1
1534 1633 1635 1734 -1
1535 1634 1636 1735 -1
1536 1635 1637 1736 -1
1537 1636 1638 1737 -1
1538 1637 1639 1738 -1
1539 1638 1640 1739 -1
1540 1639 1641 1740 -1
1541 1640 1642 1741 -1
1542 1641 1643 1742 -1
1543 1642 1644 1743 -1
1544 1643 1645 1744 -1
1545 1644 1646 1745 -1
1546 1645 1647 1746 -1
1547 1646 1648 1747 -1
1548 1647 1649 1748 -1
1549 1648 1650 1749 -1
1550 1649 1651 1750 -1
1551 1650 1652 1751 -1
1552 1651 1653 1752 -1
1553 1652 1654 1753 -1
1554 1653 1655 1754 -1
1555 1654 1656 1755 -1
1556 1655 1657 1756 -1
1557 1656 1658 1757 -1
1558 1657 1659 1758 -1
1559 1658 1660 1759 -1
1560 1659 1661 1760 -1
1561 1660 1662 1761 -1
1562 1661 1663 1762 -1
1563 1662 1664 1763 -1
1564 1663 1665 1764 -1
1565 1664 1666 1765 -1
1566 1665 1667 1766 -1
1567 1666 1668 1767 -1
1568 1667 1669 1768 -1
1569 1668 1670 1769 -1
1570 1669 1671 1770 -1
1571 1670 1672 1771 -1
1572 1671 1673 1772 -1
1573 1672 1674 1773 -1
1574 1673 1675 1774 -1
1575 1674 1676 1775 -1
1576 1675 1677 1776 -1
1577 1676 1678 1777 -1
1578 1677 1679 1778 -1
1579 1678 1680 1779 -1
1580 1679 1681 1780 -1
1581 1680 1682 1781 -1
1582 1681 1683 1782 -1
1583 1682 1684 1783 -1
1584 1683 1685 1784 -1
1585 1684 1686 1785 -1
1586 1685 1687 1786 -1
1587 1686 1688 1787 -1
1588 1687 1689 1788 -1
1589 1688 1690 1789 -1
1590 1689 1691 1790 -1
1591 1690 1692 1791 -1
1592 1691 1693 1792 -1
1593 1692 1694 1793 -1
1594 1693 1695 1794 -1
1595 1694 1696 1795 -1
1596 1695 1697 1796 -1
1597 1696 1698 1797 -1
1598 1697 1699 1798 -1
1599 1698 1799 -1
1600 1701 1800 -1
1601 1700 1702 1801 -1
1602 1701 1703 1802 -1
1603 1702 1704 1803 -1
1604 1703 1705 1804 -1
1605 1704 1706 1805 -1
1606 1705 1707 1806 -1
1607 1706 1708 1807 -1
1608 1707 1709 1808 -1
1609 1708 1710 1809 -1
1610 1709 1711 1810 -1
1611 1710 1712 1811 -1
1612 1711 1713 1812 -1
1613 1712 1714 1813 -1
1614 1713 1715 1814 -1
1615 1714 1716 1815 -1
1616 1715 1717 1816 -1
1617 1716 1718 1817 -1
1618 1717 1719 1818 -1
1619 1718 1720 1819 -1
1620 1719 1721 1820 -1
1621 1720 1722 1821 -1
1622 1721 1723 1822 -1
1623 1722 1724 1823 -1
1624 1723 1725 1824 -1
1625 1724 1726 1825 -1
1626 1725 1727 1826 -1
1627 1726 1728 1827 -1
1628 1727 1729 1828 -1
1629 1728 1730 1829 -1
1630 1729 1731 1830 -1
1631 1730 1732 1831 -1
1632 1731 1733 1832 -1
1633 1732 1734 1833 -1
1634 1733 1735 1834 -1
1635 1734 1736 1835 -1
1636 1735 1737 1836 -1
1637 1736 1738 1837 -1
1638 1737 1739 1838 -1
1639 1738 1740 1839 -1
1640 1739 1741 1840 -1
1641 1740 1742 1841 -1
1642 1741 1743 1842 -1
1643 1742 1744 1843 -1
1644 1743 1745 1844 -1
1645 1744 1746 1845 -1
1646 1745 1747 1846 -1
1647 1746 1748 1847 -1
1648 1747 1749 1848 -1
1649 1748 1750 1849 -1
1650 1749 1751 1850 -1
1651 1750 1752 1851 -1
1652 1751 1753 1852 -1
1653 1752 1754 1853 -1
1654 1753 1755 1854 -1
1655 1754 1756 1855 -1
1656 1755 1757 1856 -1
1657 1756 1758 1857 -1
1658 1757 1759 1858 -1
1659 1758 1760 1859 -1
1660 1759 1761 1860 -1
1661 1760 1762 1861 -1
1662 1761 1763 1862 -1
1663 1762 1764 1863 -1
1664 1763 1765 1864 -1
1665 1764 1766 1865 -1
1666 1765 1767 1866 -1
1667 1766 1768 1867 -1
1668 1767 1769 1868 -1
1669 1768 1770 1869 -1
1670 1769 1771 1870 -1
1671 1770 1772 1871 -1
1672 1771 1773 1872 -1
1673 1772 1774 1873 -1
1674 1773 1775 1874 -1
1675 1774 1776 1875 -1
1676 1775 1777 1876 -1
1677 1776 1778 1877 -1
1678 1777 1779 1878 -1
1679 1778 1780 1879 -1
1680 1779 1781 1880 -1
1681 1780 1782 1881 -1
1682 1781 1783 1882 -1
1683 1782 1784 1883 -1
1684 1783 1785 1884 -1
1685 1784 1786 1885 -1
1686 1785 1787 1886 -1
1687 1786 1788 1887 -1
1688 1787 1789 1888 -1
1689 1788 1790 1889 -1
1690 1789 1791 1890 -1
1691 1790 1792 1891 -1
1692 1791 1793 1892 -1
1693 1792 1794 1893 -1
1694 1793 1795 1894 -1
1695 1794 1796 1895 -1
1696 1795 1797 1896 -1
1697 1796 1798 1897 -1
1698 1797 1799 1898 -1
1699 1798 1899 -1
1700 1801 1900 -1
1701 1800 1802 1901 -1
1702 1801 1803 1902 -1
1703 1802 1804 1903 -1
1704 1803 1805 1904 -1
1705 1804 1806 1905 -1
1706 1805 1807 1906 -1
1707 1806 1808 1907 -1
1708 1807 1809 1908 -1
1709 1808 1810 1909 -1
1710 1809 1811 1910 -1
1711 1810 1812 1911 -1
1712 1811 1813 1912 -1
1713 1812 1814 1913 -1
1714 1813 1815 1914 -1
1715 1814 1816 1915 -1
1716 1815 1817 1916 -1
1717 1816 1818 1917 -1
1718 1817 1819 1918 -1
1719 1818 1820 1919 -1
1720 1819 1821 1920 -1
1721 1820 1822 1921 -1
1722 1821 1823 1922 -1
1723 1822 1824 1923 -1
1724 1823 1825 1924 -1
1725 1824 1826 1925 -1
1726 1825 1827 1926 -1
1727 1826 1828 1927 -1
1728 1827 1829 1928 -1
1729 1828 1830 1929 -1
1730 1829 1831 1930 -1
1731 1830 1832 1931 -1
1732 1831 1833 1932 -1
1733 1832 1834 1933 -1
1734 1833 1835 1934 -1
1735 1834 1836 1935 -1
1736 1835 1837 1936 -1
1737 1836 1838 1937 -1
1738 1837 1839 1938 -1
1739 1838 1840 1939 -1
1740 1839 1841 1940 -1
1741 1840 1842 1941 -1
1742 1841 1843 1942 -1
1743 1842 1844 1943 -1
1744 1843 1845 1944 -1
1745 1844 1846 1945 -1
1746 1845 1847 1946 -1
1747 1846 1848 1947 -1
1748 1847 1849 1948 -1
1749 1848 1850 1949 -1
1750 1849 1851 1950 -1
1751 1850 1852 1951 -1
1752 1851 1853 1952 -1
1753 1852 1854 1953 -1
1754 1853 1855 1954 -1
1755 1854 1856 1955 -1
1756 1855 1857 1956 -1
1757 1856 1858 1957 -1
1758 1857 1859 1958 -1
1759 1858 1860 1959 -1
1760 1859 1861 1960 -1
1761 1860 1862 1961 -1
1762 1861 1863 1962 -1
1763 1862 1864 1963 -1
1764 1863 1865 1964 -1
1765 1864 1866 1965 -1
1766 1865 1867 1966 -1
1767 1866 1868 1967 -1
1768 1867 1869 1968 -1
1769 1868 1870 1969 -1
1770 1869 1871 1970 -1
1771 1870 1872 1971 -1
1772 1871 1873 1972 -1
1773 1872 1874 1973 -1
1774 1873 1875 1974 -1
1775 1874 1876 1975 -1
1776 1875 1877 1976 -1
1777 1876 1878 1977 -1
1778 1877 1879 1978 -1
1779 1878 1880 1979 -1
1780 1879 1881 1980 -1
1781 1880 1882 1981 -1
1782 1881 1883 1982 -1
1783 1882 1884 1983 -1
1784 1883 1885 1984 -1
1785 1884 1886 1985 -1
1786 1885 1887 1986 -1
1787 1886 1888 1987 -1
1788 1887 1889 1988 -1
1789 1888 1890 1989 -1
1790 1889 1891 1990 -1
1791 1890 1892 1991 -1
1792 1891 1893 1992 -1
1793 1892 1894 1993 -1
1794 1893 1895 1994 -1
1795 1894 1896 1995 -1
1796 1895 1897 1996 -1
1797 1896 1898 1997 -1
1798 1897 1899 1998 -1
1799 1898 1999 -1
1800 1901 2000 -1
1801 1900 1902 2001 -1
1802 1901 1903 2002 -1
1803 1902 1904 2003 -1
1804 1903 1905 2004 -1
1805 1904 1906 2005 -1
1806 1905 1907 2006 -1
1807 1906 1908 2007 -1
1808 1907 1909 2008 -1
1809 1908 1910 2009 -1
1810 1909 1911 2010 -1
1811 1910 1912 2011 -1
1812 1911 1913 2012 -1
1813 1912 1914 2013 -1
1814 1913 1915 2014 -1
1815 1914 1916 2015 -1
1816 1915 1917 2016 -1
1817 1916 1918 2017 -1
1818 1917 1919 2018 -1
1819 1918 1920 2019 -1
1820 1919 1921 2020 -1
1821 1920 1922 2021 -1
1822 1921 1923 2022 -1
1823 1922 1924 2023 -1
1824 1923 1925 2024 -1
1825 1924 1926 2025 -1
1826 1925 1927 2026 -1
1827 1926 1928 2027 -1
1828 1927 1929 2028 -1
1829 1928 1930 2029 -1
1830 1929 1931 2030 -1
1831 1930 1932 2031 -1
1832 1931 1933 2032 -1
1833 1932 1934 2033 -1
1834 1933 1935 2034 -1
1835 1934 1936 2035 -1
1836 1935 1937 2036 -1
1837 1936 1938 2037 -1
1838 1937 1939 2038 -1
1839 1938 1940 2039 -1
1840 1939 1941 2040 -1
1841 1940 1942 2041 -1
1842 1941 1943 2042 -1
1843 1942 1944 2043 -1
1844 1943 1945 2044 -1
1845 1944 1946 2045 -1
1846 1945 1947 2046 -1
1847 1946 1948 2047 -1
1848 1947 1949 2048 -1
1849 1948 1950 2049 -1
1850 1949 1951 2050 -1
1851 1950 1952 2051 -1
1852 1951 1953 2052 -1
1853 1952 1954 2053 -1
1854 1953 1955 2054 -1
1855 1954 1956 2055 -1
1856 1955 1957 2056 -1
1857 1956 1958 2057 -1
1858 1957 1959 2058 -1
1859 1958 1960 2059 -1
1860 1959 1961 2060 -1
1861 1960 1962 2061 -1
1862 1961 1963 2062 -1
1863 1962 1964 2063 -1
1864 1963 1965 2064 -1
1865 1964 1966 2065 -1
1866 1965 1967 2066 -1
1867 1966 1968 2067 -1
1868 1967 1969 2068 -1
1869 1968 1970 2069 -1
1870 1969 1971 2070 -1
1871 1970 1972 2071 -1
1872 1971 1973 2072 -1
1873 1972 1974 2073 -1
1874 1973 1975 2074 -1
1875 1974 1976 2075 -1
1876 1975 1977 2076 -1
1877 1976 1978 2077 -1
1878 1977 1979 2078 -1
1879 1978 1980 2079 -1
1880 1979 1981 2080 -1
1881 1980 1982 2081 -1
1882 1981 1983 2082 -1
1883 1982 1984 2083 -1
1884 1983 1985 2084 -1
1885 1984 1986 2085 -1
1886 1985 1987 2086 -1
1887 1986 1988 2087 -1
1888 1987 1989 2088 -1
1889 1988 1990 2089 -1
1890 1989 1991 2090 -1
1891 1990 1992 2091 -1
1892 1991 1993 2092 -1
1893 1992 1994 2093 -1
1894 1993 1995 2094 -1
1895 1994 1996 2095 -1
1896 1995 1997 2096 -1
1897 1996 1998 2097 -1
1898 1997 1999 2098 -1
1899 1998 2099 -1
1900 2001 2100 -1
1901 2000 2002 2101 -1
1902 2001 2003 2102 -1
1903 2002 2004 2103 -1
1904 2003 2005 2104 -1
1905 2004 2006 2105 -1
1906 2005 2007 2106 -1
1907 2006 2008 2107 -1
1908 2007 2009 2108 -1
1909 2008 2010 2109 -1
1910 2009 2011 2110 -1
1911 2010 2012 2111 -1
1912 2011 2013 2112 -1
1913 2012 2014 2113 -1
1914 2013 2015 2114 -1
1915 2014 2016 2115 -1
1916 2015 2017 2116 -1
1917 2016 2018 2117 -1
1918 2017 2019 2118 -1
1919 2018 2020 2119 -1
1920 2019 2021 2120 -1
1921 2020 2022 2121 -1
1922 2021 2023 2122 -1
1923 2022 2024 2123 -1
1924 2023 2025 2124 -1
1925 2024 2026 2125 -1
1926 2025 2027 2126 -1
1927 2026 2028 2127 -1
1928 2027 2029 2128 -1
1929 2028 2030 2129 -1
1930 2029 2031 2130 -1
1931 2030 2032 2131 -1
1932 2031 2033 2132 -1
1933 2032 2034 2133 -1
1934 2033 2035 2134 -1
1935 2034 2036 2135 -1
1936 2035 2037 2136 -1
1937 2036 2038 2137 -1
1938 2037 2039 2138 -1
1939 2038 2040 2139 -1
1940 2039 2041 2140 -1
1941 2040 2042 2141 -1
1942 2041 2043 2142 -1
1943 2042 2044 2143 -1
1944 2043 2045 2144 -1
1945 2044 2046 2145 -1
1946 2045 2047 2146 -1
1947 2046 2048 2147 -1
1948 2047 2049 2148 -1
1949 2048 2050 2149 -1
1950 2049 2051 2150 -1
1951 2050 2052 2151 -1
1952 2051 2053 2152 -1
1953 2052 2054 2153 -1
1954 2053 2055 2154 -1
1955 2054 2056 2155 -1
1956 2055 2057 2156 -1
1957 2056 2058 2157 -1
1958 2057 2059 2158 -1
1959 2058 2060 2159 -1
1960 2059 2061 2160 -1
1961 2060 2062 2161 -1
1962 2061 2063 2162 -1
1963 2062 2064 2163 -1
1964 2063 2065 2164 -1
1965 2064 2066 2165 -1
1966 2065 2067 2166 -1
1967 2066 2068 2167 -1
1968 2067 2069 2168 -1
1969 2068 2070 2169 -1
1970 2069 2071 2170 -1
1971 2070 2072 2171 -1
1972 2071 2073 2172 -1
1973 2072 2074 2173 -1
1974 2073 2075 2174 -1
1975 2074 2076 2175 -1
1976 2075 2077 2176 -1
1977 2076 2078 2177 -1
1978 2077 2079 2178 -1
1979 2078 2080 2179 -1
1980 2079 2081 2180 -1
1981 2080 2082 2181 -1
1982 2081 2083 2182 -1
1983 2082 2084 2183 -1
1984 2083 2085 2184 -1
1985 2084 2086 2185 -1
1986 2085 2087 2186 -1
1987 2086 2088 2187 -1
1988 2087 2089 2188 -1
1989 2088 2090 2189 -1
1990 2089 2091 2190 -1
1991 2090 2092 2191 -1
1992 2091 2093 2192 -1
1993 2092 2094 2193 -1
1994 2093 2095 2194 -1
1995 2094 2096 2195 -1
1996 2095 2097 2196 -1
1997 2096 2098 2197 -1
1998 2097 2099 2198 -1
1999 2098 2199 -1
2000 2101 2200 -1
2001 2100 2102 2201 -1
2002 2101 2103 2202 -1
2003 2102 2104 2203 -1
2004 2103 2105 2204 -1
2005 2104 2106 2205 -1
2006 2105 2107 2206 -1
2007 2106 2108 2207 -1
2008 2107 2109 2208 -1
2009 2108 2110 2209 -1
2010 2109 2111 2210 -1
2011 2110 2112 2211 -1
2012 2111 2113 2212 -1
2013 2112 2114 2213 -1
2014 2113 2115 2214 -1
2015 2114 2116 2215 -1
2016 2115 2117 2216 -1
2017 2116 2118 2217 -1
2018 2117 2119 2218 -1
2019 2118 2120 2219 -1
2020 2119 2121 2220 -1
2021 2120 2122 2221 -1
2022 2121 2123 2222 -1
2023 2122 2124 2223 -1
2024 2123 2125 2224 -1
2025 2124 2126 2225 -1
2026 2125 2127 2226 -1
2027 2126 2128 2227 -1
2028 2127 2129 2228 -1
2029 2128 2130 2229 -1
2030 2129 2131 2230 -1
2031 2130 2132 2231 -1
2032 2131 2133 2232 -1
2033 2132 2134 2233 -1
2034 2133 2135 2234 -1
2035 2134 2136 2235 -1
2036 2135 2137 2236 -1
2037 2136 2138 2237 -1
2038 2137 2139 2238 -1
2039 2138 2140 2239 -1
2040 2139 2141 2240 -1
2041 2140 2142 2241 -1
2042 2141 2143 2242 -1
2043 2142 2144 2243 -1
2044 2143 2145 2244 -1
2045 2144 2146 2245 -1
2046 2145 2147 2246 -1
2047 2146 2148 2247 -1
2048 2147 2149 2248 -1
2049 2148 2150 2249 -1
2050 2149 2151 2250 -1
2051 2150 2152 2251 -1
2052 2151 2153 2252 -1
2053 2152 2154 2253 -1
2054 2153 2155 2254 -1
2055 2154 2156 2255 -1
2056 2155 2157 2256 -1
2057 2156 2158 2257 -1
2058 2157 2159 2258 -1
2059 2158 2160 2259 -1
2060 2159 2161 2260 -1
2061 2160 2162 2261 -1
2062 2161 2163 2262 -1
2063 2162 2164 2263 -1
2064 2163 2165 2264 -1
2065 2164 2166 2265 -1
2066 2165 2167 2266 -1
2067 2166 2168 2267 -1
2068 2167 2169 2268 -1
2069 2168 2170 2269 -1
2070 2169 2171 2270 -1
2071 2170 2172 2271 -1
2072 2171 2173 2272 -1
2073 2172 2174 2273 -1
2074 2173 2175 2274 -1
2075 2174 2176 2275 -1
2076 2175 2177 2276 -1
2077 2176 2178 2277 -1
2078 2177 2179 2278 -1
2079 2178 2180 2279 -1
2080 2179 2181 2280 -1
2081 2180 2182 2281 -1
2082 2181 2183 2282 -1
2083 2182 2184 2283 -1
2084 2183 2185 2284 -1
2085 2184 2186 2285 -1
2086 2185 2187 2286 -1
2087 2186 2188 2287 -1
2088 2187 2189 2288 -1
2089 2188 2190 2289 -1
2090 2189 2191 2290 -1
2091 2190 2192 2291 -1
2092 2191 2193 2292 -1
2093 2192 2194 2293 -1
2094 2193 2195 2294 -1
2095 2194 2196 2295 -1
2096 2195 2197 2296 -1
2097 2196 2198 2297 -1
2098 2197 2199 2298 -1
2099 2198 2299 -1
2100 2201 2300 -1
2101 2200 2202 2301 -1
2102 2201 2203 2302 -1
2103 2202 2204 2303 -1
2104 2203 2205 2304 -1
2105 2204 2206 2305 -1
2106 2205 2207 2306 -1
2107 2206 2208 2307 -1
2108 2207 2209 2308 -1
2109 2208 2210 2309 -1
2110 2209 2211 2310 -1
2111 2210 2212 2311 -1
2112 2211 2213 2312 -1
2113 2212 2214 2313 -1
2114 2213 2215 2314 -1
2115 2214 2216 2315 -1
2116 2215 2217 2316 -1
2117 2216 2218 2317 -1
2118 2217 2219 2318 -1
2119 2218 2220 2319 -1
2120 2219 2221 2320 -1
2121 2220 2222 2321 -1
2122 2221 2223 2322 -1
2123 2222 2224 2323 -1
2124 2223 2225 2324 -1
2125 2224 2226 2325 -1
2126 2225 2227 2326 -1
2127 2226 2228 2327 -1
2128 2227 2229 2328 -1
2129 2228 2230 2329 -1
2130 2229 2231 2330 -1
2131 2230 2232 2331 -1
2132 2231 2233 2332 -1
2133 2232 2234 2333 -1
2134 2233 2235 2334 -1
2135 2234 2236 2335 -1
2136 2235 2237 2336 -1
2137 2236 2238 2337 -1
2138 2237 2239 2338 -1
2139 2238 2240 2339 -1
2140 2239 2241 2340 -1
2141 2240 2242 2341 -1
2142 2241 2243 2342 -1
2143 2242 2244 2343 -1
2144 2243 2245 2344 -1
2145 2244 2246 2345 -1
2146 2245 2247 2346 -1
2147 2246 2248 2347 -1
2148 2247 2249 2348 -1
2149 2248 2250 2349 -1
2150 2249 2251 2350 -1
2151 2250 2252 2351 -1
2152 2251 2253 2352 -1
2153 2252 2254 2353 -1
2154 2253 2255 2354 -1
2155 2254 2256 2355 -1
2156 2255 2257 2356 -1
2157 2256 2258 2357 -1
2158 2257 2259 2358 -1
2159 2258 2260 2359 -1
2160 2259 2261 2360 -1
2161 2260 2262 2361 -1
2162 2261 2263 2362 -1
2163 2262 2264 2363 -1
2164 2263 2265 2364 -1
2165 2264 2266 2365 -1
2166 2265 2267 2366 -1
2167 2266 2268 2367 -1
2168 2267 2269 2368 -1
2169 2268 2270 2369 -1
2170 2269 2271 2370 -1
2171 2270 2272 2371 -1
2172 2271 2273 2372 -1
2173 2272 2274 2373 -1
2174 2273 2275 2374 -1
2175 2274 2276 2375 -1
2176 2275 2277 2376 -1
2177 2276 2278 2377 -1
2178 2277 2279 2378 -1
2179 2278 2280 2379 -1
2180 2279 2281 2380 -1
2181 2280 2282 2381 -1
2182 2281 2283 2382 -1
2183 2282 2284 2383 -1
2184 2283 2285 2384 -1
2185 2284 2286 2385 -1
2186 2285 2287 2386 -1
2187 2286 2288 2387 -1
2188 2287 2289 2388 -1
2189 2288 2290 2389 -1
2190 2289 2291 2390 -1
2191 2290 2292 2391 -1
2192 2291 2293 2392 -1
2193 2292 2294 2393 -1
2194 2293 2295 2394 -1
2195 2294 2296 2395 -1
2196 2295 2297 2396 -1
2197 2296 2298 2397 -1
2198 2297 2299 2398 -1
2199 2298 2399 -1
2200 2301 2400 -1
2201 2300 2302 2401 -1
2202 2301 2303 2402 -1
2203 2302 2304 2403 -1
2204 2303 2305 2404 -1
2205 2304 2306 2405 -1
2206 2305 2307 2406 -1
2207 2306 2308 2407 -1
2208 2307 2309 2408 -1
2209 2308 2310 2409 -1
2210 2309 2311 2410 -1
2211 2310 2312 2411 -1
2212 2311 2313 2412 -1
2213 2312 2314 2413 -1
2214 2313 2315 2414 -1
2215 2314 2316 2415 -1
2216 2315 2317 2416 -1
2217 2316 2318 2417 -1
2218 2317 2319 2418 -1
2219 2318 2320 2419 -1
2220 2319 2321 2420 -1
2221 2320 2322 2421 -1
2222 2321 2323 2422 -1
2223 2322 2324 2423 -1
2224 2323 2325 2424 -1
2225 2324 2326 2425 -1
2226 2325 2327 2426 -1
2227 2326 2328 2427 -1
2228 2327 2329 2428 -1
2229 2328 2330 2429 -1
2230 2329 2331 2430 -1
2231 2330 2332 2431 -1
2232 2331 2333 2432 -1
2233 2332 2334 2433 -1
2234 2333 2335 2434 -1
2235 2334 2336 2435 -1
2236 2335 2337 2436 -1
2237 2336 2338 2437 -1
2238 2337 2339 2438 -1
2239 2338 2340 2439 -1
2240 2339 2341 2440 -1
2241 2340 2342 2441 -1
2242 2341 2343 2442 -1
2243 2342 2344 2443 -1
2244 2343 2345 2444 -1
2245 2344 2346 2445 -1
2246 2345 2347 2446 -1
2247 2346 2348 2447 -1
2248 2347 2349 2448 -1
2249 2348 2350 2449 -1
2250 2349 2351 2450 -1
2251 2350 2352 2451 -1
2252 2351 2353 2452 -1
2253 2352 2354 2453 -1
2254 2353 2355 2454 -1
2255 2354 2356 2455 -1
2256 2355 2357 2456 -1
2257 2356 2358 2457 -1
2258 2357 2359 2458 -1
2259 2358 2360 2459 -1
2260 2359 2361 2460 -1
2261 2360 2362 2461 -1
2262 2361 2363 2462 -1
2263 2362 2364 2463 -1
2264 2363 2365 2464 -1
2265 2364 2366 2465 -1
2266 2365 2367 2466 -1
2267 2366 2368 2467 -1
2268 2367 2369 2468 -1
2269 2368 2370 2469 -1
2270 2369 2371 2470 -1
2271 2370 2372 2471 -1
2272 2371 2373 2472 -1
2273 2372 2374 2473 -1
2274 2373 2375 2474 -1
2275 2374 2376 2475 -1
2276 2375 2377 2476 -1
2277 2376 2378 2477 -1
2278 2377 2379 2478 -1
2279 2378 2380 2479 -1
2280 2379 2381 2480 -1
2281 2380 2382 2481 -1
2282 2381 2383 2482 -1
2283 2382 2384 2483 -1
2284 2383 2385 2484 -1
2285 2384 2386 2485 -1
2286 2385 2387 2486 -1
2287 2386 2388 2487 -1
2288 2387 2389 2488 -1
2289 2388 2390 2489 -1
2290 2389 2391 2490 -1
2291 2390 2392 2491 -1
2292 2391 2393 2492 -1
2293 2392 2394 2493 -1
2294 2393 2395 2494 -1
2295 2394 2396 2495 -1
2296 2395 2397 2496 -1
2297 2396 2398 2497 -1
2298 2397 2399 2498 -1
2299 2398 2499 -1
2300 2401 2500 -1
2301 2400 2402 2501 -1
2302 2401 2403 2502 -1
2303 2402 2404 2503 -1
2304 2403 2405 2504 -1
2305 2404 2406 2505 -1
2306 2405 2407 2506 -1
2307 2406 2408 2507 -1
2308 2407 2409 2508 -1
2309 2408 2410 2509 -1
2310 2409 2411 2510 -1
2311 2410 2412 2511 -1
2312 2411 2413 2512 -1
2313 2412 2414 2513 -1
2314 2413 2415 2514 -1
2315 2414 2416 2515 -1
2316 2415 2417 2516 -1
2317 2416 2418 2517 -1
2318 2417 2419 2518 -1
2319 2418 2420 2519 -1
2320 2419 2421 2520 -1
2321 2420 2422 2521 -1
2322 2421 2423 2522 -1
2323 2422 2424 2523 -1
2324 2423 2425 2524 -1
2325 2424 2426 2525 -1
2326 2425 2427 2526 -1
2327 2426 2428 2527 -1
2328 2427 2429 2528 -1
2329 2428 2430 2529 -1
2330 2429 2431 2530 -1
2331 2430 2432 2531 -1
2332 2431 2433 2532 -1
2333 2432 2434 2533 -1
2334 2433 2435 2534 -1
2335 2434 2436 2535 -1
2336 2435 2437 2536 -1
2337 2436 2438 2537 -1
2338 2437 2439 2538 -1
2339 2438 2440 2539 -1
2340 2439 2441 2540 -1
2341 2440 2442 2541 -1
2342 2441 2443 2542 -1
2343 2442 2444 2543 -1
2344 2443 2445 2544 -1
2345 2444 2446 2545 -1
2346 2445 2447 2546 -1
2347 2446 2448 2547 -1
2348 2447 2449 2548 -1
2349 2448 2450 2549 -1
2350 2449 2451 2550 -1
2351 2450 2452 2551 -1
2352 2451 2453 2552 -1
2353 2452 2454 2553 -1
2354 2453 2455 2554 -1
2355 2454 2456 2555 -1
2356 2455 2457 2556 -1
2357 2456 2458 2557 -1
2358 2457 2459 2558 -1
2359 2458 2460 2559 -1
2360 2459 2461 2560 -1
2361 2460 2462 2561 -1
2362 2461 2463 2562 -1
2363 2462 2464 2563 -1
2364 2463 2465 2564 -1
2365 2464 2466 2565 -1
2366 2465 2467 2566 -1
2367 2466 2468 2567 -1
2368 2467 2469 2568 -1
2369 2468 2470 2569 -1
2370 2469 2471 2570 -1
2371 2470 2472 2571 -1
2372 2471 2473 2572 -1
2373 2472 2474 2573 -1
2374 2473 2475 2574 -1
2375 2474 2476 2575 -1
2376 2475 2477 2576 -1
2377 2476 2478 2577 -1
2378 2477 2479 2578 -1
2379 2478 2480 2579 -1
2380 2479 2481 2580 -1
2381 2480 2482 2581 -1
2382 2481 2483 2582 -1
2383 2482 2484 2583 -1
2384 2483 2485 2584 -1
2385 2484 2486 2585 -1
2386 2485 2487 2586 -1
2387 2486 2488 2587 -1
2388 2487 2489 2588 -1
2389 2488 2490 2589 -1
2390 2489 2491 2590 -1
2391 2490 2492 2591 -1
2392 2491 2493 2592 -1
2393 2492 2494 2593 -1
2394 2493 2495 2594 -1
2395 2494 2496 2595 -1
2396 2495 2497 2596 -1
2397 2496 2498 2597 -1
2398 2497 2499 2598 -1
2399 2498 2599 -1
2400 2501 2600 -1
2401 2500 2502 2601 -1
2402 2501 2503 2602 -1
2403 2502 2504 2603 -1
2404 2503 2505 2604 -1
2405 2504 2506 2605 -1
2406 2505 2507 2606 -1
2407 2506 2508 2607 -1
2408 2507 2509 2608 -1
2409 2508 2510 2609 -1
2410 2509 2511 2610 -1
2411 2510 2512 2611 -1
2412 2511 2513 2612 -1
2413 2512 2514 2613 -1
2414 2513 2515 2614 -1
2415 2514 2516 2615 -1
2416 2515 2517 2616 -1
2417 2516 2518 2617 -1
2418 2517 2519 2618 -1
2419 2518 2520 2619 -1
2420 2519 2521 2620 -1
2421 2520 2522 2621 -1
2422 2521 2523 2622 -1
2423 2522 2524 2623 -1
2424 2523 2525 2624 -1
2425 2524 2526 2625 -1
2426 2525 2527 2626 -1
2427 2526 2528 2627 -1
2428 2527 2529 2628 -1
2429 2528 2530 2629 -1
2430 2529 2531 2630 -1
2431 2530 2532 2631 -1
2432 2531 2533 2632 -1
2433 2532 2534 2633 -1
2434 2533 2535 2634 -1
2435 2534 2536 2635 -1
2436 2535 2537 2636 -1
2437 2536 2538 2637 -1
2438 2537 2539 2638 -1
2439 2538 2540 2639 -1
2440 2539 2541 2640 -1
2441 2540 2542 2641 -1
2442 2541 2543 2642 -1
2443 2542 2544 2643 -1
2444 2543 2545 2644 -1
2445 2544 2546 2645 -1
2446 2545 2547 2646 -1
2447 2546 2548 2647 -1
2448 2547 2549 2648 -1
2449 2548 2550 2649 -1
2450 2549 2551 2650 -1
2451 2550 2552 2651 -1
2452 2551 2553 2652 -1
2453 2552 2554 2653 -1
2454 2553 2555 2654 -1
2455 2554 2556 2655 -1
2456 2555 2557 2656 -1
2457 2556 2558 2657 -1
2458 2557 2559 2658 -1
2459 2558 2560 2659 -1
2460 2559 2561 2660 -1
2461 2560 2562 2661 -1
2462 2561 2563 2662 -1
2463 2562 2564 2663 -1
2464 2563 2565 2664 -1
2465 2564 2566 2665 -1
2466 2565 2567 2666 -1
2467 2566 2568 2667 -1
2468 2567 2569 2668 -1
2469 2568 2570 2669 -1
2470 2569 2571 2670 -1
2471 2570 2572 2671 -1
2472 2571 2573 2672 -1
2473 2572 2574 2673 -1
2474 2573 2575 2674 -1
2475 2574 2576 2675 -1
2476 2575 2577 2676 -1
2477 2576 2578 2677 -1
2478 2577 2579 2678 -1
2479 2578 2580 2679 -1
2480 2579 2581 2680 -1
2481 2580 2582 2681 -1
2482 2581 2583 2682 -1
2483 2582 2584 2683 -1
2484 2583 2585 2684 -1
2485 2584 2586 2685 -1
2486 2585 2587 2686 -1
2487 2586 2588 2687 -1
2488 2587 2589 2688 -1
2489 2588 2590 2689 -1
2490 2589 2591 2690 -1
2491 2590 2592 2691 -1
2492 2591 2593 2692 -1
2493 2592 2594 2693 -1
2494 2593 2595 2694 -1
2495 2594 2596 2695 -1
2496 2595 2597 2696 -1
2497 2596 2598 2697 -1
2498 2597 2599 2698 -1
2499 2598 2699 -1
2500 2601 2700 -1
2501 2600 2602 2701 -1
2502 2601 2603 2702 -1
2503 2602 2604 2703 -1
2504 2603 2605 2704 -1
2505 2604 2606 2705 -1
2506 2605 2607 2706 -1
2507 2606 2608 2707 -1
2508 2607 2609 2708 -1
2509 2608 2610 2709 -1
2510 2609 2611 2710 -1
2511 2610 2612 2711 -1
2512 2611 2613 2712 -1
2513 2612 2614 2713 -1
2514 2613 2615 2714 -1
2515 2614 2616 2715 -1
2516 2615 2617 2716 -1
2517 2616 2618 2717 -1
2518 2617 2619 2718 -1
2519 2618 2620 2719 -1
2520 2619 2621 2720 -1
2521 2620 2622 2721 -1
2522 2621 2623 2722 -1
2523 2622 2624 2723 -1
2524 2623 2625 2724 -1
2525 2624 2626 2725 -1
2526 2625 2627 2726 -1
2527 2626 2628 2727 -1
2528 2627 2629 2728 -1
2529 2628 2630 2729 -1
2530 2629 2631 2730 -1
2531 2630 2632 2731 -1
2532 2631 2633 2732 -1
2533 2632 2634 2733 -1
2534 2633 2635 2734 -1
2535 2634 2636 2735 -1
2536 2635 2637 2736 -1
2537 2636 2638 2737 -1
2538 2637 2639 2738 -1
2539 2638 2640 2739 -1
2540 2639 2641 2740 -1
2541 2640 2642 2741 -1
2542 2641 2643 2742 -1
2543 2642 2644 2743 -1
2544 2643 2645 2744 -1
2545 2644 2646 2745 -1
2546 2645 2647 2746 -1
2547 2646 2648 2747 -1
2548 2647 2649 2748 -1
2549 2648 2650 2749 -1
2550 2649 2651 2750 -1
2551 2650 2652 2751 -1
2552 2651 2653 2752 -1
2553 2652 2654 2753 -1
2554 2653 2655 2754 -1
2555 2654 2656 2755 -1
2556 2655 2657 2756 -1
2557 2656 2658 2757 -1
2558 2657 2659 2758 -1
2559 2658 2660 2759 -1
2560 2659 2661 2760 -1
2561 2660 2662 2761 -1
2562 2661 2663 2762 -1
2563 2662 2664 2763 -1
2564 2663 2665 2764 -1
2565 2664 2666 2765 -1
2566 2665 2667 2766 -1
2567 2666 2668 2767 -1
2568 2667 2669 2768 -1
2569 2668 2670 2769 -1
2570 2669 2671 2770 -1
2571 2670 2672 2771 -1
2572 2671 2673 2772 -1
2573 2672 2674 2773 -1
2574 2673 2675 2774 -1
2575 2674 2676 2775 -1
2576 2675 2677 2776 -1
2577 2676 2678 2777 -1
2578 2677 2679 2778 -1
2579 2678 2680 2779 -1
2580 2679 2681 2780 -1
2581 2680 2682 2781 -1
2582 2681 2683 2782 -1
2583 2682 2684 2783 -1
2584 2683 2685 2784 -1
2585 2684 2686 2785 -1
2586 2685 2687 2786 -1
2587 2686 2688 2787 -1
2588 2687 2689 2788 -1
2589 2688 2690 2789 -1
2590 2689 2691 2790 -1
2591 2690 2692 2791 -1
2592 2691 2693 2792 -1
2593 2692 2694 2793 -1
2594 2693 2695 2794 -1
2595 2694 2696 2795 -1
2596 2695 2697 2796 -1
2597 2696 2698 2797 -1
2598 2697 2699 2798 -1
2599 2698 2799 -1
2600 2701 2800 -1
2601 2700 2702 2801 -1
2602 2701 2703 2802 -1
2603 2702 2704 2803 -1
2604 2703 2705 2804 -1
2605 2704 2706 2805 -1
2606 2705 2707 2806 -1
2607 2706 2708 2807 -1
2608 2707 2709 2808 -1
2609 2708 2710 2809 -1
2610 2709 2711 2810 -1
2611 2710 2712 2811 -1
2612 2711 2713 2812 -1
2613 2712 2714 2813 -1
2614 2713 2715 2814 -1
2615 2714 2716 2815 -1
2616 2715 2717 2816 -1
2617 2716 2718 2817 -1
2618 2717 2719 2818 -1
2619 2718 2720 2819 -1
2620 2719 2721 2820 -1
2621 2720 2722 2821 -1
2622 2721 2723 2822 -1
2623 2722 2724 2823 -1
2624 2723 2725 2824 -1
2625 2724 2726 2825 -1
2626 2725 2727 2826 -1
2627 2726 2728 2827 -1
2628 2727 2729 2828 -1
2629 2728 2730 2829 -1
2630 2729 2731 2830 -1
2631 2730 2732 2831 -1
2632 2731 2733 2832 -1
2633 2732 2734 2833 -1
2634 2733 2735 2834 -1
2635 2734 2736 2835 -1
2636 2735 2737 2836 -1
2637 2736 2738 2837 -1
2638 2737 2739 2838 -1
2639 2738 2740 2839 -1
2640 2739 2741 2840 -1
2641 2740 2742 2841 -1
2642 2741 2743 2842 -1
2643 2742 2744 2843 -1
2644 2743 2745 2844 -1
2645 2744 2746 2845 -1
2646 2745 2747 2846 -1
2647 2746 2748 2847 -1
2648 2747 2749 2848 -1
2649 2748 2750 2849 -1
2650 2749 2751 2850 -1
2651 2750 2752 2851 -1
2652 2751 2753 2852 -1
2653 2752 2754 2853 -1
2654 2753 2755 2854 -1
2655 2754 2756 2855 -1
2656 2755 2757 2856 -1
2657 2756 2758 2857 -1
2658 2757 2759 2858 -1
2659 2758 2760 2859 -1
2660 2759 2761 2860 -1
2661 2760 2762 2861 -1
2662 2761 2763 2862 -1
2663 2762 2764 2863 -1
2664 2763 2765 2864 -1
2665 2764 2766 2865 -1
2666 2765 2767 2866 -1
2667 2766 2768 2867 -1
2668 2767 2769 2868 -1
2669 2768 2770 2869 -1
2670 2769 2771 2870 -1
2671 2770 2772 2871 -1
2672 2771 2773 2872 -1
2673 2772 2774 2873 -1
2674 2773 2775 2874 -1
2675 2774 2776 2875 -1
2676 2775 2777 2876 -1
2677 2776 2778 2877 -1
2678 2777 2779 2878 -1
2679 2778 2780 2879 -1
2680 2779 2781 2880 -1
2681 2780 2782 2881 -1
2682 2781 2783 2882 -1
2683 2782 2784 2883 -1
2684 2783 2785 2884 -1
2685 2784 2786 2885 -1
2686 2785 2787 2886 -1
2687 2786 2788 2887 -1
2688 2787 2789 2888 -1
2689 2788 2790 2889 -1
2690 2789 2791 2890 -1
2691 2790 2792 2891 -1
2692 2791 2793 2892 -1
2693 2792 2794 2893 -1
2694 2793 2795 2894 -1
2695 2794 2796 2895 -1
2696 2795 2797 2896 -1
2697 2796 2798 2897 -1
2698 2797 2799 2898 -1
2699 2798 2899 -1
2700 2801 2900 -1
2701 2800 2802 2901 -1
2702 2801 2803 2902 -1
2703 2802 2804 2903 -1
2704 2803 2805 2904 -1
2705 2804 2806 2905 -1
2706 2805 2807 2906 -1
2707 2806 2808 2907 -1
2708 2807 2809 2908 -1
2709 2808 2810 2909 -1
2710 2809 2811 2910 -1
2711 2810 2812 2911 -1
2712 2811 2813 2912 -1
2713 2812 2814 2913 -1
2714 2813 2815 2914 -1
2715 2814 2816 2915 -1
2716 2815 2817 2916 -1
2717 2816 2818 2917 -1
2718 2817 2819 2918 -1
2719 2818 2820 2919 -1
2720 2819 2821 2920 -1
2721 2820 2822 2921 -1
2722 2821 2823 2922 -1
2723 2822 2824 2923 -1
2724 2823 2825 2924 -1
2725 2824 2826 2925 -1
2726 2825 2827 2926 -1
2727 2826 2828 2927 -1
2728 2827 2829 2928 -1
2729 2828 2830 2929 -1
2730 2829 2831 2930 -1
2731 2830 2832 2931 -1
2732 2831 2833 2932 -1
2733 2832 2834 2933 -1
2734 2833 2835 2934 -1
2735 2834 2836 2935 -1
2736 2835 2837 2936 -1
2737 2836 2838 2937 -1
2738 2837 2839 2938 -1
2739 2838 2840 2939 -1
2740 2839 2841 2940 -1
2741 2840 2842 2941 -1
2742 2841 2843 2942 -1
2743 2842 2844 2943 -1
2744 2843 2845 2944 -1
2745 2844 2846 2945 -1
2746 2845 2847 2946 -1
2747 2846 2848 2947 -1
2748 2847 2849 2948 -1
2749 2848 2850 2949 -1
2750 2849 2851 2950 -1
2751 2850 2852 2951 -1
2752 2851 2853 2952 -1
2753 2852 2854 2953 -1
2754 2853 2855 2954 -1
2755 2854 2856 2955 -1
2756 2855 2857 2956 -1
2757 2856 2858 2957 -1
2758 2857 2859 2958 -1
2759 2858 2860 2959 -1
2760 2859 2861 2960 -1
2761 2860 2862 2961 -1
2762 2861 2863 2962 -1
2763 2862 2864 2963 -1
2764 2863 2865 2964 -1
2765 2864 2866 2965 -1
2766 2865 2867 2966 -1
2767 2866 2868 2967 -1
2768 2867 2869 2968 -1
2769 2868 2870 2969 -1
2770 2869 2871 2970 -1
2771 2870 2872 2971 -1
2772 2871 2873 2972 -1
2773 2872 2874 2973 -1
2774 2873 2875 2974 -1
2775 2874 2876 2975 -1
2776 2875 2877 2976 -1
2777 2876 2878 2977 -1
2778 2877 2879 2978 -1
2779 2878 2880 2979 -1
2780 2879 2881 2980 -1
2781 2880 2882 2981 -1
2782 2881 2883 2982 -1
2783 2882 2884 2983 -1
2784 2883 2885 2984 -1
2785 2884 2886 2985 -1
2786 2885 2887 2986 -1
2787 2886 2888 2987 -1
2788 2887 2889 2988 -1
2789 2888 2890 2989 -1
2790 2889 2891 2990 -1
2791 2890 2892 2991 -1
2792 2891 2893 2992 -1
2793 2892 2894 2993 -1
2794 2893 2895 2994 -1
2795 2894 2896 2995 -1
2796 2895 2897 2996 -1
2797 2896 2898 2997 -1
2798 2897 2899 2998 -1
2799 2898 2999 -1
2800 2901 3000 -1
2801 2900 2902 3001 -1
2802 2901 2903 3002 -1
2803 2902 2904 3003 -1
2804 2903 2905 3004 -1
2805 2904 2906 3005 -1
2806 2905 2907 3006 -1
2807 2906 2908 3007 -1
2808 2907 2909 3008 -1
2809 2908 2910 3009 -1
2810 2909 2911 3010 -1
2811 2910 2912 3011 -1
2812 2911 2913 3012 -1
2813 2912 2914 3013 -1
2814 2913 2915 3014 -1
2815 2914 2916 3015 -1
2816 2915 2917 3016 -1
2817 2916 2918 3017 -1
2818 2917 2919 3018 -1
2819 2918 2920 3019 -1
2820 2919 2921 3020 -1
2821 2920 2922 3021 -1
2822 2921 2923 3022 -1
2823 2922 2924 3023 -1
2824 2923 2925 3024 -1
2825 2924 2926 3025 -1
2826 2925 2927 3026 -1
2827 2926 2928 3027 -1
2828 2927 2929 3028 -1
2829 2928 2930 3029 -1
2830 2929 2931 3030 -1
2831 2930 2932 3031 -1
2832 2931 2933 3032 -1
2833 2932 2934 3033 -1
2834 2933 2935 3034 -1
2835 2934 2936 3035 -1
2836 2935 2937 3036 -1
2837 2936 2938 3037 -1
2838 2937 2939 3038 -1
2839 2938 2940 3039 -1
2840 2939 2941 3040 -1
2841 2940 2942 3041 -1
2842 2941 2943 3042 -1
2843 2942 2944 3043 -1
2844 2943 2945 3044 -1
2845 2944 2946 3045 -1
2846 2945 2947 3046 -1
2847 2946 2948 3047 -1
2848 2947 2949 3048 -1
2849 2948 2950 3049 -1
2850 2949 2951 3050 -1
2851 2950 2952 3051 -1
2852 2951 2953 3052 -1
2853 2952 2954 3053 -1
2854 2953 2955 3054 -1
2855 2954 2956 3055 -1
2856 2955 2957 3056 -1
2857 2956 2958 3057 -1
2858 2957 2959 3058 -1
2859 2958 2960 3059 -1
2860 2959 2961 3060 -1
2861 2960 2962 3061 -1
2862 2961 2963 3062 -1
2863 2962 2964 3063 -1
2864 2963 2965 3064 -1
2865 2964 2966 3065 -1
2866 2965 2967 3066 -1
2867 2966 2968 3067 -1
2868 2967 2969 3068 -1
2869 2968 2970 3069 -1
2870 2969 2971 3070 -1
2871 2970 2972 3071 -1
2872 2971 2973 3072 -1
2873 2972 2974 3073 -1
2874 2973 2975 3074 -1
2875 2974 2976 3075 -1
2876 2975 2977 3076 -1
2877 2976 2978 3077 -1
2878 2977 2979 3078 -1
2879 2978 2980 3079 -1
2880 2979 2981 3080 -1
2881 2980 2982 3081 -1
2882 2981 2983 3082 -1
2883 2982 2984 3083 -1
2884 2983 2985 3084 -1
2885 2984 2986 3085 -1
2886 2985 2987 3086 -1
2887 2986 2988 3087 -1
2888 2987 2989 3088 -1
2889 2988 2990 3089 -1
2890 2989 2991 3090 -1
2891 2990 2992 3091 -1
2892 2991 2993 3092 -1
2893 2992 2994 3093 -1
2894 2993 2995 3094 -1
2895 2994 2996 3095 -1
2896 2995 2997 3096 -1
2897 2996 2998 3097 -1
2898 2997 2999 3098 -1
2899 2998 3099 -1
2900 3001 3100 -1
2901 3000 3002 3101 -1
2902 3001 3003 3102 -1
2903 3002 3004 3103 -1
2904 3003 3005 3104 -1
2905 3004 3006 3105 -1
2906 3005 3007 3106 -1
2907 3006 3008 3107 -1
2908 3007 3009 3108 -1
2909 3008 3010 3109 -1
2910 3009 3011 3110 -1
2911 3010 3012 3111 -1
2912 3011 3013 3112 -1
2913 3012 3014 3113 -1
2914 3013 3015 3114 -1
2915 3014 3016 3115 -1
2916 3015 3017 3116 -1
2917 3016 3018 3117 -1
2918 3017 3019 3118 -1
2919 3018 3020 3119 -1
2920 3019 3021 3120 -1
2921 3020 3022 3121 -1
2922 3021 3023 3122 -1
2923 3022 3024 3123 -1
2924 3023 3025 3124 -1
2925 3024 3026 3125 -1
2926 3025 3027 3126 -1
2927 3026 3028 3127 -1
2928 3027 3029 3128 -1
2929 3028 3030 3129 -1
2930 3029 3031 3130 -1
2931 3030 3032 3131 -1
2932 3031 3033 3132 -1
2933 3032 3034 3133 -1
2934 3033 3035 3134 -1
2935 3034 3036 3135 -1
2936 3035 3037 3136 -1
2937 3036 3038 3137 -1
2938 3037 3039 3138 -1
2939 3038 3040 3139 -1
2940 3039 3041 3140 -1
2941 3040 3042 3141 -1
2942 3041 3043 3142 -1
2943 3042 3044 3143 -1
2944 3043 3045 3144 -1
2945 3044 3046 3145 -1
2946 3045 3047 3146 -1
2947 3046 3048 3147 -1
2948 3047 3049 3148 -1
2949 3048 3050 3149 -1
2950 3049 3051 3150 -1
2951 3050 3052 3151 -1
2952 3051 3053 3152 -1
2953 3052 3054 3153 -1
2954 3053 3055 3154 -1
2955 3054 3056 3155 -1
2956 3055 3057 3156 -1
2957 3056 3058 3157 -1
2958 3057 3059 3158 -1
2959 3058 3060 3159 -1
2960 3059 3061 3160 -1
2961 3060 3062 3161 -1
2962 3061 3063 3162 -1
2963 3062 3064 3163 -1
2964 3063 3065 3164 -1
2965 3064 3066 3165 -1
2966 3065 3067 3166 -1
2967 3066 3068 3167 -1
2968 3067 3069 3168 -1
2969 3068 3070 3169 -1
2970 3069 3071 3170 -1
2971 3070 3072 3171 -1
2972 3071 3073 3172 -1
2973 3072 3074 3173 -1
2974 3073 3075 3174 -1
2975 3074 3076 3175 -1
2976 3075 3077 3176 -1
2977 3076 3078 3177 -1
2978 3077 3079 3178 -1
2979 3078 3080 3179 -1
2980 3079 3081 3180 -1
2981 3080 3082 3181 -1
2982 3081 3083 3182 -1
2983 3082 3084 3183 -1
2984 3083 3085 3184 -1
2985 3084 3086 3185 -1
2986 3085 3087 3186 -1
2987 3086 3088 3187 -1
2988 3087 3089 3188 -1
2989 3088 3090 3189 -1
2990 3089 3091 3190 -1
2991 3090 3092 3191 -1
2992 3091 3093 3192 -1
2993 3092 3094 3193 -1
2994 3093 3095 3194 -1
2995 3094 3096 3195 -1
2996 3095 3097 3196 -1
2997 3096 3098 3197 -1
2998 3097 3099 3198 -1
2999 3098 3199 -1
3000 3101 3200 -1
3001 3100 3102 3201 -1
3002 3101 3103 3202 -1
3003 3102 3104 3203 -1
3004 3103 3105 3204 -1
3005 3104 3106 3205 -1
3006 3105 3107 3206 -1
3007 3106 3108 3207 -1
3008 3107 3109 3208 -1
3009 3108 3110 3209 -1
3010 3109 3111 3210 -1
3011 3110 3112 3211 -1
3012 3111 3113 3212 -1
3013 3112 3114 3213 -1
3014 3113 3115 3214 -1
3015 3114 3116 3215 -1
3016 3115 3117 3216 -1
3017 3116 3118 3217 -1
3018 3117 3119 3218 -1
3019 3118 3120 3219 -1
3020 3119 3121 3220 -1
3021 3120 3122 3221 -1
3022 3121 3123 3222 -1
3023 3122 3124 3223 -1
3024 3123 3125 3224 -1
3025 3124 3126 3225 -1
3026 3125 3127 3226 -1
3027 3126 3128 3227 -1
3028 3127 3129 3228 -1
3029 3128 3130 3229 -1
3030 3129 3131 3230 -1
3031 3130 3132 3231 -1
3032 3131 3133 3232 -1
3033 3132 3134 3233 -1
3034 3133 3135 3234 -1
3035 3134 3136 3235 -1
3036 3135 3137 3236 -1
3037 3136 3138 3237 -1
3038 3137 3139 3238 -1
3039 3138 3140 3239 -1
3040 3139 3141 3240 -1
3041 3140 3142 3241 -1
3042 3141 3143 3242 -1
3043 3142 3144 3243 -1
3044 3143 3145 3244 -1
3045 3144 3146 3245 -1
3046 3145 3147 3246 -1
3047 3146 3148 3247 -1
3048 3147 3149 3248 -1
3049 3148 3150 3249 -1
3050 3149 3151 3250 -1
3051 3150 3152 3251 -1
3052 3151 3153 3252 -1
3053 3152 3154 3253 -1
3054 3153 3155 3254 -1
3055 3154 3156 3255 -1
3056 3155 3157 3256 -1
3057 3156 3158 3257 -1
3058 3157 3159 3258 -1
3059 3158 3160 3259 -1
3060 3159 3161 3260 -1
3061 3160 3162 3261 -1
3062 3161 3163 3262 -1
3063 3162 3164 3263 -1
3064 3163 3165 3264 -1
3065 3164 3166 3265 -1
3066 3165 3167 3266 -1
3067 3166 3168 3267 -1
3068 3167 3169 3268 -1
3069 3168 3170 3269 -1
3070 3169 3171 3270 -1
3071 3170 3172 3271 -1
3072 3171 3173 3272 -1
3073 3172 3174 3273 -1
3074 3173 3175 3274 -1
3075 3174 3176 3275 -1
3076 3175 3177 3276 -1
3077 3176 3178 3277 -1
3078 3177 3179 3278 -1
3079 3178 3180 3279 -1
3080 3179 3181 3280 -1
3081 3180 3182 3281 -1
3082 3181 3183 3282 -1
3083 3182 3184 3283 -1
3084 3183 3185 3284 -1
3085 3184 3186 3285 -1
3086 3185 3187 3286 -1
3087 3186 3188 3287 -1
3088 3187 3189 3288 -1
3089 3188 3190 3289 -1
3090 3189 3191 3290 -1
3091 3190 3192 3291 -1
3092 3191 3193 3292 -1
3093 3192 3194 3293 -1
3094 3193 3195 3294 -1
3095 3194 3196 3295 -1
3096 3195 3197 3296 -1
3097 3196 3198 3297 -1
3098 3197 3199 3298 -1
3099 3198 3299 -1
3100 3201 3300 -1
3101 3200 3202 3301 -1
3102 3201 3203 3302 -1
3103 3202 3204 3303 -1
3104 3203 3205 3304 -1
3105 3204 3206 3305 -1
3106 3205 3207 3306 -1
3107 3206 3208 3307 -1
3108 3207 3209 3308 -1
3109 3208 3210 3309 -1
3110 3209 3211 3310 -1
3111 3210 3212 3311 -1
3112 3211 3213 3312 -1
3113 3212 3214 3313 -1
3114 3213 3215 3314 -1
3115 3214 3216 3315 -1
3116 3215 3217 3316 -1
3117 3216 3218 3317 -1
3118 3217 3219 3318 -1
3119 3218 3220 3319 -1
3120 3219 3221 3320 -1
3121 3220 3222 3321 -1
3122 3221 3223 3322 -1
3123 3222 3224 3323 -1
3124 3223 3225 3324 -1
3125 3224 3226 3325 -1
3126 3225 3227 3326 -1
3127 3226 3228 3327 -1
3128 3227 3229 3328 -1
3129 3228 3230 3329 -1
3130 3229 3231 3330 -1
3131 3230 3232 3331 -1
3132 3231 3233 3332 -1
3133 3232 3234 3333 -1
3134 3233 3235 3334 -1
3135 3234 3236 3335 -1
3136 3235 3237 3336 -1
3137 3236 3238 3337 -1
3138 3237 3239 3338 -1
3139 3238 3240 3339 -1
3140 3239 3241 3340 -1
3141 3240 3242 3341 -1
3142 3241 3243 3342 -1
3143 3242 3244 3343 -1
3144 3243 3245 3344 -1
3145 3244 3246 3345 -1
3146 3245 3247 3346 -1
3147 3246 3248 3347 -1
3148 3247 3249 3348 -1
3149 3248 3250 3349 -1
3150 3249 3251 3350 -1
3151 3250 3252 3351 -1
3152 3251 3253 3352 -1
3153 3252 3254 3353 -1
3154 3253 3255 3354 -1
3155 3254 3256 3355 -1
3156 3255 3257 3356 -1
3157 3256 3258 3357 -1
3158 3257 3259 3358 -1
3159 3258 3260 3359 -1
3160 3259 3261 3360 -1
3161 3260 3262 3361 -1
3162 3261 3263 3362 -1
3163 3262 3264 3363 -1
3164 3263 3265 3364 -1
3165 3264 3266 3365 -1
3166 3265 3267 3366 -1
3167 3266 3268 3367 -1
3168 3267 3269 3368 -1
3169 3268 3270 3369 -1
3170 3269 3271 3370 -1
3171 3270 3272 3371 -1
3172 3271 3273 3372 -1
3173 3272 3274 3373 -1
3174 3273 3275 3374 -1
3175 3274 3276 3375 -1
3176 3275 3277 3376 -1
3177 3276 3278 3377 -1
3178 3277 3279 3378 -1
3179 3278 3280 3379 -1
3180 3279 3281 3380 -1
3181 3280 3282 3381 -1
3182 3281 3283 3382 -1
3183 3282 3284 3383 -1
3184 3283 3285 3384 -1
3185 3284 3286 3385 -1
3186 3285 3287 3386 -1
3187 3286 3288 3387 -1
3188 3287 3289 3388 -1
3189 3288 3290 3389 -1
3190 3289 3291 3390 -1
3191 3290 3292 3391 -1
3192 3291 3293 3392 -1
3193 3292 3294 3393 -1
3194 3293 3295 3394 -1
3195 3294 3296 3395 -1
3196 3295 3297 3396 -1
3197 3296 3298 3397 -1
3198 3297 3299 3398 -1
3199 3298 3399 -1
3200 3301 3400 -1
3201 3300 3302 3401 -1
3202 3301 3303 3402 -1
3203 3302 3304 3403 -1
3204 3303 3305 3404 -1
3205 3304 3306 3405 -1
3206 3305 3307 3406 -1
3207 3306 3308 3407 -1
3208 3307 3309 3408 -1
3209 3308 3310 3409 -1
3210 3309 3311 3410 -1
3211 3310 3312 3411 -1
3212 3311 3313 3412 -1
3213 3312 3314 3413 -1
3214 3313 3315 3414 -1
3215 3314 3316 3415 -1
3216 3315 3317 3416 -1
3217 3316 3318 3417 -1
3218 3317 3319 3418 -1
3219 3318 3320 3419 -1
3220 3319 3321 3420 -1
3221 3320 3322 3421 -1
3222 3321 3323 3422 -1
3223 3322 3324 3423 -1
3224 3323 3325 3424 -1
3225 3324 3326 3425 -1
3226 3325 3327 3426 -1
3227 3326 3328 3427 -1
3228 3327 3329 3428 -1
3229 3328 3330 3429 -1
3230 3329 3331 3430 -1
3231 3330 3332 3431 -1
3232 3331 3333 3432 -1
3233 3332 3334 3433 -1
3234 3333 3335 3434 -1
3235 3334 3336 3435 -1
3236 3335 3337 3436 -1
3237 3336 3338 3437 -1
3238 3337 3339 3438 -1
3239 3338 3340 3439 -1
3240 3339 3341 3440 -1
3241 3340 3342 3441 -1
3242 3341 3343 3442 -1
3243 3342 3344 3443 -1
3244 3343 3345 3444 -1
3245 3344 3346 3445 -1
3246 3345 3347 3446 -1
3247 3346 3348 3447 -1
3248 3347 3349 3448 -1
3249 3348 3350 3449 -1
3250 3349 3351 3450 -1
3251 3350 3352 3451 -1
3252 3351 3353 3452 -1
3253 3352 3354 3453 -1
3254 3353 3355 3454 -1
3255 3354 3356 3455 -1
3256 3355 3357 3456 -1
3257 3356 3358 3457 -1
3258 3357 3359 3458 -1
3259 3358 3360 3459 -1
3260 3359 3361 3460 -1
3261 3360 3362 3461 -1
3262 3361 3363 3462 -1
3263 3362 3364 3463 -1
3264 3363 3365 3464 -1
3265 3364 3366 3465 -1
3266 3365 3367 3466 -1
3267 3366 3368 3467 -1
3268 3367 3369 3468 -1
3269 3368 3370 3469 -1
3270 3369 3371 3470 -1
3271 3370 3372 3471 -1
3272 3371 3373 3472 -1
3273 3372 3374 3473 -1
3274 3373 3375 3474 -1
3275 3374 3376 3475 -1
3276 3375 3377 3476 -1
3277 3376 3378 3477 -1
3278 3377 3379 3478 -1
3279 3378 3380 3479 -1
3280 3379 3381 3480 -1
3281 3380 3382 3481 -1
3282 3381 3383 3482 -1
3283 3382 3384 3483 -1
3284 3383 3385 3484 -1
3285 3384 3386 3485 -1
3286 3385 3387 3486 -1
3287 3386 3388 3487 -1
3288 3387 3389 3488 -1
3289 3388 3390 3489 -1
3290 3389 3391 3490 -1
3291 3390 3392 3491 -1
3292 3391 3393 3492 -1
3293 3392 3394 3493 -1
3294 3393 3395 3494 -1
3295 3394 3396 3495 -1
3296 3395 3397 3496 -1
3297 3396 3398 3497 -1
3298 3397 3399 3498 -1
3299 3398 3499 -1
3300 3401 3500 -1
3301 3400 3402 3501 -1
3302 3401 3403 3502 -1
3303 3402 3404 3503 -1
3304 3403 3405 3504 -1
3305 3404 3406 3505 -1
3306 3405 3407 3506 -1
3307 3406 3408 3507 -1
3308 3407 3409 3508 -1
3309 3408 3410 3509 -1
3310 3409 3411 3510 -1
3311 3410 3412 3511 -1
3312 3411 3413 3512 -1
3313 3412 3414 3513 -1
3314 3413 3415 3514 -1
3315 3414 3416 3515 -1
3316 3415 3417 3516 -1
3317 3416 3418 3517 -1
3318 3417 3419 3518 -1
3319 3418 3420 3519 -1
3320 3419 3421 3520 -1
3321 3420 3422 3521 -1
3322 3421 3423 3522 -1
3323 3422 3424 3523 -1
3324 3423 3425 3524 -1
3325 3424 3426 3525 -1
3326 3425 3427 3526 -1
3327 3426 3428 3527 -1
3328 3427 3429 3528 -1
3329 3428 3430 3529 -1
3330 3429 3431 3530 -1
3331 3430 3432 3531 -1
3332 3431 3433 3532 -1
3333 3432 3434 3533 -1
3334 3433 3435 3534 -1
3335 3434 3436 3535 -1
3336 3435 3437 3536 -1
3337 3436 3438 3537 -1
3338 3437 3439 3538 -1
3339 3438 3440 3539 -1
3340 3439 3441 3540 -1
3341 3440 3442 3541 -1
3342 3441 3443 3542 -1
3343 3442 3444 3543 -1
3344 3443 3445 3544 -1
3345 3444 3446 3545 -1
3346 3445 3447 3546 -1
3347 3446 3448 3547 -1
3348 3447 3449 3548 -1
3349 3448 3450 3549 -1
3350 3449 3451 3550 -1
3351 3450 3452 3551 -1
3352 3451 3453 3552 -1
3353 3452 3454 3553 -1
3354 3453 3455 3554 -1
3355 3454 3456 3555 -1
3356 3455 3457 3556 -1
3357 3456 3458 3557 -1
3358 3457 3459 3558 -1
3359 3458 3460 3559 -1
3360 3459 3461 3560 -1
3361 3460 3462 3561 -1
3362 3461 3463 3562 -1
3363 3462 3464 3563 -1
3364 3463 3465 3564 -1
3365 3464 3466 3565 -1
3366 3465 3467 3566 -1
3367 3466 3468 3567 -1
3368 3467 3469 3568 -1
3369 3468 3470 3569 -1
3370 3469 3471 3570 -1
3371 3470 3472 3571 -1
3372 3471 3473 3572 -1
3373 3472 3474 3573 -1
3374 3473 3475 3574 -1
3375 3474 3476 3575 -1
3376 3475 3477 3576 -1
3377 3476 3478 3577 -1
3378 3477 3479 3578 -1
3379 3478 3480 3579 -1
3380 3479 3481 3580 -1
3381 3480 3482 3581 -1
3382 3481 3483 3582 -1
3383 3482 3484 3583 -1
3384 3483 3485 3584 -1
3385 3484 3486 3585 -1
3386 3485 3487 3586 -1
3387 3486 3488 3587 -1
3388 3487 3489 3588 -1
3389 3488 3490 3589 -1
3390 3489 3491 3590 -1
3391 3490 3492 3591 -1
3392 3491 3493 3592 -1
3393 3492 3494 3593 -1
3394 3493 3495 3594 -1
3395 3494 3496 3595 -1
3396 3495 3497 3596 -1
3397 3496 3498 3597 -1
3398 3497 3499 3598 -1
3399 3498 3599 -1
3400 3501 3600 -1
3401 3500 3502 3601 -1
3402 3501 3503 3602 -1
3403 3502 3504 3603 -1
3404 3503 3505 3604 -1
3405 3504 3506 3605 -1
3406 3505 3507 3606 -1
3407 3506 3508 3607 -1
3408 3507 3509 3608 -1
3409 3508 3510 3609 -1
3410 3509 3511 3610 -1
3411 3510 3512 3611 -1
3412 3511 3513 3612 -1
3413 3512 3514 3613 -1
3414 3513 3515 3614 -1
3415 3514 3516 3615 -1
3416 3515 3517 3616 -1
3417 3516 3518 3617 -1
3418 3517 3519 3618 -1
3419 3518 3520 3619 -1
3420 3519 3521 3620 -1
3421 3520 3522 3621 -1
3422 3521 3523 3622 -1
3423 3522 3524 3623 -1
3424 3523 3525 3624 -1
3425 3524 3526 3625 -1
3426 3525 3527 3626 -1
3427 3526 3528 3627 -1
3428 3527 3529 3628 -1
3429 3528 3530 3629 -1
3430 3529 3531 3630 -1
3431 3530 3532 3631 -1
3432 3531 3533 3632 -1
3433 3532 3534 3633 -1
3434 3533 3535 3634 -1
3435 3534 3536 3635 -1
3436 3535 3537 3636 -1
3437 3536 3538 3637 -1
3438 3537 3539 3638 -1
3439 3538 3540 3639 -1
3440 3539 3541 3640 -1
3441 3540 3542 3641 -1
3442 3541 3543 3642 -1
3443 3542 3544 3643 -1
3444 3543 3545 3644 -1
3445 3544 3546 3645 -1
3446 3545 3547 3646 -1
3447 3546 3548 3647 -1
3448 3547 3549 3648 -1
3449 3548 3550 3649 -1
3450 3549 3551 3650 -1
3451 3550 3552 3651 -1
3452 3551 3553 3652 -1
3453 3552 3554 3653 -1
3454 3553 3555 3654 -1
3455 3554 3556 3655 -1
3456 3555 3557 3656 -1
3457 3556 3558 3657 -1
3458 3557 3559 3658 -1
3459 3558 3560 3659 -1
3460 3559 3561 3660 -1
3461 3560 3562 3661 -1
3462 3561 3563 3662 -1
3463 3562 3564 3663 -1
3464 3563 3565 3664 -1
3465 3564 3566 3665 -1
3466 3565 3567 3666 -1
3467 3566 3568 3667 -1
3468 3567 3569 3668 -1
3469 3568 3570 3669 -1
3470 3569 3571 3670 -1
3471 3570 3572 3671 -1
3472 3571 3573 3672 -1
3473 3572 3574 3673 -1
3474 3573 3575 3674 -1
3475 3574 3576 3675 -1
3476 3575 3577 3676 -1
3477 3576 3578 3677 -1
3478 3577 3579 3678 -1
3479 3578 3580 3679 -1
3480 3579 3581 3680 -1
3481 3580 3582 3681 -1
3482 3581 3583 3682 -1
3483 3582 3584 3683 -1
3484 3583 3585 3684 -1
3485 3584 3586 3685 -1
3486 3585 3587 3686 -1
3487 3586 3588 3687 -1
3488 3587 3589 3688 -1
3489 3588 3590 3689 -1
3490 3589 3591 3690 -1
3491 3590 3592 3691 -1
3492 3591 3593 3692 -1
3493 3592 3594 3693 -1
3494 3593 3595 3694 -1
3495 3594 3596 3695 -1
3496 3595 3597 3696 -1
3497 3596 3598 3697 -1
3498 3597 3599 3698 -1
3499 3598 3699 -1
3500 3601 3700 -1
3501 3600 3602 3701 -1
3502 3601 3603 3702 -1
3503 3602 3604 3703 -1
3504 3603 3605 3704 -1
3505 3604 3606 3705 -1
3506 3605 3607 3706 -1
3507 3606 3608 3707 -1
3508 3607 3609 3708 -1
3509 3608 3610 3709 -1
3510 3609 3611 3710 -1
3511 3610 3612 3711 -1
3512 3611 3613 3712 -1
3513 3612 3614 3713 -1
3514 3613 3615 3714 -1
3515 3614 3616 3715 -1
3516 3615 3617 3716 -1
3517 3616 3618 3717 -1
3518 3617 3619 3718 -1
3519 3618 3620 3719 -1
3520 3619 3621 3720 -1
3521 3620 3622 3721 -1
3522 3621 3623 3722 -1
3523 3622 3624 3723 -1
3524 3623 3625 3724 -1
3525 3624 3626 3725 -1
3526 3625 3627 3726 -1
3527 3626 3628 3727 -1
3528 3627 3629 3728 -1
3529 3628 3630 3729 -1
3530 3629 3631 3730 -1
3531 3630 3632 3731 -1
3532 3631 3633 3732 -1
3533 3632 3634 3733 -1
3534 3633 3635 3734 -1
3535 3634 3636 3735 -1
3536 3635 3637 3736 -1
3537 3636 3638 3737 -1
3538 3637 3639 3738 -1
3539 3638 3640 3739 -1
3540 3639 3641 3740 -1
3541 3640 3642 3741 -1
3542 3641 3643 3742 -1
3543 3642 3644 3743 -1
3544 3643 3645 3744 -1
3545 3644 3646 3745 -1
3546 3645 3647 3746 -1
3547 3646 3648 3747 -1
3548 3647 3649 3748 -1
3549 3648 3650 3749 -1
3550 3649 3651 3750 -1
3551 3650 3652 3751 -1
3552 3651 3653 3752 -1
3553 3652 3654 3753 -1
3554 3653 3655 3754 -1
3555 3654 3656 3755 -1
3556 3655 3657 3756 -1
3557 3656 3658 3757 -1
3558 3657 3659 3758 -1
3559 3658 3660 3759 -1
3560 3659 3661 3760 -1
3561 3660 3662 3761 -1
3562 3661 3663 3762 -1
3563 3662 3664 3763 -1
3564 3663 3665 3764 -1
3565 3664 3666 3765 -1
3566 3665 3667 3766 -1
3567 3666 3668 3767 -1
3568 3667 3669 3768 -1
3569 3668 3670 3769 -1
3570 3669 3671 3770 -1
3571 3670 3672 3771 -1
3572 3671 3673 3772 -1
3573 3672 3674 3773 -1
3574 3673 3675 3774 -1
3575 3674 3676 3775 -1
3576 3675 3677 3776 -1
3577 3676 3678 3777 -1
3578 3677 3679 3778 -1
3579 3678 3680 3779 -1
3580 3679 3681 3780 -1
3581 3680 3682 3781 -1
3582 3681 3683 3782 -1
3583 3682 3684 3783 -1
3584 3683 3685 3784 -1
3585 3684 3686 3785 -1
3586 3685 3687 3786 -1
3587 3686 3688 3787 -1
3588 3687 3689 3788 -1
3589 3688 3690 3789 -1
3590 3689 3691 3790 -1
3591 3690 3692 3791 -1
3592 3691 3693 3792 -1
3593 3692 3694 3793 -1
3594 3693 3695 3794 -1
3595 3694 3696 3795 -1
3596 3695 3697 3796 -1
3597 3696 3698 3797 -1
3598 3697 3699 3798 -1
3599 3698 3799 -1
3600 3701 3800 -1
3601 3700 3702 3801 -1
3602 3701 3703 3802 -1
3603 3702 3704 3803 -1
3604 3703 3705 3804 -1
3605 3704 3706 3805 -1
3606 3705 3707 3806 -1
3607 3706 3708 3807 -1
3608 3707 3709 3808 -1
3609 3708 3710 3809 -1
3610 3709 3711 3810 -1
3611 3710 3712 3811 -1
3612 3711 3713 3812 -1
3613 3712 3714 3813 -1
3614 3713 3715 3814 -1
3615 3714 3716 3815 -1
3616 3715 3717 3816 -1
3617 3716 3718 3817 -1
3618 3717 3719 3818 -1
3619 3718 3720 3819 -1
3620 3719 3721 3820 -1
3621 3720 3722 3821 -1
3622 3721 3723 3822 -1
3623 3722 3724 3823 -1
3624 3723 3725 3824 -1
3625 3724 3726 3825 -1
3626 3725 3727 3826 -1
3627 3726 3728 3827 -1
3628 3727 3729 3828 -1
3629 3728 3730 3829 -1
3630 3729 3731 3830 -1
3631 3730 3732 3831 -1
3632 3731 3733 3832 -1
3633 3732 3734 3833 -1
3634 3733 3735 3834 -1
3635 3734 3736 3835 -1
3636 3735 3737 3836 -1
3637 3736 3738 3837 -1
3638 3737 3739 3838 -1
3639 3738 3740 3839 -1
3640 3739 3741 3840 -1
3641 3740 3742 3841 -1
3642 3741 3743 3842 -1
3643 3742 3744 3843 -1
3644 3743 3745 3844 -1
3645 3744 3746 3845 -1
3646 3745 3747 3846 -1
3647 3746 3748 3847 -1
3648 3747 3749 3848 -1
3649 3748 3750 3849 -1
3650 3749 3751 3850 -1
3651 3750 3752 3851 -1
3652 3751 3753 3852 -1
3653 3752 3754 3853 -1
3654 3753 3755 3854 -1
3655 3754 3756 3855 -1
3656 3755 3757 3856 -1
3657 3756 3758 3857 -1
3658 3757 3759 3858 -1
3659 3758 3760 3859 -1
3660 3759 3761 3860 -1
3661 3760 3762 3861 -1
3662 3761 3763 3862 -1
3663 3762 3764 3863 -1
3664 3763 3765 3864 -1
3665 3764 3766 3865 -1
3666 3765 3767 3866 -1
3667 3766 3768 3867 -1
3668 3767 3769 3868 -1
3669 3768 3770 3869 -1
3670 3769 3771 3870 -1
3671 3770 3772 3871 -1
3672 3771 3773 3872 -1
3673 3772 3774 3873 -1
3674 3773 3775 3874 -1
3675 3774 3776 3875 -1
3676 3775 3777 3876 -1
3677 3776 3778 3877 -1
3678 3777 3779 3878 -1
3679 3778 3780 3879 -1
3680 3779 3781 3880 -1
3681 3780 3782 3881 -1
3682 3781 3783 3882 -1
3683 3782 3784 3883 -1
3684 3783 3785 3884 -1
3685 3784 3786 3885 -1
3686 3785 3787 3886 -1
3687 3786 3788 3887 -1
3688 3787 3789 3888 -1
3689 3788 3790 3889 -1
3690 3789 3791 3890 -1
3691 3790 3792 3891 -1
3692 3791 3793 3892 -1
3693 3792 3794 3893 -1
3694 3793 3795 3894 -1
3695 3794 3796 3895 -1
3696 3795 3797 3896 -1
3697 3796 3798 3897 -1
3698 3797 3799 3898 -1
3699 3798 3899 -1
3700 3801 3900 -1
3701 3800 3802 3901 -1
3702 3801 3803 3902 -1
3703 3802 3804 3903 -1
3704 3803 3805 3904 -1
3705 3804 3806 3905 -1
3706 3805 3807 3906 -1
3707 3806 3808 3907 -1
3708 3807 3809 3908 -1
3709 3808 3810 3909 -1
3710 3809 3811 3910 -1
3711 3810 3812 3911 -1
3712 3811 3813 3912 -1
3713 3812 3814 3913 -1
3714 3813 3815 3914 -1
3715 3814 3816 3915 -1
3716 3815 3817 3916 -1
3717 3816 3818 3917 -1
3718 3817 3819 3918 -1
3719 3818 3820 3919 -1
3720 3819 3821 3920 -1
3721 3820 3822 3921 -1
3722 3821 3823 3922 -1
3723 3822 3824 3923 -1
3724 3823 3825 3924 -1
3725 3824 3826 3925 -1
3726 3825 3827 3926 -1
3727 3826 3828 3927 -1
3728 3827 3829 3928 -1
3729 3828 3830 3929 -1
3730 3829 3831 3930 -1
3731 3830 3832 3931 -1
3732 3831 3833 3932 -1
3733 3832 3834 3933 -1
3734 3833 3835 3934 -1
3735 3834 3836 3935 -1
3736 3835 3837 3936 -1
3737 3836 3838 3937 -1
3738 3837 3839 3938 -1
3739 3838 3840 3939 -1
3740 3839 3841 3940 -1
3741 3840 3842 3941 -1
3742 3841 3843 3942 -1
3743 3842 3844 3943 -1
3744 3843 3845 3944 -1
3745 3844 3846 3945 -1
3746 3845 3847 3946 -1
3747 3846 3848 3947 -1
3748 3847 3849 3948 -1
3749 3848 3850 3949 -1
3750 3849 3851 3950 -1
3751 3850 3852 3951 -1
3752 3851 3853 3952 -1
3753 3852 3854 3953 -1
3754 3853 3855 3954 -1
3755 3854 3856 3955 -1
3756 3855 3857 3956 -1
3757 3856 3858 3957 -1
3758 3857 3859 3958 -1
3759 3858 3860 3959 -1
3760 3859 3861 3960 -1
3761 3860 3862 3961 -1
3762 3861 3863 3962 -1
3763 3862 3864 3963 -1
3764 3863 3865 3964 -1
3765 3864 3866 3965 -1
3766 3865 3867 3966 -1
3767 3866 3868 3967 -1
3768 3867 3869 3968 -1
3769 3868 3870 3969 -1
3770 3869 3871 3970 -1
3771 3870 3872 3971 -1
3772 3871 3873 3972 -1
3773 3872 3874 3973 -1
3774 3873 3875 3974 -1
3775 3874 3876 3975 -1
3776 3875 3877 3976 -1
3777 3876 3878 3977 -1
3778 3877 3879 3978 -1
3779 3878 3880 3979 -1
3780 3879 3881 3980 -1
3781 3880 3882 3981 -1
3782 3881 3883 3982 -1
3783 3882 3884 3983 -1
3784 3883 3885 3984 -1
3785 3884 3886 3985 -1
3786 3885 3887 3986 -1
3787 3886 3888 3987 -1
3788 3887 3889 3988 -1
3789 3888 3890 3989 -1
3790 3889 3891 3990 -1
3791 3890 3892 3991 -1
3792 3891 3893 3992 -1
3793 3892 3894 3993 -1
3794 3893 3895 3994 -1
3795 3894 3896 3995 -1
3796 3895 3897 3996 -1
3797 3896 3898 3997 -1
3798 3897 3899 3998 -1
3799 3898 3999 -1
3800 3901 4000 -1
3801 3900 3902 4001 -1
3802 3901 3903 4002 -1
3803 3902 3904 4003 -1
3804 3903 3905 4004 -1
3805 3904 3906 4005 -1
3806 3905 3907 4006 -1
3807 3906 3908 4007 -1
3808 3907 3909 4008 -1
3809 3908 3910 4009 -1
3810 3909 3911 4010 -1
3811 3910 3912 4011 -1
3812 3911 3913 4012 -1
3813 3912 3914 4013 -1
3814 3913 3915 4014 -1
3815 3914 3916 4015 -1
3816 3915 3917 4016 -1
3817 3916 3918 4017 -1
3818 3917 3919 4018 -1
3819 3918 3920 4019 -1
3820 3919 3921 4020 -1
3821 3920 3922 4021 -1
3822 3921 3923 4022 -1
3823 3922 3924 4023 -1
3824 3923 3925 4024 -1
3825 3924 3926 4025 -1
3826 3925 3927 4026 -1
3827 3926 3928 4027 -1
3828 3927 3929 4028 -1
3829 3928 3930 4029 -1
3830 3929 3931 4030 -1
3831 3930 3932 4031 -1
3832 3931 3933 4032 -1
3833 3932 3934 4033 -1
3834 3933 3935 4034 -1
3835 3934 3936 4035 -1
3836 3935 3937 4036 -1
3837 3936 3938 4037 -1
3838 3937 3939 4038 -1
3839 3938 3940 4039 -1
3840 3939 3941 4040 -1
3841 3940 3942 4041 -1
3842 3941 3943 4042 -1
3843 3942 3944 4043 -1
3844 3943 3945 4044 -1
3845 3944 3946 4045 -1
3846 3945 3947 4046 -1
3847 3946 3948 4047 -1
3848 3947 3949 4048 -1
3849 3948 3950 4049 -1
3850 3949 3951 4050 -1
3851 3950 3952 4051 -1
3852 3951 3953 4052 -1
3853 3952 3954 4053 -1
3854 3953 3955 4054 -1
3855 3954 3956 4055 -1
3856 3955 3957 4056 -1
3857 3956 3958 4057 -1
3858 3957 3959 4058 -1
3859 3958 3960 4059 -1
3860 3959 3961 4060 -1
3861 3960 3962 4061 -1
3862 3961 3963 4062 -1
3863 3962 3964 4063 -1
3864 3963 3965 4064 -1
3865 3964 3966 4065 -1
3866 3965 3967 4066 -1
3867 3966 3968 4067 -1
3868 3967 3969 4068 -1
3869 3968 3970 4069 -1
3870 3969 3971 4070 -1
3871 3970 3972 4071 -1
3872 3971 3973 4072 -1
3873 3972 3974 4073 -1
3874 3973 3975 4074 -1
3875 3974 3976 4075 -1
3876 3975 3977 4076 -1
3877 3976 3978 4077 -1
3878 3977 3979 4078 -1
3879 3978 3980 4079 -1
3880 3979 3981 4080 -1
3881 3980 3982 4081 -1
3882 3981 3983 4082 -1
3883 3982 3984 4083 -1
3884 3983 3985 4084 -1
3885 3984 3986 4085 -1
3886 3985 3987 4086 -1
3887 3986 3988 4087 -1
3888 3987 3989 4088 -1
3889 3988 3990 4089 -1
3890 3989 3991 4090 -1
3891 3990 3992 4091 -1
3892 3991 3993 4092 -1
3893 3992 3994 4093 -1
3894 3993 3995 4094 -1
3895 3994 3996 4095 -1
3896 3995 3997 4096 -1
3897 3996 3998 4097 -1
3898 3997 3999 4098 -1
3899 3998 4099 -1
3900 4001 4100 -1
3901 4000 4002 4101 -1
3902 4001 4003 4102 -1
3903 4002 4004 4103 -1
3904 4003 4005 4104 -1
3905 4004 4006 4105 -1
3906 4005 4007 4106 -1
3907 4006 4008 4107 -1
3908 4007 4009 4108 -1
3909 4008 4010 4109 -1
3910 4009 4011 4110 -1
3911 4010 4012 4111 -1
3912 4011 4013 4112 -1
3913 4012 4014 4113 -1
3914 4013 4015 4114 -1
3915 4014 4016 4115 -1
3916 4015 4017 4116 -1
3917 4016 4018 4117 -1
3918 4017 4019 4118 -1
3919 4018 4020 4119 -1
3920 4019 4021 4120 -1
3921 4020 4022 4121 -1
3922 4021 4023 4122 -1
3923 4022 4024 4123 -1
3924 4023 4025 4124 -1
3925 4024 4026 4125 -1
3926 4025 4027 4126 -1
3927 4026 4028 4127 -1
3928 4027 4029 4128 -1
3929 4028 4030 4129 -1
3930 4029 4031 4130 -1
3931 4030 4032 4131 -1
3932 4031 4033 4132 -1
3933 4032 4034 4133 -1
3934 4033 4035 4134 -1
3935 4034 4036 4135 -1
3936 4035 4037 4136 -1
3937 4036 4038 4137 -1
3938 4037 4039 4138 -1
3939 4038 4040 4139 -1
3940 4039 4041 4140 -1
3941 4040 4042 4141 -1
3942 4041 4043 4142 -1
3943 4042 4044 4143 -1
3944 4043 4045 4144 -1
3945 4044 4046 4145 -1
3946 4045 4047 4146 -1
3947 4046 4048 4147 -1
3948 4047 4049 4148 -1
3949 4048 4050 4149 -1
3950 4049 4051 4150 -1
3951 4050 4052 4151 -1
3952 4051 4053 4152 -1
3953 4052 4054 4153 -1
3954 4053 4055 4154 -1
3955 4054 4056 4155 -1
3956 4055 4057 4156 -1
3957 4056 4058 4157 -1
3958 4057 4059 4158 -1
3959 4058 4060 4159 -1
3960 4059 4061 4160 -1
3961 4060 4062 4161 -1
3962 4061 4063 4162 -1
3963 4062 4064 4163 -1
3964 4063 4065 4164 -1
3965 4064 4066 4165 -1
3966 4065 4067 4166 -1
3967 4066 4068 4167 -1
3968 4067 4069 4168 -1
3969 4068 4070 4169 -1
3970 4069 4071 4170 -1
3971 4070 4072 4171 -1
3972 4071 4073 4172 -1
3973 4072 4074 4173 -1
3974 4073 4075 4174 -1
3975 4074 4076 4175 -1
3976 4075 4077 4176 -1
3977 4076 4078 4177 -1
3978 4077 4079 4178 -1
3979 4078 4080 4179 -1
3980 4079 4081 4180 -1
3981 4080 4082 4181 -1
3982 4081 4083 4182 -1
3983 4082 4084 4183 -1
3984 4083 4085 4184 -1
3985 4084 4086 4185 -1
3986 4085 4087 4186 -1
3987 4086 4088 4187 -1
3988 4087 4089 4188 -1
3989 4088 4090 4189 -1
3990 4089 4091 4190 -1
3991 4090 4092 4191 -1
3992 4091 4093 4192 -1
3993 4092 4094 4193 -1
3994 4093 4095 4194 -1
3995 4094 4096 4195 -1
3996 4095 4097 4196 -1
3997 4096 4098 4197 -1
3998 4097 4099 4198 -1
3999 4098 4199 -1
4000 4101 4200 -1
4001 4100 4102 4201 -1
4002 4101 4103 4202 -1
4003 4102 4104 4203 -1
4004 4103 4105 4204 -1
4005 4104 4106 4205 -1
4006 4105 4107 4206 -1
4007 4106 4108 4207 -1
4008 4107 4109 4208 -1
4009 4108 4110 4209 -1
4010 4109 4111 4210 -1
4011 4110 4112 4211 -1
4012 4111 4113 4212 -1
4013 4112 4114 4213 -1
4014 4113 4115 4214 -1
4015 4114 4116 4215 -1
4016 4115 4117 4216 -1
4017 4116 4118 4217 -1
4018 4117 4119 4218 -1
4019 4118 4120 4219 -1
4020 4119 4121 4220 -1
4021 4120 4122 4221 -1
4022 4121 4123 4222 -1
4023 4122 4124 4223 -1
4024 4123 4125 4224 -1
4025 4124 4126 4225 -1
4026 4125 4127 4226 -1
4027 4126 4128 4227 -1
4028 4127 4129 4228 -1
4029 4128 4130 4229 -1
4030 4129 4131 4230 -1
4031 4130 4132 4231 -1
4032 4131 4133 4232 -1
4033 4132 4134 4233 -1
4034 4133 4135 4234 -1
4035 4134 4136 4235 -1
4036 4135 4137 4236 -1
4037 4136 4138 4237 -1
4038 4137 4139 4238 -1
4039 4138 4140 4239 -1
4040 4139 4141 4240 -1
4041 4140 4142 4241 -1
4042 4141 4143 4242 -1
4043 4142 4144 4243 -1
4044 4143 4145 4244 -1
4045 4144 4146 4245 -1
4046 4145 4147 4246 -1
4047 4146 4148 4247 -1
4048 4147 4149 4248 -1
4049 4148 4150 4249 -1
4050 4149 4151 4250 -1
4051 4150 4152 4251 -1
4052 4151 4153 4252 -1
4053 4152 4154 4253 -1
4054 4153 4155 4254 -1
4055 4154 4156 4255 -1
4056 4155 4157 4256 -1
4057 4156 4158 4257 -1
4058 4157 4159 4258 -1
4059 4158 4160 4259 -1
4060 4159 4161 4260 -1
4061 4160 4162 4261 -1
4062 4161 4163 4262 -1
4063 4162 4164 4263 -1
4064 4163 4165 4264 -1
4065 4164 4166 4265 -1
4066 4165 4167 4266 -1
4067 4166 4168 4267 -1
4068 4167 4169 4268 -1
4069 4168 4170 4269 -1
4070 4169 4171 4270 -1
4071 4170 4172 4271 -1
4072 4171 4173 4272 -1
4073 4172 4174 4273 -1
4074 4173 4175 4274 -1
4075 4174 4176 4275 -1
4076 4175 4177 4276 -1
4077 4176 4178 4277 -1
4078 4177 4179 4278 -1
4079 4178 4180 4279 -1
4080 4179 4181 4280 -1
4081 4180 4182 4281 -1
4082 4181 4183 4282 -1
4083 4182 4184 4283 -1
4084 4183 4185 4284 -1
4085 4184 4186 4285 -1
4086 4185 4187 4286 -1
4087 4186 4188 4287 -1
4088 4187 4189 4288 -1
4089 4188 4190 4289 -1
4090 4189 4191 4290 -1
4091 4190 4192 4291 -1
4092 4191 4193 4292 -1
4093 4192 4194 4293 -1
4094 4193 4195 4294 -1
4095 4194 4196 4295 -1
4096 4195 4197 4296 -1
4097 4196 4198 4297 -1
4098 4197 4199 4298 -1
4099 4198 4299 -1
4100 4201 4300 -1
4101 4200 4202 4301 -1
4102 4201 4203 4302 -1
4103 4202 4204 4303 -1
4104 4203 4205 4304 -1
4105 4204 4206 4305 -1
4106 4205 4207 4306 -1
4107 4206 4208 4307 -1
4108 4207 4209 4308 -1
4109 4208 4210 4309 -1
4110 4209 4211 4310 -1
4111 4210 4212 4311 -1
4112 4211 4213 4312 -1
4113 4212 4214 4313 -1
4114 4213 4215 4314 -1
4115 4214 4216 4315 -1
4116 4215 4217 4316 -1
4117 4216 4218 4317 -1
4118 4217 4219 4318 -1
4119 4218 4220 4319 -1
4120 4219 4221 4320 -1
4121 4220 4222 4321 -1
4122 4221 4223 4322 -1
4123 4222 4224 4323 -1
4124 4223 4225 4324 -1
4125 4224 4226 4325 -1
4126 4225 4227 4326 -1
4127 4226 4228 4327 -1
4128 4227 4229 4328 -1
4129 4228 4230 4329 -1
4130 4229 4231 4330 -1
4131 4230 4232 4331 -1
4132 4231 4233 4332 -1
4133 4232 4234 4333 -1
4134 4233 4235 4334 -1
4135 4234 4236 4335 -1
4136 4235 4237 4336 -1
4137 4236 4238 4337 -1
4138 4237 4239 4338 -1
4139 4238 4240 4339 -1
4140 4239 4241 4340 -1
4141 4240 4242 4341 -1
4142 4241 4243 4342 -1
4143 4242 4244 4343 -1
4144 4243 4245 4344 -1
4145 4244 4246 4345 -1
4146 4245 4247 4346 -1
4147 4246 4248 4347 -1
4148 4247 4249 4348 -1
4149 4248 4250 4349 -1
4150 4249 4251 4350 -1
4151 4250 4252 4351 -1
4152 4251 4253 4352 -1
4153 4252 4254 4353 -1
4154 4253 4255 4354 -1
4155 4254 4256 4355 -1
4156 4255 4257 4356 -1
4157 4256 4258 4357 -1
4158 4257 4259 4358 -1
4159 4258 4260 4359 -1
4160 4259 4261 4360 -1
4161 4260 4262 4361 -1
4162 4261 4263 4362 -1
4163 4262 4264 4363 -1
4164 4263 4265 4364 -1
4165 4264 4266 4365 -1
4166 4265 4267 4366 -1
4167 4266 4268 4367 -1
4168 4267 4269 4368 -1
4169 4268 4270 4369 -1
4170 4269 4271 4370 -1
4171 4270 4272 4371 -1
4172 4271 4273 4372 -1
4173 4272 4274 4373 -1
4174 4273 4275 4374 -1
4175 4274 4276 4375 -1
4176 4275 4277 4376 -1
4177 4276 4278 4377 -1
4178 4277 4279 4378 -1
4179 4278 4280 4379 -1
4180 4279 4281 4380 -1
4181 4280 4282 4381 -1
4182 4281 4283 4382 -1
4183 4282 4284 4383 -1
4184 4283 4285 4384 -1
4185 4284 4286 4385 -1
4186 4285 4287 4386 -1
4187 4286 4288 4387 -1
4188 4287 4289 4388 -1
4189 4288 4290 4389 -1
4190 4289 4291 4390 -1
4191 4290 4292 4391 -1
4192 4291 4293 4392 -1
4193 4292 4294 4393 -1
4194 4293 4295 4394 -1
4195 4294 4296 4395 -1
4196 4295 4297 4396 -1
4197 4296 4298 4397 -1
4198 4297 4299 4398 -1
4199 4298 4399 -1
4200 4301 4400 -1
4201 4300 4302 4401 -1
4202 4301 4303 4402 -1
4203 4302 4304 4403 -1
4204 4303 4305 4404 -1
4205 4304 4306 4405 -1
4206 4305 4307 4406 -1
4207 4306 4308 4407 -1
4208 4307 4309 4408 -1
4209 4308 4310 4409 -1
4210 4309 4311 4410 -1
4211 4310 4312 4411 -1
4212 4311 4313 4412 -1
4213 4312 4314 4413 -1
4214 4313 4315 4414 -1
4215 4314 4316 4415 -1
4216 4315 4317 4416 -1
4217 4316 4318 4417 -1
4218 4317 4319 4418 -1
4219 4318 4320 4419 -1
4220 4319 4321 4420 -1
4221 4320 4322 4421 -1
4222 4321 4323 4422 -1
4223 4322 4324 4423 -1
4224 4323 4325 4424 -1
4225 4324 4326 4425 -1
4226 4325 4327 4426 -1
4227 4326 4328 4427 -1
4228 4327 4329 4428 -1
4229 4328 4330 4429 -1
4230 4329 4331 4430 -1
4231 4330 4332 4431 -1
4232 4331 4333 4432 -1
4233 4332 4334 4433 -1
4234 4333 4335 4434 -1
4235 4334 4336 4435 -1
4236 4335 4337 4436 -1
4237 4336 4338 4437 -1
4238 4337 4339 4438 -1
4239 4338 4340 4439 -1
4240 4339 4341 4440 -1
4241 4340 4342 4441 -1
4242 4341 4343 4442 -1
4243 4342 4344 4443 -1
4244 4343 4345 4444 -1
4245 4344 4346 4445 -1
4246 4345 4347 4446 -1
4247 4346 4348 4447 -1
4248 4347 4349 4448 -1
4249 4348 4350 4449 -1
4250 4349 4351 4450 -1
4251 4350 4352 4451 -1
4252 4351 4353 4452 -1
4253 4352 4354 4453 -1
4254 4353 4355 4454 -1
4255 4354 4356 4455 -1
4256 4355 4357 4456 -1
4257 4356 4358 4457 -1
4258 4357 4359 4458 -1
4259 4358 4360 4459 -1
4260 4359 4361 4460 -1
4261 4360 4362 4461 -1
4262 4361 4363 4462 -1
4263 4362 4364 4463 -1
4264 4363 4365 4464 -1
4265 4364 4366 4465 -1
4266 4365 4367 4466 -1
4267 4366 4368 4467 -1
4268 4367 4369 4468 -1
4269 4368 4370 4469 -1
4270 4369 4371 4470 -1
4271 4370 4372 4471 -1
4272 4371 4373 4472 -1
4273 4372 4374 4473 -1
4274 4373 4375 4474 -1
4275 4374 4376 4475 -1
4276 4375 4377 4476 -1
4277 4376 4378 4477 -1
4278 4377 4379 4478 -1
4279 4378 4380 4479 -1
4280 4379 4381 4480 -1
4281 4380 4382 4481 -1
4282 4381 4383 4482 -1
4283 4382 4384 4483 -1
4284 4383 4385 4484 -1
4285 4384 4386 4485 -1
4286 4385 4387 4486 -1
4287 4386 4388 4487 -1
4288 4387 4389 4488 -1
4289 4388 4390 4489 -1
4290 4389 4391 4490 -1
4291 4390 4392 4491 -1
4292 4391 4393 4492 -1
4293 4392 4394 4493 -1
4294 4393 4395 4494 -1
4295 4394 4396 4495 -1
4296 4395 4397 4496 -1
4297 4396 4398 4497 -1
4298 4397 4399 4498 -1
4299 4398 4499 -1
4300 4401 4500 -1
4301 4400 4402 4501 -1
4302 4401 4403 4502 -1
4303 4402 4404 4503 -1
4304 4403 4405 4504 -1
4305 4404 4406 4505 -1
4306 4405 4407 4506 -1
4307 4406 4408 4507 -1
4308 4407 4409 4508 -1
4309 4408 4410 4509 -1
4310 4409 4411 4510 -1
4311 4410 4412 4511 -1
4312 4411 4413 4512 -1
4313 4412 4414 4513 -1
4314 4413 4415 4514 -1
4315 4414 4416 4515 -1
4316 4415 4417 4516 -1
4317 4416 4418 4517 -1
4318 4417 4419 4518 -1
4319 4418 4420 4519 -1
4320 4419 4421 4520 -1
4321 4420 4422 4521 -1
4322 4421 4423 4522 -1
4323 4422 4424 4523 -1
4324 4423 4425 4524 -1
4325 4424 4426 4525 -1
4326 4425 4427 4526 -1
4327 4426 4428 4527 -1
4328 4427 4429 4528 -1
4329 4428 4430 4529 -1
4330 4429 4431 4530 -1
4331 4430 4432 4531 -1
4332 4431 4433 4532 -1
4333 4432 4434 4533 -1
4334 4433 4435 4534 -1
4335 4434 4436 4535 -1
4336 4435 4437 4536 -1
4337 4436 4438 4537 -1
4338 4437 4439 4538 -1
4339 4438 4440 4539 -1
4340 4439 4441 4540 -1
4341 4440 4442 4541 -1
4342 4441 4443 4542 -1
4343 4442 4444 4543 -1
4344 4443 4445 4544 -1
4345 4444 4446 4545 -1
4346 4445 4447 4546 -1
4347 4446 4448 4547 -1
4348 4447 4449 4548 -1
4349 4448 4450 4549 -1
4350 4449 4451 4550 -1
4351 4450 4452 4551 -1
4352 4451 4453 4552 -1
4353 4452 4454 4553 -1
4354 4453 4455 4554 -1
4355 4454 4456 4555 -1
4356 4455 4457 4556 -1
4357 4456 4458 4557 -1
4358 4457 4459 4558 -1
4359 4458 4460 4559 -1
4360 4459 4461 4560 -1
4361 4460 4462 4561 -1
4362 4461 4463 4562 -1
4363 4462 4464 4563 -1
4364 4463 4465 4564 -1
4365 4464 4466 4565 -1
4366 4465 4467 4566 -1
4367 4466 4468 4567 -1
4368 4467 4469 4568 -1
4369 4468 4470 4569 -1
4370 4469 4471 4570 -1
4371 4470 4472 4571 -1
4372 4471 4473 4572 -1
4373 4472 4474 4573 -1
4374 4473 4475 4574 -1
4375 4474 4476 4575 -1
4376 4475 4477 4576 -1
4377 4476 4478 4577 -1
4378 4477 4479 4578 -1
4379 4478 4480 4579 -1
4380 4479 4481 4580 -1
4381 4480 4482 4581 -1
4382 4481 4483 4582 -1
4383 4482 4484 4583 -1
4384 4483 4485 4584 -1
4385 4484 4486 4585 -1
4386 4485 4487 4586 -1
4387 4486 4488 4587 -1
4388 4487 4489 4588 -1
4389 4488 4490 4589 -1
4390 4489 4491 4590 -1
4391 4490 4492 4591 -1
4392 4491 4493 4592 -1
4393 4492 4494 4593 -1
4394 4493 4495 4594 -1
4395 4494 4496 4595 -1
4396 4495 4497 4596 -1
4397 4496 4498 4597 -1
4398 4497 4499 4598 -1
4399 4498 4599 -1
4400 4501 4600 -1
4401 4500 4502 4601 -1
4402 4501 4503 4602 -1
4403 4502 4504 4603 -1
4404 4503 4505 4604 -1
4405 4504 4506 4605 -1
4406 4505 4507 4606 -1
4407 4506 4508 4607 -1
4408 4507 4509 4608 -1
4409 4508 4510 4609 -1
4410 4509 4511 4610 -1
4411 4510 4512 4611 -1
4412 4511 4513 4612 -1
4413 4512 4514 4613 -1
4414 4513 4515 4614 -1
4415 4514 4516 4615 -1
4416 4515 4517 4616 -1
4417 4516 4518 4617 -1
4418 4517 4519 4618 -1
4419 4518 4520 4619 -1
4420 4519 4521 4620 -1
4421 4520 4522 4621 -1
4422 4521 4523 4622 -1
4423 4522 4524 4623 -1
4424 4523 4525 4624 -1
4425 4524 4526 4625 -1
4426 4525 4527 4626 -1
4427 4526 4528 4627 -1
4428 4527 4529 4628 -1
4429 4528 4530 4629 -1
4430 4529 4531 4630 -1
4431 4530 4532 4631 -1
4432 4531 4533 4632 -1
4433 4532 4534 4633 -1
4434 4533 4535 4634 -1
4435 4534 4536 4635 -1
4436 4535 4537 4636 -1
4437 4536 4538 4637 -1
4438 4537 4539 4638 -1
4439 4538 4540 4639 -1
4440 4539 4541 4640 -1
4441 4540 4542 4641 -1
4442 4541 4543 4642 -1
4443 4542 4544 4643 -1
4444 4543 4545 4644 -1
4445 4544 4546 4645 -1
4446 4545 4547 4646 -1
4447 4546 4548 4647 -1
4448 4547 4549 4648 -1
4449 4548 4550 4649 -1
4450 4549 4551 4650 -1
4451 4550 4552 4651 -1
4452 4551 4553 4652 -1
4453 4552 4554 4653 -1
4454 4553 4555 4654 -1
4455 4554 4556 4655 -1
4456 4555 4557 4656 -1
4457 4556 4558 4657 -1
4458 4557 4559 4658 -1
4459 4558 4560 4659 -1
4460 4559 4561 4660 -1
4461 4560 4562 4661 -1
4462 4561 4563 4662 -1
4463 4562 4564 4663 -1
4464 4563 4565 4664 -1
4465 4564 4566 4665 -1
4466 4565 4567 4666 -1
4467 4566 4568 4667 -1
4468 4567 4569 4668 -1
4469 4568 4570 4669 -1
4470 4569 4571 4670 -1
4471 4570 4572 4671 -1
4472 4571 4573 4672 -1
4473 4572 4574 4673 -1
4474 4573 4575 4674 -1
4475 4574 4576 4675 -1
4476 4575 4577 4676 -1
4477 4576 4578 4677 -1
4478 4577 4579 4678 -1
4479 4578 4580 4679 -1
4480 4579 4581 4680 -1
4481 4580 4582 4681 -1
4482 4581 4583 4682 -1
4483 4582 4584 4683 -1
4484 4583 4585 4684 -1
4485 4584 4586 4685 -1
4486 4585 4587 4686 -1
4487 4586 4588 4687 -1
4488 4587 4589 4688 -1
4489 4588 4590 4689 -1
4490 4589 4591 4690 -1
4491 4590 4592 4691 -1
4492 4591 4593 4692 -1
4493 4592 4594 4693 -1
4494 4593 4595 4694 -1
4495 4594 4596 4695 -1
4496 4595 4597 4696 -1
4497 4596 4598 4697 -1
4498 4597 4599 4698 -1
4499 4598 4699 -1
4500 4601 4700 -1
4501 4600 4602 4701 -1
4502 4601 4603 4702 -1
4503 4602 4604 4703 -1
4504 4603 4605 4704 -1
4505 4604 4606 4705 -1
4506 4605 4607 4706 -1
4507 4606 4608 4707 -1
4508 4607 4609 4708 -1
4509 4608 4610 4709 -1
4510 4609 4611 4710 -1
4511 4610 4612 4711 -1
4512 4611 4613 4712 -1
4513 4612 4614 4713 -1
4514 4613 4615 4714 -1
4515 4614 4616 4715 -1
4516 4615 4617 4716 -1
4517 4616 4618 4717 -1
4518 4617 4619 4718 -1
4519 4618 4620 4719 -1
4520 4619 4621 4720 -1
4521 4620 4622 4721 -1
4522 4621 4623 4722 -1
4523 4622 4624 4723 -1
4524 4623 4625 4724 -1
4525 4624 4626 4725 -1
4526 4625 4627 4726 -1
4527 4626 4628 4727 -1
4528 4627 4629 4728 -1
4529 4628 4630 4729 -1
4530 4629 4631 4730 -1
4531 4630 4632 4731 -1
4532 4631 4633 4732 -1
4533 4632 4634 4733 -1
4534 4633 4635 4734 -1
4535 4634 4636 4735 -1
4536 4635 4637 4736 -1
4537 4636 4638 4737 -1
4538 4637 4639 4738 -1
4539 4638 4640 4739 -1
4540 4639 4641 4740 -1
4541 4640 4642 4741 -1
4542 4641 4643 4742 -1
4543 4642 4644 4743 -1
4544 4643 4645 4744 -1
4545 4644 4646 4745 -1
4546 4645 4647 4746 -1
4547 4646 4648 4747 -1
4548 4647 4649 4748 -1
4549 4648 4650 4749 -1
4550 4649 4651 4750 -1
4551 4650 4652 4751 -1
4552 4651 4653 4752 -1
4553 4652 4654 4753 -1
4554 4653 4655 4754 -1
4555 4654 4656 4755 -1
4556 4655 4657 4756 -1
4557 4656 4658 4757 -1
4558 4657 4659 4758 -1
4559 4658 4660 4759 -1
4560 4659 4661 4760 -1
4561 4660 4662 4761 -1
4562 4661 4663 4762 -1
4563 4662 4664 4763 -1
4564 4663 4665 4764 -1
4565 4664 4666 4765 -1
4566 4665 4667 4766 -1
4567 4666 4668 4767 -1
4568 4667 4669 4768 -1
4569 4668 4670 4769 -1
4570 4669 4671 4770 -1
4571 4670 4672 4771 -1
4572 4671 4673 4772 -1
4573 4672 4674 4773 -1
4574 4673 4675 4774 -1
4575 4674 4676 4775 -1
4576 4675 4677 4776 -1
4577 4676 4678 4777 -1
4578 4677 4679 4778 -1
4579 4678 4680 4779 -1
4580 4679 4681 4780 -1
4581 4680 4682 4781 -1
4582 4681 4683 4782 -1
4583 4682 4684 4783 -1
4584 4683 4685 4784 -1
4585 4684 4686 4785 -1
4586 4685 4687 4786 -1
4587 4686 4688 4787 -1
4588 4687 4689 4788 -1
4589 4688 4690 4789 -1
4590 4689 4691 4790 -1
4591 4690 4692 4791 -1
4592 4691 4693 4792 -1
4593 4692 4694 4793 -1
4594 4693 4695 4794 -1
4595 4694 4696 4795 -1
4596 4695 4697 4796 -1
4597 4696 4698 4797 -1
4598 4697 4699 4798 -1
4599 4698 4799 -1
4600 4701 4800 -1
4601 4700 4702 4801 -1
4602 4701 4703 4802 -1
4603 4702 4704 4803 -1
4604 4703 4705 4804 -1
4605 4704 4706 4805 -1
4606 4705 4707 4806 -1
4607 4706 4708 4807 -1
4608 4707 4709 4808 -1
4609 4708 4710 4809 -1
4610 4709 4711 4810 -1
4611 4710 4712 4811 -1
4612 4711 4713 4812 -1
4613 4712 4714 4813 -1
4614 4713 4715 4814 -1
4615 4714 4716 4815 -1
4616 4715 4717 4816 -1
4617 4716 4718 4817 -1
4618 4717 4719 4818 -1
4619 4718 4720 4819 -1
4620 4719 4721 4820 -1
4621 4720 4722 4821 -1
4622 4721 4723 4822 -1
4623 4722 4724 4823 -1
4624 4723 4725 4824 -1
4625 4724 4726 4825 -1
4626 4725 4727 4826 -1
4627 4726 4728 4827 -1
4628 4727 4729 4828 -1
4629 4728 4730 4829 -1
4630 4729 4731 4830 -1
4631 4730 4732 4831 -1
4632 4731 4733 4832 -1
4633 4732 4734 4833 -1
4634 4733 4735 4834 -1
4635 4734 4736 4835 -1
4636 4735 4737 4836 -1
4637 4736 4738 4837 -1
4638 4737 4739 4838 -1
4639 4738 4740 4839 -1
4640 4739 4741 4840 -1
4641 4740 4742 4841 -1
4642 4741 4743 4842 -1
4643 4742 4744 4843 -1
4644 4743 4745 4844 -1
4645 4744 4746 4845 -1
4646 4745 4747 4846 -1
4647 4746 4748 4847 -1
4648 4747 4749 4848 -1
4649 4748 4750 4849 -1
4650 4749 4751 4850 -1
4651 4750 4752 4851 -1
4652 4751 4753 4852 -1
4653 4752 4754 4853 -1
4654 4753 4755 4854 -1
4655 4754 4756 4855 -1
4656 4755 4757 4856 -1
4657 4756 4758 4857 -1
4658 4757 4759 4858 -1
4659 4758 4760 4859 -1
4660 4759 4761 4860 -1
4661 4760 4762 4861 -1
4662 4761 4763 4862 -1
4663 4762 4764 4863 -1
4664 4763 4765 4864 -1
4665 4764 4766 4865 -1
4666 4765 4767 4866 -1
4667 4766 4768 4867 -1
4668 4767 4769 4868 -1
4669 4768 4770 4869 -1
4670 4769 4771 4870 -1
4671 4770 4772 4871 -1
4672 4771 4773 4872 -1
4673 4772 4774 4873 -1
4674 4773 4775 4874 -1
4675 4774 4776 4875 -1
4676 4775 4777 4876 -1
4677 4776 4778 4877 -1
4678 4777 4779 4878 -1
4679 4778 4780 4879 -1
4680 4779 4781 4880 -1
4681 4780 4782 4881 -1
4682 4781 4783 4882 -1
4683 4782 4784 4883 -1
4684 4783 4785 4884 -1
4685 4784 4786 4885 -1
4686 4785 4787 4886 -1
4687 4786 4788 4887 -1
4688 4787 4789 4888 -1
4689 4788 4790 4889 -1
4690 4789 4791 4890 -1
4691 4790 4792 4891 -1
4692 4791 4793 4892 -1
4693 4792 4794 4893 -1
4694 4793 4795 4894 -1
4695 4794 4796 4895 -1
4696 4795 4797 4896 -1
4697 4796 4798 4897 -1
4698 4797 4799 4898 -1
4699 4798 4899 -1
4700 4801 4900 -1
4701 4800 4802 4901 -1
4702 4801 4803 4902 -1
4703 4802 4804 4903 -1
4704 4803 4805 4904 -1
4705 4804 4806 4905 -1
4706 4805 4807 4906 -1
4707 4806 4808 4907 -1
4708 4807 4809 4908 -1
4709 4808 4810 4909 -1
4710 4809 4811 4910 -1
4711 4810 4812 4911 -1
4712 4811 4813 4912 -1
4713 4812 4814 4913 -1
4714 4813 4815 4914 -1
4715 4814 4816 4915 -1
4716 4815 4817 4916 -1
4717 4816 4818 4917 -1
4718 4817 4819 4918 -1
4719 4818 4820 4919 -1
4720 4819 4821 4920 -1
4721 4820 4822 4921 -1
4722 4821 4823 4922 -1
4723 4822 4824 4923 -1
4724 4823 4825 4924 -1
4725 4824 4826 4925 -1
4726 4825 4827 4926 -1
4727 4826 4828 4927 -1
4728 4827 4829 4928 -1
4729 4828 4830 4929 -1
4730 4829 4831 4930 -1
4731 4830 4832 4931 -1
4732 4831 4833 4932 -1
4733 4832 4834 4933 -1
4734 4833 4835 4934 -1
4735 4834 4836 4935 -1
4736 4835 4837 4936 -1
4737 4836 4838 4937 -1
4738 4837 4839 4938 -1
4739 4838 4840 4939 -1
4740 4839 4841 4940 -1
4741 4840 4842 4941 -1
4742 4841 4843 4942 -1
4743 4842 4844 4943 -1
4744 4843 4845 4944 -1
4745 4844 4846 4945 -1
4746 4845 4847 4946 -1
4747 4846 4848 4947 -1
4748 4847 4849 4948 -1
4749 4848 4850 4949 -1
4750 4849 4851 4950 -1
4751 4850 4852 4951 -1
4752 4851 4853 4952 -1
4753 4852 4854 4953 -1
4754 4853 4855 4954 -1
4755 4854 4856 4955 -1
4756 4855 4857 4956 -1
4757 4856 4858 4957 -1
4758 4857 4859 4958 -1
4759 4858 4860 4959 -1
4760 4859 4861 4960 -1
4761 4860 4862 4961 -1
4762 4861 4863 4962 -1
4763 4862 4864 4963 -1
4764 4863 4865 4964 -1
4765 4864 4866 4965 -1
4766 4865 4867 4966 -1
4767 4866 4868 4967 -1
4768 4867 4869 4968 -1
4769 4868 4870 4969 -1
4770 4869 4871 4970 -1
4771 4870 4872 4971 -1
4772 4871 4873 4972 -1
4773 4872 4874 4973 -1
4774 4873 4875 4974 -1
4775 4874 4876 4975 -1
4776 4875 4877 4976 -1
4777 4876 4878 4977 -1
4778 4877 4879 4978 -1
4779 4878 4880 4979 -1
4780 4879 4881 4980 -1
4781 4880 4882 4981 -1
4782 4881 4883 4982 -1
4783 4882 4884 4983 -1
4784 4883 4885 4984 -1
4785 4884 4886 4985 -1
4786 4885 4887 4986 -1
4787 4886 4888 4987 -1
4788 4887 4889 4988 -1
4789 4888 4890 4989 -1
4790 4889 4891 4990 -1
4791 4890 4892 4991 -1
4792 4891 4893 4992 -1
4793 4892 4894 4993 -1
4794 4893 4895 4994 -1
4795 4894 4896 4995 -1
4796 4895 4897 4996 -1
4797 4896 4898 4997 -1
4798 4897 4899 4998 -1
4799 4898 4999 -1
4800 4901 5000 -1
4801 4900 4902 5001 -1
4802 4901 4903 5002 -1
4803 4902 4904 5003 -1
4804 4903 4905 5004 -1
4805 4904 4906 5005 -1
4806 4905 4907 5006 -1
4807 4906 4908 5007 -1
4808 4907 4909 5008 -1
4809 4908 4910 5009 -1
4810 4909 4911 5010 -1
4811 4910 4912 5011 -1
4812 4911 4913 5012 -1
4813 4912 4914 5013 -1
4814 4913 4915 5014 -1
4815 4914 4916 5015 -1
4816 4915 4917 5016 -1
4817 4916 4918 5017 -1
4818 4917 4919 5018 -1
4819 4918 4920 5019 -1
4820 4919 4921 5020 -1
4821 4920 4922 5021 -1
4822 4921 4923 5022 -1
4823 4922 4924 5023 -1
4824 4923 4925 5024 -1
4825 4924 4926 5025 -1
4826 4925 4927 5026 -1
4827 4926 4928 5027 -1
4828 4927 4929 5028 -1
4829 4928 4930 5029 -1
4830 4929 4931 5030 -1
4831 4930 4932 5031 -1
4832 4931 4933 5032 -1
4833 4932 4934 5033 -1
4834 4933 4935 5034 -1
4835 4934 4936 5035 -1
4836 4935 4937 5036 -1
4837 4936 4938 5037 -1
4838 4937 4939 5038 -1
4839 4938 4940 5039 -1
4840 4939 4941 5040 -1
4841 4940 4942 5041 -1
4842 4941 4943 5042 -1
4843 4942 4944 5043 -1
4844 4943 4945 5044 -1
4845 4944 4946 5045 -1
4846 4945 4947 5046 -1
4847 4946 4948 5047 -1
4848 4947 4949 5048 -1
4849 4948 4950 5049 -1
4850 4949 4951 5050 -1
4851 4950 4952 5051 -1
4852 4951 4953 5052 -1
4853 4952 4954 5053 -1
4854 4953 4955 5054 -1
4855 4954 4956 5055 -1
4856 4955 4957 5056 -1
4857 4956 4958 5057 -1
4858 4957 4959 5058 -1
4859 4958 4960 5059 -1
4860 4959 4961 5060 -1
4861 4960 4962 5061 -1
4862 4961 4963 5062 -1
4863 4962 4964 5063 -1
4864 4963 4965 5064 -1
4865 4964 4966 5065 -1
4866 4965 4967 5066 -1
4867 4966 4968 5067 -1
4868 4967 4969 5068 -1
4869 4968 4970 5069 -1
4870 4969 4971 5070 -1
4871 4970 4972 5071 -1
4872 4971 4973 5072 -1
4873 4972 4974 5073 -1
4874 4973 4975 5074 -1
4875 4974 4976 5075 -1
4876 4975 4977 5076 -1
4877 4976 4978 5077 -1
4878 4977 4979 5078 -1
4879 4978 4980 5079 -1
4880 4979 4981 5080 -1
4881 4980 4982 5081 -1
4882 4981 4983 5082 -1
4883 4982 4984 5083 -1
4884 4983 4985 5084 -1
4885 4984 4986 5085 -1
4886 4985 4987 5086 -1
4887 4986 4988 5087 -1
4888 4987 4989 5088 -1
4889 4988 4990 5089 -1
4890 4989 4991 5090 -1
4891 4990 4992 5091 -1
4892 4991 4993 5092 -1
4893 4992 4994 5093 -1
4894 4993 4995 5094 -1
4895 4994 4996 5095 -1
4896 4995 4997 5096 -1
4897 4996 4998 5097 -1
4898 4997 4999 5098 -1
4899 4998 5099 -1
4900 5001 5100 -1
4901 5000 5002 5101 -1
4902 5001 5003 5102 -1
4903 5002 5004 5103 -1
4904 5003 5005 5104 -1
4905 5004 5006 5105 -1
4906 5005 5007 5106 -1
4907 5006 5008 5107 -1
4908 5007 5009 5108 -1
4909 5008 5010 5109 -1
4910 5009 5011 5110 -1
4911 5010 5012 5111 -1
4912 5011 5013 5112 -1
4913 5012 5014 5113 -1
4914 5013 5015 5114 -1
4915 5014 5016 5115 -1
4916 5015 5017 5116 -1
4917 5016 5018 5117 -1
4918 5017 5019 5118 -1
4919 5018 5020 5119 -1
4920 5019 5021 5120 -1
4921 5020 5022 5121 -1
4922 5021 5023 5122 -1
4923 5022 5024 5123 -1
4924 5023 5025 5124 -1
4925 5024 5026 5125 -1
4926 5025 5027 5126 -1
4927 5026 5028 5127 -1
4928 5027 5029 5128 -1
4929 5028 5030 5129 -1
4930 5029 5031 5130 -1
4931 5030 5032 5131 -1
4932 5031 5033 5132 -1
4933 5032 5034 5133 -1
4934 5033 5035 5134 -1
4935 5034 5036 5135 -1
4936 5035 5037 5136 -1
4937 5036 5038 5137 -1
4938 5037 5039 5138 -1
4939 5038 5040 5139 -1
4940 5039 5041 5140 -1
4941 5040 5042 5141 -1
4942 5041 5043 5142 -1
4943 5042 5044 5143 -1
4944 5043 5045 5144 -1
4945 5044 5046 5145 -1
4946 5045 5047 5146 -1
4947 5046 5048 5147 -1
4948 5047 5049 5148 -1
4949 5048 5050 5149 -1
4950 5049 5051 5150 -1
4951 5050 5052 5151 -1
4952 5051 5053 5152 -1
4953 5052 5054 5153 -1
4954 5053 5055 5154 -1
4955 5054 5056 5155 -1
4956 5055 5057 5156 -1
4957 5056 5058 5157 -1
4958 5057 5059 5158 -1
4959 5058 5060 5159 -1
4960 5059 5061 5160 -1
4961 5060 5062 5161 -1
4962 5061 5063 5162 -1
4963 5062 5064 5163 -1
4964 5063 5065 5164 -1
4965 5064 5066 5165 -1
4966 5065 5067 5166 -1
4967 5066 5068 5167 -1
4968 5067 5069 5168 -1
4969 5068 5070 5169 -1
4970 5069 5071 5170 -1
4971 5070 5072 5171 -1
4972 5071 5073 5172 -1
4973 5072 5074 5173 -1
4974 5073 5075 5174 -1
4975 5074 5076 5175 -1
4976 5075 5077 5176 -1
4977 5076 5078 5177 -1
4978 5077 5079 5178 -1
4979 5078 5080 5179 -1
4980 5079 5081 5180 -1
4981 5080 5082 5181 -1
4982 5081 5083 5182 -1
4983 5082 5084 5183 -1
4984 5083 5085 5184 -1
4985 5084 5086 5185 -1
4986 5085 5087 5186 -1
4987 5086 5088 5187 -1
4988 5087 5089 5188 -1
4989 5088 5090 5189 -1
4990 5089 5091 5190 -1
4991 5090 5092 5191 -1
4992 5091 5093 5192 -1
4993 5092 5094 5193 -1
4994 5093 5095 5194 -1
4995 5094 5096 5195 -1
4996 5095 5097 5196 -1
4997 5096 5098 5197 -1
4998 5097 5099 5198 -1
4999 5098 5199 -1
5000 5101 5200 -1
5001 5100 5102 5201 -1
5002 5101 5103 5202 -1
5003 5102 5104 5203 -1
5004 5103 5105 5204 -1
5005 5104 5106 5205 -1
5006 5105 5107 5206 -1
5007 5106 5108 5207 -1
5008 5107 5109 5208 -1
5009 5108 5110 5209 -1
5010 5109 5111 5210 -1
5011 5110 5112 5211 -1
5012 5111 5113 5212 -1
5013 5112 5114 5213 -1
5014 5113 5115 5214 -1
5015 5114 5116 5215 -1
5016 5115 5117 5216 -1
5017 5116 5118 5217 -1
5018 5117 5119 5218 -1
5019 5118 5120 5219 -1
5020 5119 5121 5220 -1
5021 5120 5122 5221 -1
5022 5121 5123 5222 -1
5023 5122 5124 5223 -1
5024 5123 5125 5224 -1
5025 5124 5126 5225 -1
5026 5125 5127 5226 -1
5027 5126 5128 5227 -1
5028 5127 5129 5228 -1
5029 5128 5130 5229 -1
5030 5129 5131 5230 -1
5031 5130 5132 5231 -1
5032 5131 5133 5232 -1
5033 5132 5134 5233 -1
5034 5133 5135 5234 -1
5035 5134 5136 5235 -1
5036 5135 5137 5236 -1
5037 5136 5138 5237 -1
5038 5137 5139 5238 -1
5039 5138 5140 5239 -1
5040 5139 5141 5240 -1
5041 5140 5142 5241 -1
5042 5141 5143 5242 -1
5043 5142 5144 5243 -1
5044 5143 5145 5244 -1
5045 5144 5146 5245 -1
5046 5145 5147 5246 -1
5047 5146 5148 5247 -1
5048 5147 5149 5248 -1
5049 5148 5150 5249 -1
5050 5149 5151 5250 -1
5051 5150 5152 5251 -1
5052 5151 5153 5252 -1
5053 5152 5154 5253 -1
5054 5153 5155 5254 -1
5055 5154 5156 5255 -1
5056 5155 5157 5256 -1
5057 5156 5158 5257 -1
5058 5157 5159 5258 -1
5059 5158 5160 5259 -1
5060 5159 5161 5260 -1
5061 5160 5162 5261 -1
5062 5161 5163 5262 -1
5063 5162 5164 5263 -1
5064 5163 5165 5264 -1
5065 5164 5166 5265 -1
5066 5165 5167 5266 -1
5067 5166 5168 5267 -1
5068 5167 5169 5268 -1
5069 5168 5170 5269 -1
5070 5169 5171 5270 -1
5071 5170 5172 5271 -1
5072 5171 5173 5272 -1
5073 5172 5174 5273 -1
5074 5173 5175 5274 -1
5075 5174 5176 5275 -1
5076 5175 5177 5276 -1
5077 5176 5178 5277 -1
5078 5177 5179 5278 -1
5079 5178 5180 5279 -1
5080 5179 5181 5280 -1
5081 5180 5182 5281 -1
5082 5181 5183 5282 -1
5083 5182 5184 5283 -1
5084 5183 5185 5284 -1
5085 5184 5186 5285 -1
5086 5185 5187 5286 -1
5087 5186 5188 5287 -1
5088 5187 5189 5288 -1
5089 5188 5190 5289 -1
5090 5189 5191 5290 -1
5091 5190 5192 5291 -1
5092 5191 5193 5292 -1
5093 5192 5194 5293 -1
5094 5193 5195 5294 -1
5095 5194 5196 5295 -1
5096 5195 5197 5296 -1
5097 5196 5198 5297 -1
5098 5197 5199 5298 -1
5099 5198 5299 -1
5100 5201 5300 -1
5101 5200 5202 5301 -1
5102 5201 5203 5302 -1
5103 5202 5204 5303 -1
5104 5203 5205 5304 -1
5105 5204 5206 5305 -1
5106 5205 5207 5306 -1
5107 5206 5208 5307 -1
5108 5207 5209 5308 -1
5109 5208 5210 5309 -1
5110 5209 5211 5310 -1
5111 5210 5212 5311 -1
5112 5211 5213 5312 -1
5113 5212 5214 5313 -1
5114 5213 5215 5314 -1
5115 5214 5216 5315 -1
5116 5215 5217 5316 -1
5117 5216 5218 5317 -1
5118 5217 5219 5318 -1
5119 5218 5220 5319 -1
5120 5219 5221 5320 -1
5121 5220 5222 5321 -1
5122 5221 5223 5322 -1
5123 5222 5224 5323 -1
5124 5223 5225 5324 -1
5125 5224 5226 5325 -1
5126 5225 5227 5326 -1
5127 5226 5228 5327 -1
5128 5227 5229 5328 -1
5129 5228 5230 5329 -1
5130 5229 5231 5330 -1
5131 5230 5232 5331 -1
5132 5231 5233 5332 -1
5133 5232 5234 5333 -1
5134 5233 5235 5334 -1
5135 5234 5236 5335 -1
5136 5235 5237 5336 -1
5137 5236 5238 5337 -1
5138 5237 5239 5338 -1
5139 5238 5240 5339 -1
5140 5239 5241 5340 -1
5141 5240 5242 5341 -1
5142 5241 5243 5342 -1
5143 5242 5244 5343 -1
5144 5243 5245 5344 -1
5145 5244 5246 5345 -1
5146 5245 5247 5346 -1
5147 5246 5248 5347 -1
5148 5247 5249 5348 -1
5149 5248 5250 5349 -1
5150 5249 5251 5350 -1
5151 5250 5252 5351 -1
5152 5251 5253 5352 -1
5153 5252 5254 5353 -1
5154 5253 5255 5354 -1
5155 5254 5256 5355 -1
5156 5255 5257 5356 -1
5157 5256 5258 5357 -1
5158 5257 5259 5358 -1
5159 5258 5260 5359 -1
5160 5259 5261 5360 -1
5161 5260 5262 5361 -1
5162 5261 5263 5362 -1
5163 5262 5264 5363 -1
5164 5263 5265 5364 -1
5165 5264 5266 5365 -1
5166 5265 5267 5366 -1
5167 5266 5268 5367 -1
5168 5267 5269 5368 -1
5169 5268 5270 5369 -1
5170 5269 5271 5370 -1
5171 5270 5272 5371 -1
5172 5271 5273 5372 -1
5173 5272 5274 5373 -1
5174 5273 5275 5374 -1
5175 5274 5276 5375 -1
5176 5275 5277 5376 -1
5177 5276 5278 5377 -1
5178 5277 5279 5378 -1
5179 5278 5280 5379 -1
5180 5279 5281 5380 -1
5181 5280 5282 5381 -1
5182 5281 5283 5382 -1
5183 5282 5284 5383 -1
5184 5283 5285 5384 -1
5185 5284 5286 5385 -1
5186 5285 5287 5386 -1
5187 5286 5288 5387 -1
5188 5287 5289 5388 -1
5189 5288 5290 5389 -1
5190 5289 5291 5390 -1
5191 5290 5292 5391 -1
5192 5291 5293 5392 -1
5193 5292 5294 5393 -1
5194 5293 5295 5394 -1
5195 5294 5296 5395 -1
5196 5295 5297 5396 -1
5197 5296 5298 5397 -1
5198 5297 5299 5398 -1
5199 5298 5399 -1
5200 5301 5400 -1
5201 5300 5302 5401 -1
5202 5301 5303 5402 -1
5203 5302 5304 5403 -1
5204 5303 5305 5404 -1
5205 5304 5306 5405 -1
5206 5305 5307 5406 -1
5207 5306 5308 5407 -1
5208 5307 5309 5408 -1
5209 5308 5310 5409 -1
5210 5309 5311 5410 -1
5211 5310 5312 5411 -1
5212 5311 5313 5412 -1
5213 5312 5314 5413 -1
5214 5313 5315 5414 -1
5215 5314 5316 5415 -1
5216 5315 5317 5416 -1
5217 5316 5318 5417 -1
5218 5317 5319 5418 -1
5219 5318 5320 5419 -1
5220 5319 5321 5420 -1
5221 5320 5322 5421 -1
5222 5321 5323 5422 -1
5223 5322 5324 5423 -1
5224 5323 5325 5424 -1
5225 5324 5326 5425 -1
5226 5325 5327 5426 -1
5227 5326 5328 5427 -1
5228 5327 5329 5428 -1
5229 5328 5330 5429 -1
5230 5329 5331 5430 -1
5231 5330 5332 5431 -1
5232 5331 5333 5432 -1
5233 5332 5334 5433 -1
5234 5333 5335 5434 -1
5235 5334 5336 5435 -1
5236 5335 5337 5436 -1
5237 5336 5338 5437 -1
5238 5337 5339 5438 -1
5239 5338 5340 5439 -1
5240 5339 5341 5440 -1
5241 5340 5342 5441 -1
5242 5341 5343 5442 -1
5243 5342 5344 5443 -1
5244 5343 5345 5444 -1
5245 5344 5346 5445 -1
5246 5345 5347 5446 -1
5247 5346 5348 5447 -1
5248 5347 5349 5448 -1
5249 5348 5350 5449 -1
5250 5349 5351 5450 -1
5251 5350 5352 5451 -1
5252 5351 5353 5452 -1
5253 5352 5354 5453 -1
5254 5353 5355 5454 -1
5255 5354 5356 5455 -1
5256 5355 5357 5456 -1
5257 5356 5358 5457 -1
5258 5357 5359 5458 -1
5259 5358 5360 5459 -1
5260 5359 5361 5460 -1
5261 5360 5362 5461 -1
5262 5361 5363 5462 -1
5263 5362 5364 5463 -1
5264 5363 5365 5464 -1
5265 5364 5366 5465 -1
5266 5365 5367 5466 -1
5267 5366 5368 5467 -1
5268 5367 5369 5468 -1
5269 5368 5370 5469 -1
5270 5369 5371 5470 -1
5271 5370 5372 5471 -1
5272 5371 5373 5472 -1
5273 5372 5374 5473 -1
5274 5373 5375 5474 -1
5275 5374 5376 5475 -1
5276 5375 5377 5476 -1
5277 5376 5378 5477 -1
5278 5377 5379 5478 -1
5279 5378 5380 5479 -1
5280 5379 5381 5480 -1
5281 5380 5382 5481 -1
5282 5381 5383 5482 -1
5283 5382 5384 5483 -1
5284 5383 5385 5484 -1
5285 5384 5386 5485 -1
5286 5385 5387 5486 -1
5287 5386 5388 5487 -1
5288 5387 5389 5488 -1
5289 5388 5390 5489 -1
5290 5389 5391 5490 -1
5291 5390 5392 5491 -1
5292 5391 5393 5492 -1
5293 5392 5394 5493 -1
5294 5393 5395 5494 -1
5295 5394 5396 5495 -1
5296 5395 5397 5496 -1
5297 5396 5398 5497 -1
5298 5397 5399 5498 -1
5299 5398 5499 -1
5300 5401 5500 -1
5301 5400 5402 5501 -1
5302 5401 5403 5502 -1
5303 5402 5404 5503 -1
5304 5403 5405 5504 -1
5305 5404 5406 5505 -1
5306 5405 5407 5506 -1
5307 5406 5408 5507 -1
5308 5407 5409 5508 -1
5309 5408 5410 5509 -1
5310 5409 5411 5510 -1
5311 5410 5412 5511 -1
5312 5411 5413 5512 -1
5313 5412 5414 5513 -1
5314 5413 5415 5514 -1
5315 5414 5416 5515 -1
5316 5415 5417 5516 -1
5317 5416 5418 5517 -1
5318 5417 5419 5518 -1
5319 5418 5420 5519 -1
5320 5419 5421 5520 -1
5321 5420 5422 5521 -1
5322 5421 5423 5522 -1
5323 5422 5424 5523 -1
5324 5423 5425 5524 -1
5325 5424 5426 5525 -1
5326 5425 5427 5526 -1
5327 5426 5428 5527 -1
5328 5427 5429 5528 -1
5329 5428 5430 5529 -1
5330 5429 5431 5530 -1
5331 5430 5432 5531 -1
5332 5431 5433 5532 -1
5333 5432 5434 5533 -1
5334 5433 5435 5534 -1
5335 5434 5436 5535 -1
5336 5435 5437 5536 -1
5337 5436 5438 5537 -1
5338 5437 5439 5538 -1
5339 5438 5440 5539 -1
5340 5439 5441 5540 -1
5341 5440 5442 5541 -1
5342 5441 5443 5542 -1
5343 5442 5444 5543 -1
5344 5443 5445 5544 -1
5345 5444 5446 5545 -1
5346 5445 5447 5546 -1
5347 5446 5448 5547 -1
5348 5447 5449 5548 -1
5349 5448 5450 5549 -1
5350 5449 5451 5550 -1
5351 5450 5452 5551 -1
5352 5451 5453 5552 -1
5353 5452 5454 5553 -1
5354 5453 5455 5554 -1
5355 5454 5456 5555 -1
5356 5455 5457 5556 -1
5357 5456 5458 5557 -1
5358 5457 5459 5558 -1
5359 5458 5460 5559 -1
5360 5459 5461 5560 -1
5361 5460 5462 5561 -1
5362 5461 5463 5562 -1
5363 5462 5464 5563 -1
5364 5463 5465 5564 -1
5365 5464 5466 5565 -1
5366 5465 5467 5566 -1
5367 5466 5468 5567 -1
5368 5467 5469 5568 -1
5369 5468 5470 5569 -1
5370 5469 5471 5570 -1
5371 5470 5472 5571 -1
5372 5471 5473 5572 -1
5373 5472 5474 5573 -1
5374 5473 5475 5574 -1
5375 5474 5476 5575 -1
5376 5475 5477 5576 -1
5377 5476 5478 5577 -1
5378 5477 5479 5578 -1
5379 5478 5480 5579 -1
5380 5479 5481 5580 -1
5381 5480 5482 5581 -1
5382 5481 5483 5582 -1
5383 5482 5484 5583 -1
5384 5483 5485 5584 -1
5385 5484 5486 5585 -1
5386 5485 5487 5586 -1
5387 5486 5488 5587 -1
5388 5487 5489 5588 -1
5389 5488 5490 5589 -1
5390 5489 5491 5590 -1
5391 5490 5492 5591 -1
5392 5491 5493 5592 -1
5393 5492 5494 5593 -1
5394 5493 5495 5594 -1
5395 5494 5496 5595 -1
5396 5495 5497 5596 -1
5397 5496 5498 5597 -1
5398 5497 5499 5598 -1
5399 5498 5599 -1
5400 5501 5600 -1
5401 5500 5502 5601 -1
5402 5501 5503 5602 -1
5403 5502 5504 5603 -1
5404 5503 5505 5604 -1
5405 5504 5506 5605 -1
5406 5505 5507 5606 -1
5407 5506 5508 5607 -1
5408 5507 5509 5608 -1
5409 5508 5510 5609 -1
5410 5509 5511 5610 -1
5411 5510 5512 5611 -1
5412 5511 5513 5612 -1
5413 5512 5514 5613 -1
5414 5513 5515 5614 -1
5415 5514 5516 5615 -1
5416 5515 5517 5616 -1
5417 5516 5518 5617 -1
5418 5517 5519 5618 -1
5419 5518 5520 5619 -1
5420 5519 5521 5620 -1
5421 5520 5522 5621 -1
5422 5521 5523 5622 -1
5423 5522 5524 5623 -1
5424 5523 5525 5624 -1
5425 5524 5526 5625 -1
5426 5525 5527 5626 -1
5427 5526 5528 5627 -1
5428 5527 5529 5628 -1
5429 5528 5530 5629 -1
5430 5529 5531 5630 -1
5431 5530 5532 5631 -1
5432 5531 5533 5632 -1
5433 5532 5534 5633 -1
5434 5533 5535 5634 -1
5435 5534 5536 5635 -1
5436 5535 5537 5636 -1
5437 5536 5538 5637 -1
5438 5537 5539 5638 -1
5439 5538 5540 5639 -1
5440 5539 5541 5640 -1
5441 5540 5542 5641 -1
5442 5541 5543 5642 -1
5443 5542 5544 5643 -1
5444 5543 5545 5644 -1
5445 5544 5546 5645 -1
5446 5545 5547 5646 -1
5447 5546 5548 5647 -1
5448 5547 5549 5648 -1
5449 5548 5550 5649 -1
5450 5549 5551 5650 -1
5451 5550 5552 5651 -1
5452 5551 5553 5652 -1
5453 5552 5554 5653 -1
5454 5553 5555 5654 -1
5455 5554 5556 5655 -1
5456 5555 5557 5656 -1
5457 5556 5558 5657 -1
5458 5557 5559 5658 -1
5459 5558 5560 5659 -1
5460 5559 5561 5660 -1
5461 5560 5562 5661 -1
5462 5561 5563 5662 -1
5463 5562 5564 5663 -1
5464 5563 5565 5664 -1
5465 5564 5566 5665 -1
5466 5565 5567 5666 -1
5467 5566 5568 5667 -1
5468 5567 5569 5668 -1
5469 5568 5570 5669 -1
5470 5569 5571 5670 -1
5471 5570 5572 5671 -1
5472 5571 5573 5672 -1
5473 5572 5574 5673 -1
5474 5573 5575 5674 -1
5475 5574 5576 5675 -1
5476 5575 5577 5676 -1
5477 5576 5578 5677 -1
5478 5577 5579 5678 -1
5479 5578 5580 5679 -1
5480 5579 5581 5680 -1
5481 5580 5582 5681 -1
5482 5581 5583 5682 -1
5483 5582 5584 5683 -1
5484 5583 5585 5684 -1
5485 5584 5586 5685 -1
5486 5585 5587 5686 -1
5487 5586 5588 5687 -1
5488 5587 5589 5688 -1
5489 5588 5590 5689 -1
5490 5589 5591 5690 -1
5491 5590 5592 5691 -1
5492 5591 5593 5692 -1
5493 5592 5594 5693 -1
5494 5593 5595 5694 -1
5495 5594 5596 5695 -1
5496 5595 5597 5696 -1
5497 5596 5598 5697 -1
5498 5597 5599 5698 -1
5499 5598 5699 -1
5500 5601 5700 -1
5501 5600 5602 5701 -1
5502 5601 5603 5702 -1
5503 5602 5604 5703 -1
5504 5603 5605 5704 -1
5505 5604 5606 5705 -1
5506 5605 5607 5706 -1
5507 5606 5608 5707 -1
5508 5607 5609 5708 -1
5509 5608 5610 5709 -1
5510 5609 5611 5710 -1
5511 5610 5612 5711 -1
5512 5611 5613 5712 -1
5513 5612 5614 5713 -1
5514 5613 5615 5714 -1
5515 5614 5616 5715 -1
5516 5615 5617 5716 -1
5517 5616 5618 5717 -1
5518 5617 5619 5718 -1
5519 5618 5620 5719 -1
5520 5619 5621 5720 -1
5521 5620 5622 5721 -1
5522 5621 5623 5722 -1
5523 5622 5624 5723 -1
5524 5623 5625 5724 -1
5525 5624 5626 5725 -1
5526 5625 5627 5726 -1
5527 5626 5628 5727 -1
5528 5627 5629 5728 -1
5529 5628 5630 5729 -1
5530 5629 5631 5730 -1
5531 5630 5632 5731 -1
5532 5631 5633 5732 -1
5533 5632 5634 5733 -1
5534 5633 5635 5734 -1
5535 5634 5636 5735 -1
5536 5635 5637 5736 -1
5537 5636 5638 5737 -1
5538 5637 5639 5738 -1
5539 5638 5640 5739 -1
5540 5639 5641 5740 -1
5541 5640 5642 5741 -1
5542 5641 5643 5742 -1
5543 5642 5644 5743 -1
5544 5643 5645 5744 -1
5545 5644 5646 5745 -1
5546 5645 5647 5746 -1
5547 5646 5648 5747 -1
5548 5647 5649 5748 -1
5549 5648 5650 5749 -1
5550 5649 5651 5750 -1
5551 5650 5652 5751 -1
5552 5651 5653 5752 -1
5553 5652 5654 5753 -1
5554 5653 5655 5754 -1
5555 5654 5656 5755 -1
5556 5655 5657 5756 -1
5557 5656 5658 5757 -1
5558 5657 5659 5758 -1
5559 5658 5660 5759 -1
5560 5659 5661 5760 -1
5561 5660 5662 5761 -1
5562 5661 5663 5762 -1
5563 5662 5664 5763 -1
5564 5663 5665 5764 -1
5565 5664 5666 5765 -1
5566 5665 5667 5766 -1
5567 5666 5668 5767 -1
5568 5667 5669 5768 -1
5569 5668 5670 5769 -1
5570 5669 5671 5770 -1
5571 5670 5672 5771 -1
5572 5671 5673 5772 -1
5573 5672 5674 5773 -1
5574 5673 5675 5774 -1
5575 5674 5676 5775 -1
5576 5675 5677 5776 -1
5577 5676 5678 5777 -1
5578 5677 5679 5778 -1
5579 5678 5680 5779 -1
5580 5679 5681 5780 -1
5581 5680 5682 5781 -1
5582 5681 5683 5782 -1
5583 5682 5684 5783 -1
5584 5683 5685 5784 -1
5585 5684 5686 5785 -1
5586 5685 5687 5786 -1
5587 5686 5688 5787 -1
5588 5687 5689 5788 -1
5589 5688 5690 5789 -1
5590 5689 5691 5790 -1
5591 5690 5692 5791 -1
5592 5691 5693 5792 -1
5593 5692 5694 5793 -1
5594 5693 5695 5794 -1
5595 5694 5696 5795 -1
5596 5695 5697 5796 -1
5597 5696 5698 5797 -1
5598 5697 5699 5798 -1
5599 5698 5799 -1
5600 5701 5800 -1
5601 5700 5702 5801 -1
5602 5701 5703 5802 -1
5603 5702 5704 5803 -1
5604 5703 5705 5804 -1
5605 5704 5706 5805 -1
5606 5705 5707 5806 -1
5607 5706 5708 5807 -1
5608 5707 5709 5808 -1
5609 5708 5710 5809 -1
5610 5709 5711 5810 -1
5611 5710 5712 5811 -1
5612 5711 5713 5812 -1
5613 5712 5714 5813 -1
5614 5713 5715 5814 -1
5615 5714 5716 5815 -1
5616 5715 5717 5816 -1
5617 5716 5718 5817 -1
5618 5717 5719 5818 -1
5619 5718 5720 5819 -1
5620 5719 5721 5820 -1
5621 5720 5722 5821 -1
5622 5721 5723 5822 -1
5623 5722 5724 5823 -1
5624 5723 5725 5824 -1
5625 5724 5726 5825 -1
5626 5725 5727 5826 -1
5627 5726 5728 5827 -1
5628 5727 5729 5828 -1
5629 5728 5730 5829 -1
5630 5729 5731 5830 -1
5631 5730 5732 5831 -1
5632 5731 5733 5832 -1
5633 5732 5734 5833 -1
5634 5733 5735 5834 -1
5635 5734 5736 5835 -1
5636 5735 5737 5836 -1
5637 5736 5738 5837 -1
5638 5737 5739 5838 -1
5639 5738 5740 5839 -1
5640 5739 5741 5840 -1
5641 5740 5742 5841 -1
5642 5741 5743 5842 -1
5643 5742 5744 5843 -1
5644 5743 5745 5844 -1
5645 5744 5746 5845 -1
5646 5745 5747 5846 -1
5647 5746 5748 5847 -1
5648 5747 5749 5848 -1
5649 5748 5750 5849 -1
5650 5749 5751 5850 -1
5651 5750 5752 5851 -1
5652 5751 5753 5852 -1
5653 5752 5754 5853 -1
5654 5753 5755 5854 -1
5655 5754 5756 5855 -1
5656 5755 5757 5856 -1
5657 5756 5758 5857 -1
5658 5757 5759 5858 -1
5659 5758 5760 5859 -1
5660 5759 5761 5860 -1
5661 5760 5762 5861 -1
5662 5761 5763 5862 -1
5663 5762 5764 5863 -1
5664 5763 5765 5864 -1
5665 5764 5766 5865 -1
5666 5765 5767 5866 -1
5667 5766 5768 5867 -1
5668 5767 5769 5868 -1
5669 5768 5770 5869 -1
5670 5769 5771 5870 -1
5671 5770 5772 5871 -1
5672 5771 5773 5872 -1
5673 5772 5774 5873 -1
5674 5773 5775 5874 -1
5675 5774 5776 5875 -1
5676 5775 5777 5876 -1
5677 5776 5778 5877 -1
5678 5777 5779 5878 -1
5679 5778 5780 5879 -1
5680 5779 5781 5880 -1
5681 5780 5782 5881 -1
5682 5781 5783 5882 -1
5683 5782 5784 5883 -1
5684 5783 5785 5884 -1
5685 5784 5786 5885 -1
5686 5785 5787 5886 -1
5687 5786 5788 5887 -1
5688 5787 5789 5888 -1
5689 5788 5790 5889 -1
5690 5789 5791 5890 -1
5691 5790 5792 5891 -1
5692 5791 5793 5892 -1
5693 5792 5794 5893 -1
5694 5793 5795 5894 -1
5695 5794 5796 5895 -1
5696 5795 5797 5896 -1
5697 5796 5798 5897 -1
5698 5797 5799 5898 -1
5699 5798 5899 -1
5700 5801 5900 -1
5701 5800 5802 5901 -1
5702 5801 5803 5902 -1
5703 5802 5804 5903 -1
5704 5803 5805 5904 -1
5705 5804 5806 5905 -1
5706 5805 5807 5906 -1
5707 5806 5808 5907 -1
5708 5807 5809 5908 -1
5709 5808 5810 5909 -1
5710 5809 5811 5910 -1
5711 5810 5812 5911 -1
5712 5811 5813 5912 -1
5713 5812 5814 5913 -1
5714 5813 5815 5914 -1
5715 5814 5816 5915 -1
5716 5815 5817 5916 -1
5717 5816 5818 5917 -1
5718 5817 5819 5918 -1
5719 5818 5820 5919 -1
5720 5819 5821 5920 -1
5721 5820 5822 5921 -1
5722 5821 5823 5922 -1
5723 5822 5824 5923 -1
5724 5823 5825 5924 -1
5725 5824 5826 5925 -1
5726 5825 5827 5926 -1
5727 5826 5828 5927 -1
5728 5827 5829 5928 -1
5729 5828 5830 5929 -1
5730 5829 5831 5930 -1
5731 5830 5832 5931 -1
5732 5831 5833 5932 -1
5733 5832 5834 5933 -1
5734 5833 5835 5934 -1
5735 5834 5836 5935 -1
5736 5835 5837 5936 -1
5737 5836 5838 5937 -1
5738 5837 5839 5938 -1
5739 5838 5840 5939 -1
5740 5839 5841 5940 -1
5741 5840 5842 5941 -1
5742 5841 5843 5942 -1
5743 5842 5844 5943 -1
5744 5843 5845 5944 -1
5745 5844 5846 5945 -1
5746 5845 5847 5946 -1
5747 5846 5848 5947 -1
5748 5847 5849 5948 -1
5749 5848 5850 5949 -1
5750 5849 5851 5950 -1
5751 5850 5852 5951 -1
5752 5851 5853 5952 -1
5753 5852 5854 5953 -1
5754 5853 5855 5954 -1
5755 5854 5856 5955 -1
5756 5855 5857 5956 -1
5757 5856 5858 5957 -1
5758 5857 5859 5958 -1
5759 5858 5860 5959 -1
5760 5859 5861 5960 -1
5761 5860 5862 5961 -1
5762 5861 5863 5962 -1
5763 5862 5864 5963 -1
5764 5863 5865 5964 -1
5765 5864 5866 5965 -1
5766 5865 5867 5966 -1
5767 5866 5868 5967 -1
5768 5867 5869 5968 -1
5769 5868 5870 5969 -1
5770 5869 5871 5970 -1
5771 5870 5872 5971 -1
5772 5871 5873 5972 -1
5773 5872 5874 5973 -1
5774 5873 5875 5974 -1
5775 5874 5876 5975 -1
5776 5875 5877 5976 -1
5777 5876 5878 5977 -1
5778 5877 5879 5978 -1
5779 5878 5880 5979 -1
5780 5879 5881 5980 -1
5781 5880 5882 5981 -1
5782 5881 5883 5982 -1
5783 5882 5884 5983 -1
5784 5883 5885 5984 -1
5785 5884 5886 5985 -1
5786 5885 5887 5986 -1
5787 5886 5888 5987 -1
5788 5887 5889 5988 -1
5789 5888 5890 5989 -1
5790 5889 5891 5990 -1
5791 5890 5892 5991 -1
5792 5891 5893 5992 -1
5793 5892 5894 5993 -1
5794 5893 5895 5994 -1
5795 5894 5896 5995 -1
5796 5895 5897 5996 -1
5797 5896 5898 5997 -1
5798 5897 5899 5998 -1
5799 5898 5999 -1
5800 5901 6000 -1
5801 5900 5902 6001 -1
5802 5901 5903 6002 -1
5803 5902 5904 6003 -1
5804 5903 5905 6004 -1
5805 5904 5906 6005 -1
5806 5905 5907 6006 -1
5807 5906 5908 6007 -1
5808 5907 5909 6008 -1
5809 5908 5910 6009 -1
5810 5909 5911 6010 -1
5811 5910 5912 6011 -1
5812 5911 5913 6012 -1
5813 5912 5914 6013 -1
5814 5913 5915 6014 -1
5815 5914 5916 6015 -1
5816 5915 5917 6016 -1
5817 5916 5918 6017 -1
5818 5917 5919 6018 -1
5819 5918 5920 6019 -1
5820 5919 5921 6020 -1
5821 5920 5922 6021 -1
5822 5921 5923 6022 -1
5823 5922 5924 6023 -1
5824 5923 5925 6024 -1
5825 5924 5926 6025 -1
5826 5925 5927 6026 -1
5827 5926 5928 6027 -1
5828 5927 5929 6028 -1
5829 5928 5930 6029 -1
5830 5929 5931 6030 -1
5831 5930 5932 6031 -1
5832 5931 5933 6032 -1
5833 5932 5934 6033 -1
5834 5933 5935 6034 -1
5835 5934 5936 6035 -1
5836 5935 5937 6036 -1
5837 5936 5938 6037 -1
5838 5937 5939 6038 -1
5839 5938 5940 6039 -1
5840 5939 5941 6040 -1
5841 5940 5942 6041 -1
5842 5941 5943 6042 -1
5843 5942 5944 6043 -1
5844 5943 5945 6044 -1
5845 5944 5946 6045 -1
5846 5945 5947 6046 -1
5847 5946 5948 6047 -1
5848 5947 5949 6048 -1
5849 5948 5950 6049 -1
5850 5949 5951 6050 -1
5851 5950 5952 6051 -1
5852 5951 5953 6052 -1
5853 5952 5954 6053 -1
5854 5953 5955 6054 -1
5855 5954 5956 6055 -1
5856 5955 5957 6056 -1
5857 5956 5958 6057 -1
5858 5957 5959 6058 -1
5859 5958 5960 6059 -1
5860 5959 5961 6060 -1
5861 5960 5962 6061 -1
5862 5961 5963 6062 -1
5863 5962 5964 6063 -1
5864 5963 5965 6064 -1
5865 5964 5966 6065 -1
5866 5965 5967 6066 -1
5867 5966 5968 6067 -1
5868 5967 5969 6068 -1
5869 5968 5970 6069 -1
5870 5969 5971 6070 -1
5871 5970 5972 6071 -1
5872 5971 5973 6072 -1
5873 5972 5974 6073 -1
5874 5973 5975 6074 -1
5875 5974 5976 6075 -1
5876 5975 5977 6076 -1
5877 5976 5978 6077 -1
5878 5977 5979 6078 -1
5879 5978 5980 6079 -1
5880 5979 5981 6080 -1
5881 5980 5982 6081 -1
5882 5981 5983 6082 -1
5883 5982 5984 6083 -1
5884 5983 5985 6084 -1
5885 5984 5986 6085 -1
5886 5985 5987 6086 -1
5887 5986 5988 6087 -1
5888 5987 5989 6088 -1
5889 5988 5990 6089 -1
5890 5989 5991 6090 -1
5891 5990 5992 6091 -1
5892 5991 5993 6092 -1
5893 5992 5994 6093 -1
5894 5993 5995 6094 -1
5895 5994 5996 6095 -1
5896 5995 5997 6096 -1
5897 5996 5998 6097 -1
5898 5997 5999 6098 -1
5899 5998 6099 -1
5900 6001 6100 -1
5901 6000 6002 6101 -1
5902 6001 6003 6102 -1
5903 6002 6004 6103 -1
5904 6003 6005 6104 -1
5905 6004 6006 6105 -1
5906 6005 6007 6106 -1
5907 6006 6008 6107 -1
5908 6007 6009 6108 -1
5909 6008 6010 6109 -1
5910 6009 6011 6110 -1
5911 6010 6012 6111 -1
5912 6011 6013 6112 -1
5913 6012 6014 6113 -1
5914 6013 6015 6114 -1
5915 6014 6016 6115 -1
5916 6015 6017 6116 -1
5917 6016 6018 6117 -1
5918 6017 6019 6118 -1
5919 6018 6020 6119 -1
5920 6019 6021 6120 -1
5921 6020 6022 6121 -1
5922 6021 6023 6122 -1
5923 6022 6024 6123 -1
5924 6023 6025 6124 -1
5925 6024 6026 6125 -1
5926 6025 6027 6126 -1
5927 6026 6028 6127 -1
5928 6027 6029 6128 -1
5929 6028 6030 6129 -1
5930 6029 6031 6130 -1
5931 6030 6032 6131 -1
5932 6031 6033 6132 -1
5933 6032 6034 6133 -1
5934 6033 6035 6134 -1
5935 6034 6036 6135 -1
5936 6035 6037 6136 -1
5937 6036 6038 6137 -1
5938 6037 6039 6138 -1
5939 6038 6040 6139 -1
5940 6039 6041 6140 -1
5941 6040 6042 6141 -1
5942 6041 6043 6142 -1
5943 6042 6044 6143 -1
5944 6043 6045 6144 -1
5945 6044 6046 6145 -1
5946 6045 6047 6146 -1
5947 6046 6048 6147 -1
5948 6047 6049 6148 -1
5949 6048 6050 6149 -1
5950 6049 6051 6150 -1
5951 6050 6052 6151 -1
5952 6051 6053 6152 -1
5953 6052 6054 6153 -1
5954 6053 6055 6154 -1
5955 6054 6056 6155 -1
5956 6055 6057 6156 -1
5957 6056 6058 6157 -1
5958 6057 6059 6158 -1
5959 6058 6060 6159 -1
5960 6059 6061 6160 -1
5961 6060 6062 6161 -1
5962 6061 6063 6162 -1
5963 6062 6064 6163 -1
5964 6063 6065 6164 -1
5965 6064 6066 6165 -1
5966 6065 6067 6166 -1
5967 6066 6068 6167 -1
5968 6067 6069 6168 -1
5969 6068 6070 6169 -1
5970 6069 6071 6170 -1
5971 6070 6072 6171 -1
5972 6071 6073 6172 -1
5973 6072 6074 6173 -1
5974 6073 6075 6174 -1
5975 6074 6076 6175 -1
5976 6075 6077 6176 -1
5977 6076 6078 6177 -1
5978 6077 6079 6178 -1
5979 6078 6080 6179 -1
5980 6079 6081 6180 -1
5981 6080 6082 6181 -1
5982 6081 6083 6182 -1
5983 6082 6084 6183 -1
5984 6083 6085 6184 -1
5985 6084 6086 6185 -1
5986 6085 6087 6186 -1
5987 6086 6088 6187 -1
5988 6087 6089 6188 -1
5989 6088 6090 6189 -1
5990 6089 6091 6190 -1
5991 6090 6092 6191 -1
5992 6091 6093 6192 -1
5993 6092 6094 6193 -1
5994 6093 6095 6194 -1
5995 6094 6096 6195 -1
5996 6095 6097 6196 -1
5997 6096 6098 6197 -1
5998 6097 6099 6198 -1
5999 6098 6199 -1
6000 6101 6200 -1
6001 6100 6102 6201 -1
6002 6101 6103 6202 -1
6003 6102 6104 6203 -1
6004 6103 6105 6204 -1
6005 6104 6106 6205 -1
6006 6105 6107 6206 -1
6007 6106 6108 6207 -1
6008 6107 6109 6208 -1
6009 6108 6110 6209 -1
6010 6109 6111 6210 -1
6011 6110 6112 6211 -1
6012 6111 6113 6212 -1
6013 6112 6114 6213 -1
6014 6113 6115 6214 -1
6015 6114 6116 6215 -1
6016 6115 6117 6216 -1
6017 6116 6118 6217 -1
6018 6117 6119 6218 -1
6019 6118 6120 6219 -1
6020 6119 6121 6220 -1
6021 6120 6122 6221 -1
6022 6121 6123 6222 -1
6023 6122 6124 6223 -1
6024 6123 6125 6224 -1
6025 6124 6126 6225 -1
6026 6125 6127 6226 -1
6027 6126 6128 6227 -1
6028 6127 6129 6228 -1
6029 6128 6130 6229 -1
6030 6129 6131 6230 -1
6031 6130 6132 6231 -1
6032 6131 6133 6232 -1
6033 6132 6134 6233 -1
6034 6133 6135 6234 -1
6035 6134 6136 6235 -1
6036 6135 6137 6236 -1
6037 6136 6138 6237 -1
6038 6137 6139 6238 -1
6039 6138 6140 6239 -1
6040 6139 6141 6240 -1
6041 6140 6142 6241 -1
6042 6141 6143 6242 -1
6043 6142 6144 6243 -1
6044 6143 6145 6244 -1
6045 6144 6146 6245 -1
6046 6145 6147 6246 -1
6047 6146 6148 6247 -1
6048 6147 6149 6248 -1
6049 6148 6150 6249 -1
6050 6149 6151 6250 -1
6051 6150 6152 6251 -1
6052 6151 6153 6252 -1
6053 6152 6154 6253 -1
6054 6153 6155 6254 -1
6055 6154 6156 6255 -1
6056 6155 6157 6256 -1
6057 6156 6158 6257 -1
6058 6157 6159 6258 -1
6059 6158 6160 6259 -1
6060 6159 6161 6260 -1
6061 6160 6162 6261 -1
6062 6161 6163 6262 -1
6063 6162 6164 6263 -1
6064 6163 6165 6264 -1
6065 6164 6166 6265 -1
6066 6165 6167 6266 -1
6067 6166 6168 6267 -1
6068 6167 6169 6268 -1
6069 6168 6170 6269 -1
6070 6169 6171 6270 -1
6071 6170 6172 6271 -1
6072 6171 6173 6272 -1
6073 6172 6174 6273 -1
6074 6173 6175 6274 -1
6075 6174 6176 6275 -1
6076 6175 6177 6276 -1
6077 6176 6178 6277 -1
6078 6177 6179 6278 -1
6079 6178 6180 6279 -1
6080 6179 6181 6280 -1
6081 6180 6182 6281 -1
6082 6181 6183 6282 -1
6083 6182 6184 6283 -1
6084 6183 6185 6284 -1
6085 6184 6186 6285 -1
6086 6185 6187 6286 -1
6087 6186 6188 6287 -1
6088 6187 6189 6288 -1
6089 6188 6190 6289 -1
6090 6189 6191 6290 -1
6091 6190 6192 6291 -1
6092 6191 6193 6292 -1
6093 6192 6194 6293 -1
6094 6193 6195 6294 -1
6095 6194 6196 6295 -1
6096 6195 6197 6296 -1
6097 6196 6198 6297 -1
6098 6197 6199 6298 -1
6099 6198 6299 -1
6100 6201 6300 -1
6101 6200 6202 6301 -1
6102 6201 6203 6302 -1
6103 6202 6204 6303 -1
6104 6203 6205 6304 -1
6105 6204 6206 6305 -1
6106 6205 6207 6306 -1
6107 6206 6208 6307 -1
6108 6207 6209 6308 -1
6109 6208 6210 6309 -1
6110 6209 6211 6310 -1
6111 6210 6212 6311 -1
6112 6211 6213 6312 -1
6113 6212 6214 6313 -1
6114 6213 6215 6314 -1
6115 6214 6216 6315 -1
6116 6215 6217 6316 -1
6117 6216 6218 6317 -1
6118 6217 6219 6318 -1
6119 6218 6220 6319 -1
6120 6219 6221 6320 -1
6121 6220 6222 6321 -1
6122 6221 6223 6322 -1
6123 6222 6224 6323 -1
6124 6223 6225 6324 -1
6125 6224 6226 6325 -1
6126 6225 6227 6326 -1
6127 6226 6228 6327 -1
6128 6227 6229 6328 -1
6129 6228 6230 6329 -1
6130 6229 6231 6330 -1
6131 6230 6232 6331 -1
6132 6231 6233 6332 -1
6133 6232 6234 6333 -1
6134 6233 6235 6334 -1
6135 6234 6236 6335 -1
6136 6235 6237 6336 -1
6137 6236 6238 6337 -1
6138 6237 6239 6338 -1
6139 6238 6240 6339 -1
6140 6239 6241 6340 -1
6141 6240 6242 6341 -1
6142 6241 6243 6342 -1
6143 6242 6244 6343 -1
6144 6243 6245 6344 -1
6145 6244 6246 6345 -1
6146 6245 6247 6346 -1
6147 6246 6248 6347 -1
6148 6247 6249 6348 -1
6149 6248 6250 6349 -1
6150 6249 6251 6350 -1
6151 6250 6252 6351 -1
6152 6251 6253 6352 -1
6153 6252 6254 6353 -1
6154 6253 6255 6354 -1
6155 6254 6256 6355 -1
6156 6255 6257 6356 -1
6157 6256 6258 6357 -1
6158 6257 6259 6358 -1
6159 6258 6260 6359 -1
6160 6259 6261 6360 -1
6161 6260 6262 6361 -1
6162 6261 6263 6362 -1
6163 6262 6264 6363 -1
6164 6263 6265 6364 -1
6165 6264 6266 6365 -1
6166 6265 6267 6366 -1
6167 6266 6268 6367 -1
6168 6267 6269 6368 -1
6169 6268 6270 6369 -1
6170 6269 6271 6370 -1
6171 6270 6272 6371 -1
6172 6271 6273 6372 -1
6173 6272 6274 6373 -1
6174 6273 6275 6374 -1
6175 6274 6276 6375 -1
6176 6275 6277 6376 -1
6177 6276 6278 6377 -1
6178 6277 6279 6378 -1
6179 6278 6280 6379 -1
6180 6279 6281 6380 -1
6181 6280 6282 6381 -1
6182 6281 6283 6382 -1
6183 6282 6284 6383 -1
6184 6283 6285 6384 -1
6185 6284 6286 6385 -1
6186 6285 6287 6386 -1
6187 6286 6288 6387 -1
6188 6287 6289 6388 -1
6189 6288 6290 6389 -1
6190 6289 6291 6390 -1
6191 6290 6292 6391 -1
6192 6291 6293 6392 -1
6193 6292 6294 6393 -1
6194 6293 6295 6394 -1
6195 6294 6296 6395 -1
6196 6295 6297 6396 -1
6197 6296 6298 6397 -1
6198 6297 6299 6398 -1
6199 6298 6399 -1
6200 6301 6400 -1
6201 6300 6302 6401 -1
6202 6301 6303 6402 -1
6203 6302 6304 6403 -1
6204 6303 6305 6404 -1
6205 6304 6306 6405 -1
6206 6305 6307 6406 -1
6207 6306 6308 6407 -1
6208 6307 6309 6408 -1
6209 6308 6310 6409 -1
6210 6309 6311 6410 -1
6211 6310 6312 6411 -1
6212 6311 6313 6412 -1
6213 6312 6314 6413 -1
6214 6313 6315 6414 -1
6215 6314 6316 6415 -1
6216 6315 6317 6416 -1
6217 6316 6318 6417 -1
6218 6317 6319 6418 -1
6219 6318 6320 6419 -1
6220 6319 6321 6420 -1
6221 6320 6322 6421 -1
6222 6321 6323 6422 -1
6223 6322 6324 6423 -1
6224 6323 6325 6424 -1
6225 6324 6326 6425 -1
6226 6325 6327 6426 -1
6227 6326 6328 6427 -1
6228 6327 6329 6428 -1
6229 6328 6330 6429 -1
6230 6329 6331 6430 -1
6231 6330 6332 6431 -1
6232 6331 6333 6432 -1
6233 6332 6334 6433 -1
6234 6333 6335 6434 -1
6235 6334 6336 6435 -1
6236 6335 6337 6436 -1
6237 6336 6338 6437 -1
6238 6337 6339 6438 -1
6239 6338 6340 6439 -1
6240 6339 6341 6440 -1
6241 6340 6342 6441 -1
6242 6341 6343 6442 -1
6243 6342 6344 6443 -1
6244 6343 6345 6444 -1
6245 6344 6346 6445 -1
6246 6345 6347 6446 -1
6247 6346 6348 6447 -1
6248 6347 6349 6448 -1
6249 6348 6350 6449 -1
6250 6349 6351 6450 -1
6251 6350 6352 6451 -1
6252 6351 6353 6452 -1
6253 6352 6354 6453 -1
6254 6353 6355 6454 -1
6255 6354 6356 6455 -1
6256 6355 6357 6456 -1
6257 6356 6358 6457 -1
6258 6357 6359 6458 -1
6259 6358 6360 6459 -1
6260 6359 6361 6460 -1
6261 6360 6362 6461 -1
6262 6361 6363 6462 -1
6263 6362 6364 6463 -1
6264 6363 6365 6464 -1
6265 6364 6366 6465 -1
6266 6365 6367 6466 -1
6267 6366 6368 6467 -1
6268 6367 6369 6468 -1
6269 6368 6370 6469 -1
6270 6369 6371 6470 -1
6271 6370 6372 6471 -1
6272 6371 6373 6472 -1
6273 6372 6374 6473 -1
6274 6373 6375 6474 -1
6275 6374 6376 6475 -1
6276 6375 6377 6476 -1
6277 6376 6378 6477 -1
6278 6377 6379 6478 -1
6279 6378 6380 6479 -1
6280 6379 6381 6480 -1
6281 6380 6382 6481 -1
6282 6381 6383 6482 -1
6283 6382 6384 6483 -1
6284 6383 6385 6484 -1
6285 6384 6386 6485 -1
6286 6385 6387 6486 -1
6287 6386 6388 6487 -1
6288 6387 6389 6488 -1
6289 6388 6390 6489 -1
6290 6389 6391 6490 -1
6291 6390 6392 6491 -1
6292 6391 6393 6492 -1
6293 6392 6394 6493 -1
6294 6393 6395 6494 -1
6295 6394 6396 6495 -1
6296 6395 6397 6496 -1
6297 6396 6398 6497 -1
6298 6397 6399 6498 -1
6299 6398 6499 -1
6300 6401 6500 -1
6301 6400 6402 6501 -1
6302 6401 6403 6502 -1
6303 6402 6404 6503 -1
6304 6403 6405 6504 -1
6305 6404 6406 6505 -1
6306 6405 6407 6506 -1
6307 6406 6408 6507 -1
6308 6407 6409 6508 -1
6309 6408 6410 6509 -1
6310 6409 6411 6510 -1
6311 6410 6412 6511 -1
6312 6411 6413 6512 -1
6313 6412 6414 6513 -1
6314 6413 6415 6514 -1
6315 6414 6416 6515 -1
6316 6415 6417 6516 -1
6317 6416 6418 6517 -1
6318 6417 6419 6518 -1
6319 6418 6420 6519 -1
6320 6419 6421 6520 -1
6321 6420 6422 6521 -1
6322 6421 6423 6522 -1
6323 6422 6424 6523 -1
6324 6423 6425 6524 -1
6325 6424 6426 6525 -1
6326 6425 6427 6526 -1
6327 6426 6428 6527 -1
6328 6427 6429 6528 -1
6329 6428 6430 6529 -1
6330 6429 6431 6530 -1
6331 6430 6432 6531 -1
6332 6431 6433 6532 -1
6333 6432 6434 6533 -1
6334 6433 6435 6534 -1
6335 6434 6436 6535 -1
6336 6435 6437 6536 -1
6337 6436 6438 6537 -1
6338 6437 6439 6538 -1
6339 6438 6440 6539 -1
6340 6439 6441 6540 -1
6341 6440 6442 6541 -1
6342 6441 6443 6542 -1
6343 6442 6444 6543 -1
6344 6443 6445 6544 -1
6345 6444 6446 6545 -1
6346 6445 6447 6546 -1
6347 6446 6448 6547 -1
6348 6447 6449 6548 -1
6349 6448 6450 6549 -1
6350 6449 6451 6550 -1
6351 6450 6452 6551 -1
6352 6451 6453 6552 -1
6353 6452 6454 6553 -1
6354 6453 6455 6554 -1
6355 6454 6456 6555 -1
6356 6455 6457 6556 -1
6357 6456 6458 6557 -1
6358 6457 6459 6558 -1
6359 6458 6460 6559 -1
6360 6459 6461 6560 -1
6361 6460 6462 6561 -1
6362 6461 6463 6562 -1
6363 6462 6464 6563 -1
6364 6463 6465 6564 -1
6365 6464 6466 6565 -1
6366 6465 6467 6566 -1
6367 6466 6468 6567 -1
6368 6467 6469 6568 -1
6369 6468 6470 6569 -1
6370 6469 6471 6570 -1
6371 6470 6472 6571 -1
6372 6471 6473 6572 -1
6373 6472 6474 6573 -1
6374 6473 6475 6574 -1
6375 6474 6476 6575 -1
6376 6475 6477 6576 -1
6377 6476 6478 6577 -1
6378 6477 6479 6578 -1
6379 6478 6480 6579 -1
6380 6479 6481 6580 -1
6381 6480 6482 6581 -1
6382 6481 6483 6582 -1
6383 6482 6484 6583 -1
6384 6483 6485 6584 -1
6385 6484 6486 6585 -1
6386 6485 6487 6586 -1
6387 6486 6488 6587 -1
6388 6487 6489 6588 -1
6389 6488 6490 6589 -1
6390 6489 6491 6590 -1
6391 6490 6492 6591 -1
6392 6491 6493 6592 -1
6393 6492 6494 6593 -1
6394 6493 6495 6594 -1
6395 6494 6496 6595 -1
6396 6495 6497 6596 -1
6397 6496 6498 6597 -1
6398 6497 6499 6598 -1
6399 6498 6599 -1
6400 6501 6600 -1
6401 6500 6502 6601 -1
6402 6501 6503 6602 -1
6403 6502 6504 6603 -1
6404 6503 6505 6604 -1
6405 6504 6506 6605 -1
6406 6505 6507 6606 -1
6407 6506 6508 6607 -1
6408 6507 6509 6608 -1
6409 6508 6510 6609 -1
6410 6509 6511 6610 -1
6411 6510 6512 6611 -1
6412 6511 6513 6612 -1
6413 6512 6514 6613 -1
6414 6513 6515 6614 -1
6415 6514 6516 6615 -1
6416 6515 6517 6616 -1
6417 6516 6518 6617 -1
6418 6517 6519 6618 -1
6419 6518 6520 6619 -1
6420 6519 6521 6620 -1
6421 6520 6522 6621 -1
6422 6521 6523 6622 -1
6423 6522 6524 6623 -1
6424 6523 6525 6624 -1
6425 6524 6526 6625 -1
6426 6525 6527 6626 -1
6427 6526 6528 6627 -1
6428 6527 6529 6628 -1
6429 6528 6530 6629 -1
6430 6529 6531 6630 -1
6431 6530 6532 6631 -1
6432 6531 6533 6632 -1
6433 6532 6534 6633 -1
6434 6533 6535 6634 -1
6435 6534 6536 6635 -1
6436 6535 6537 6636 -1
6437 6536 6538 6637 -1
6438 6537 6539 6638 -1
6439 6538 6540 6639 -1
6440 6539 6541 6640 -1
6441 6540 6542 6641 -1
6442 6541 6543 6642 -1
6443 6542 6544 6643 -1
6444 6543 6545 6644 -1
6445 6544 6546 6645 -1
6446 6545 6547 6646 -1
6447 6546 6548 6647 -1
6448 6547 6549 6648 -1
6449 6548 6550 6649 -1
6450 6549 6551 6650 -1
6451 6550 6552 6651 -1
6452 6551 6553 6652 -1
6453 6552 6554 6653 -1
6454 6553 6555 6654 -1
6455 6554 6556 6655 -1
6456 6555 6557 6656 -1
6457 6556 6558 6657 -1
6458 6557 6559 6658 -1
6459 6558 6560 6659 -1
6460 6559 6561 6660 -1
6461 6560 6562 6661 -1
6462 6561 6563 6662 -1
6463 6562 6564 6663 -1
6464 6563 6565 6664 -1
6465 6564 6566 6665 -1
6466 6565 6567 6666 -1
6467 6566 6568 6667 -1
6468 6567 6569 6668 -1
6469 6568 6570 6669 -1
6470 6569 6571 6670 -1
6471 6570 6572 6671 -1
6472 6571 6573 6672 -1
6473 6572 6574 6673 -1
6474 6573 6575 6674 -1
6475 6574 6576 6675 -1
6476 6575 6577 6676 -1
6477 6576 6578 6677 -1
6478 6577 6579 6678 -1
6479 6578 6580 6679 -1
6480 6579 6581 6680 -1
6481 6580 6582 6681 -1
6482 6581 6583 6682 -1
6483 6582 6584 6683 -1
6484 6583 6585 6684 -1
6485 6584 6586 6685 -1
6486 6585 6587 6686 -1
6487 6586 6588 6687 -1
6488 6587 6589 6688 -1
6489 6588 6590 6689 -1
6490 6589 6591 6690 -1
6491 6590 6592 6691 -1
6492 6591 6593 6692 -1
6493 6592 6594 6693 -1
6494 6593 6595 6694 -1
6495 6594 6596 6695 -1
6496 6595 6597 6696 -1
6497 6596 6598 6697 -1
6498 6597 6599 6698 -1
6499 6598 6699 -1
6500 6601 6700 -1
6501 6600 6602 6701 -1
6502 6601 6603 6702 -1
6503 6602 6604 6703 -1
6504 6603 6605 6704 -1
6505 6604 6606 6705 -1
6506 6605 6607 6706 -1
6507 6606 6608 6707 -1
6508 6607 6609 6708 -1
6509 6608 6610 6709 -1
6510 6609 6611 6710 -1
6511 6610 6612 6711 -1
6512 6611 6613 6712 -1
6513 6612 6614 6713 -1
6514 6613 6615 6714 -1
6515 6614 6616 6715 -1
6516 6615 6617 6716 -1
6517 6616 6618 6717 -1
6518 6617 6619 6718 -1
6519 6618 6620 6719 -1
6520 6619 6621 6720 -1
6521 6620 6622 6721 -1
6522 6621 6623 6722 -1
6523 6622 6624 6723 -1
6524 6623 6625 6724 -1
6525 6624 6626 6725 -1
6526 6625 6627 6726 -1
6527 6626 6628 6727 -1
6528 6627 6629 6728 -1
6529 6628 6630 6729 -1
6530 6629 6631 6730 -1
6531 6630 6632 6731 -1
6532 6631 6633 6732 -1
6533 6632 6634 6733 -1
6534 6633 6635 6734 -1
6535 6634 6636 6735 -1
6536 6635 6637 6736 -1
6537 6636 6638 6737 -1
6538 6637 6639 6738 -1
6539 6638 6640 6739 -1
6540 6639 6641 6740 -1
6541 6640 6642 6741 -1
6542 6641 6643 6742 -1
6543 6642 6644 6743 -1
6544 6643 6645 6744 -1
6545 6644 6646 6745 -1
6546 6645 6647 6746 -1
6547 6646 6648 6747 -1
6548 6647 6649 6748 -1
6549 6648 6650 6749 -1
6550 6649 6651 6750 -1
6551 6650 6652 6751 -1
6552 6651 6653 6752 -1
6553 6652 6654 6753 -1
6554 6653 6655 6754 -1
6555 6654 6656 6755 -1
6556 6655 6657 6756 -1
6557 6656 6658 6757 -1
6558 6657 6659 6758 -1
6559 6658 6660 6759 -1
6560 6659 6661 6760 -1
6561 6660 6662 6761 -1
6562 6661 6663 6762 -1
6563 6662 6664 6763 -1
6564 6663 6665 6764 -1
6565 6664 6666 6765 -1
6566 6665 6667 6766 -1
6567 6666 6668 6767 -1
6568 6667 6669 6768 -1
6569 6668 6670 6769 -1
6570 6669 6671 6770 -1
6571 6670 6672 6771 -1
6572 6671 6673 6772 -1
6573 6672 6674 6773 -1
6574 6673 6675 6774 -1
6575 6674 6676 6775 -1
6576 6675 6677 6776 -1
6577 6676 6678 6777 -1
6578 6677 6679 6778 -1
6579 6678 6680 6779 -1
6580 6679 6681 6780 -1
6581 6680 6682 6781 -1
6582 6681 6683 6782 -1
6583 6682 6684 6783 -1
6584 6683 6685 6784 -1
6585 6684 6686 6785 -1
6586 6685 6687 6786 -1
6587 6686 6688 6787 -1
6588 6687 6689 6788 -1
6589 6688 6690 6789 -1
6590 6689 6691 6790 -1
6591 6690 6692 6791 -1
6592 6691 6693 6792 -1
6593 6692 6694 6793 -1
6594 6693 6695 6794 -1
6595 6694 6696 6795 -1
6596 6695 6697 6796 -1
6597 6696 6698 6797 -1
6598 6697 6699 6798 -1
6599 6698 6799 -1
6600 6701 6800 -1
6601 6700 6702 6801 -1
6602 6701 6703 6802 -1
6603 6702 6704 6803 -1
6604 6703 6705 6804 -1
6605 6704 6706 6805 -1
6606 6705 6707 6806 -1
6607 6706 6708 6807 -1
6608 6707 6709 6808 -1
6609 6708 6710 6809 -1
6610 6709 6711 6810 -1
6611 6710 6712 6811 -1
6612 6711 6713 6812 -1
6613 6712 6714 6813 -1
6614 6713 6715 6814 -1
6615 6714 6716 6815 -1
6616 6715 6717 6816 -1
6617 6716 6718 6817 -1
6618 6717 6719 6818 -1
6619 6718 6720 6819 -1
6620 6719 6721 6820 -1
6621 6720 6722 6821 -1
6622 6721 6723 6822 -1
6623 6722 6724 6823 -1
6624 6723 6725 6824 -1
6625 6724 6726 6825 -1
6626 6725 6727 6826 -1
6627 6726 6728 6827 -1
6628 6727 6729 6828 -1
6629 6728 6730 6829 -1
6630 6729 6731 6830 -1
6631 6730 6732 6831 -1
6632 6731 6733 6832 -1
6633 6732 6734 6833 -1
6634 6733 6735 6834 -1
6635 6734 6736 6835 -1
6636 6735 6737 6836 -1
6637 6736 6738 6837 -1
6638 6737 6739 6838 -1
6639 6738 6740 6839 -1
6640 6739 6741 6840 -1
6641 6740 6742 6841 -1
6642 6741 6743 6842 -1
6643 6742 6744 6843 -1
6644 6743 6745 6844 -1
6645 6744 6746 6845 -1
6646 6745 6747 6846 -1
6647 6746 6748 6847 -1
6648 6747 6749 6848 -1
6649 6748 6750 6849 -1
6650 6749 6751 6850 -1
6651 6750 6752 6851 -1
6652 6751 6753 6852 -1
6653 6752 6754 6853 -1
6654 6753 6755 6854 -1
6655 6754 6756 6855 -1
6656 6755 6757 6856 -1
6657 6756 6758 6857 -1
6658 6757 6759 6858 -1
6659 6758 6760 6859 -1
6660 6759 6761 6860 -1
6661 6760 6762 6861 -1
6662 6761 6763 6862 -1
6663 6762 6764 6863 -1
6664 6763 6765 6864 -1
6665 6764 6766 6865 -1
6666 6765 6767 6866 -1
6667 6766 6768 6867 -1
6668 6767 6769 6868 -1
6669 6768 6770 6869 -1
6670 6769 6771 6870 -1
6671 6770 6772 6871 -1
6672 6771 6773 6872 -1
6673 6772 6774 6873 -1
6674 6773 6775 6874 -1
6675 6774 6776 6875 -1
6676 6775 6777 6876 -1
6677 6776 6778 6877 -1
6678 6777 6779 6878 -1
6679 6778 6780 6879 -1
6680 6779 6781 6880 -1
6681 6780 6782 6881 -1
6682 6781 6783 6882 -1
6683 6782 6784 6883 -1
6684 6783 6785 6884 -1
6685 6784 6786 6885 -1
6686 6785 6787 6886 -1
6687 6786 6788 6887 -1
6688 6787 6789 6888 -1
6689 6788 6790 6889 -1
6690 6789 6791 6890 -1
6691 6790 6792 6891 -1
6692 6791 6793 6892 -1
6693 6792 6794 6893 -1
6694 6793 6795 6894 -1
6695 6794 6796 6895 -1
6696 6795 6797 6896 -1
6697 6796 6798 6897 -1
6698 6797 6799 6898 -1
6699 6798 6899 -1
6700 6801 6900 -1
6701 6800 6802 6901 -1
6702 6801 6803 6902 -1
6703 6802 6804 6903 -1
6704 6803 6805 6904 -1
6705 6804 6806 6905 -1
6706 6805 6807 6906 -1
6707 6806 6808 6907 -1
6708 6807 6809 6908 -1
6709 6808 6810 6909 -1
6710 6809 6811 6910 -1
6711 6810 6812 6911 -1
6712 6811 6813 6912 -1
6713 6812 6814 6913 -1
6714 6813 6815 6914 -1
6715 6814 6816 6915 -1
6716 6815 6817 6916 -1
6717 6816 6818 6917 -1
6718 6817 6819 6918 -1
6719 6818 6820 6919 -1
6720 6819 6821 6920 -1
6721 6820 6822 6921 -1
6722 6821 6823 6922 -1
6723 6822 6824 6923 -1
6724 6823 6825 6924 -1
6725 6824 6826 6925 -1
6726 6825 6827 6926 -1
6727 6826 6828 6927 -1
6728 6827 6829 6928 -1
6729 6828 6830 6929 -1
6730 6829 6831 6930 -1
6731 6830 6832 6931 -1
6732 6831 6833 6932 -1
6733 6832 6834 6933 -1
6734 6833 6835 6934 -1
6735 6834 6836 6935 -1
6736 6835 6837 6936 -1
6737 6836 6838 6937 -1
6738 6837 6839 6938 -1
6739 6838 6840 6939 -1
6740 6839 6841 6940 -1
6741 6840 6842 6941 -1
6742 6841 6843 6942 -1
6743 6842 6844 6943 -1
6744 6843 6845 6944 -1
6745 6844 6846 6945 -1
6746 6845 6847 6946 -1
6747 6846 6848 6947 -1
6748 6847 6849 6948 -1
6749 6848 6850 6949 -1
6750 6849 6851 6950 -1
6751 6850 6852 6951 -1
6752 6851 6853 6952 -1
6753 6852 6854 6953 -1
6754 6853 6855 6954 -1
6755 6854 6856 6955 -1
6756 6855 6857 6956 -1
6757 6856 6858 6957 -1
6758 6857 6859 6958 -1
6759 6858 6860 6959 -1
6760 6859 6861 6960 -1
6761 6860 6862 6961 -1
6762 6861 6863 6962 -1
6763 6862 6864 6963 -1
6764 6863 6865 6964 -1
6765 6864 6866 6965 -1
6766 6865 6867 6966 -1
6767 6866 6868 6967 -1
6768 6867 6869 6968 -1
6769 6868 6870 6969 -1
6770 6869 6871 6970 -1
6771 6870 6872 6971 -1
6772 6871 6873 6972 -1
6773 6872 6874 6973 -1
6774 6873 6875 6974 -1
6775 6874 6876 6975 -1
6776 6875 6877 6976 -1
6777 6876 6878 6977 -1
6778 6877 6879 6978 -1
6779 6878 6880 6979 -1
6780 6879 6881 6980 -1
6781 6880 6882 6981 -1
6782 6881 6883 6982 -1
6783 6882 6884 6983 -1
6784 6883 6885 6984 -1
6785 6884 6886 6985 -1
6786 6885 6887 6986 -1
6787 6886 6888 6987 -1
6788 6887 6889 6988 -1
6789 6888 6890 6989 -1
6790 6889 6891 6990 -1
6791 6890 6892 6991 -1
6792 6891 6893 6992 -1
6793 6892 6894 6993 -1
6794 6893 6895 6994 -1
6795 6894 6896 6995 -1
6796 6895 6897 6996 -1
6797 6896 6898 6997 -1
6798 6897 6899 6998 -1
6799 6898 6999 -1
6800 6901 7000 -1
6801 6900 6902 7001 -1
6802 6901 6903 7002 -1
6803 6902 6904 7003 -1
6804 6903 6905 7004 -1
6805 6904 6906 7005 -1
6806 6905 6907 7006 -1
6807 6906 6908 7007 -1
6808 6907 6909 7008 -1
6809 6908 6910 7009 -1
6810 6909 6911 7010 -1
6811 6910 6912 7011 -1
6812 6911 6913 7012 -1
6813 6912 6914 7013 -1
6814 6913 6915 7014 -1
6815 6914 6916 7015 -1
6816 6915 6917 7016 -1
6817 6916 6918 7017 -1
6818 6917 6919 7018 -1
6819 6918 6920 7019 -1
6820 6919 6921 7020 -1
6821 6920 6922 7021 -1
6822 6921 6923 7022 -1
6823 6922 6924 7023 -1
6824 6923 6925 7024 -1
6825 6924 6926 7025 -1
6826 6925 6927 7026 -1
6827 6926 6928 7027 -1
6828 6927 6929 7028 -1
6829 6928 6930 7029 -1
6830 6929 6931 7030 -1
6831 6930 6932 7031 -1
6832 6931 6933 7032 -1
6833 6932 6934 7033 -1
6834 6933 6935 7034 -1
6835 6934 6936 7035 -1
6836 6935 6937 7036 -1
6837 6936 6938 7037 -1
6838 6937 6939 7038 -1
6839 6938 6940 7039 -1
6840 6939 6941 7040 -1
6841 6940 6942 7041 -1
6842 6941 6943 7042 -1
6843 6942 6944 7043 -1
6844 6943 6945 7044 -1
6845 6944 6946 7045 -1
6846 6945 6947 7046 -1
6847 6946 6948 7047 -1
6848 6947 6949 7048 -1
6849 6948 6950 7049 -1
6850 6949 6951 7050 -1
6851 6950 6952 7051 -1
6852 6951 6953 7052 -1
6853 6952 6954 7053 -1
6854 6953 6955 7054 -1
6855 6954 6956 7055 -1
6856 6955 6957 7056 -1
6857 6956 6958 7057 -1
6858 6957 6959 7058 -1
6859 6958 6960 7059 -1
6860 6959 6961 7060 -1
6861 6960 6962 7061 -1
6862 6961 6963 7062 -1
6863 6962 6964 7063 -1
6864 6963 6965 7064 -1
6865 6964 6966 7065 -1
6866 6965 6967 7066 -1
6867 6966 6968 7067 -1
6868 6967 6969 7068 -1
6869 6968 6970 7069 -1
6870 6969 6971 7070 -1
6871 6970 6972 7071 -1
6872 6971 6973 7072 -1
6873 6972 6974 7073 -1
6874 6973 6975 7074 -1
6875 6974 6976 7075 -1
6876 6975 6977 7076 -1
6877 6976 6978 7077 -1
6878 6977 6979 7078 -1
6879 6978 6980 7079 -1
6880 6979 6981 7080 -1
6881 6980 6982 7081 -1
6882 6981 6983 7082 -1
6883 6982 6984 7083 -1
6884 6983 6985 7084 -1
6885 6984 6986 7085 -1
6886 6985 6987 7086 -1
6887 6986 6988 7087 -1
6888 6987 6989 7088 -1
6889 6988 6990 7089 -1
6890 6989 6991 7090 -1
6891 6990 6992 7091 -1
6892 6991 6993 7092 -1
6893 6992 6994 7093 -1
6894 6993 6995 7094 -1
6895 6994 6996 7095 -1
6896 6995 6997 7096 -1
6897 6996 6998 7097 -1
6898 6997 6999 7098 -1
6899 6998 7099 -1
6900 7001 7100 -1
6901 7000 7002 7101 -1
6902 7001 7003 7102 -1
6903 7002 7004 7103 -1
6904 7003 7005 7104 -1
6905 7004 7006 7105 -1
6906 7005 7007 7106 -1
6907 7006 7008 7107 -1
6908 7007 7009 7108 -1
6909 7008 7010 7109 -1
6910 7009 7011 7110 -1
6911 7010 7012 7111 -1
6912 7011 7013 7112 -1
6913 7012 7014 7113 -1
6914 7013 7015 7114 -1
6915 7014 7016 7115 -1
6916 7015 7017 7116 -1
6917 7016 7018 7117 -1
6918 7017 7019 7118 -1
6919 7018 7020 7119 -1
6920 7019 7021 7120 -1
6921 7020 7022 7121 -1
6922 7021 7023 7122 -1
6923 7022 7024 7123 -1
6924 7023 7025 7124 -1
6925 7024 7026 7125 -1
6926 7025 7027 7126 -1
6927 7026 7028 7127 -1
6928 7027 7029 7128 -1
6929 7028 7030 7129 -1
6930 7029 7031 7130 -1
6931 7030 7032 7131 -1
6932 7031 7033 7132 -1
6933 7032 7034 7133 -1
6934 7033 7035 7134 -1
6935 7034 7036 7135 -1
6936 7035 7037 7136 -1
6937 7036 7038 7137 -1
6938 7037 7039 7138 -1
6939 7038 7040 7139 -1
6940 7039 7041 7140 -1
6941 7040 7042 7141 -1
6942 7041 7043 7142 -1
6943 7042 7044 7143 -1
6944 7043 7045 7144 -1
6945 7044 7046 7145 -1
6946 7045 7047 7146 -1
6947 7046 7048 7147 -1
6948 7047 7049 7148 -1
6949 7048 7050 7149 -1
6950 7049 7051 7150 -1
6951 7050 7052 7151 -1
6952 7051 7053 7152 -1
6953 7052 7054 7153 -1
6954 7053 7055 7154 -1
6955 7054 7056 7155 -1
6956 7055 7057 7156 -1
6957 7056 7058 7157 -1
6958 7057 7059 7158 -1
6959 7058 7060 7159 -1
6960 7059 7061 7160 -1
6961 7060 7062 7161 -1
6962 7061 7063 7162 -1
6963 7062 7064 7163 -1
6964 7063 7065 7164 -1
6965 7064 7066 7165 -1
6966 7065 7067 7166 -1
6967 7066 7068 7167 -1
6968 7067 7069 7168 -1
6969 7068 7070 7169 -1
6970 7069 7071 7170 -1
6971 7070 7072 7171 -1
6972 7071 7073 7172 -1
6973 7072 7074 7173 -1
6974 7073 7075 7174 -1
6975 7074 7076 7175 -1
6976 7075 7077 7176 -1
6977 7076 7078 7177 -1
6978 7077 7079 7178 -1
6979 7078 7080 7179 -1
6980 7079 7081 7180 -1
6981 7080 7082 7181 -1
6982 7081 7083 7182 -1
6983 7082 7084 7183 -1
6984 7083 7085 7184 -1
6985 7084 7086 7185 -1
6986 7085 7087 7186 -1
6987 7086 7088 7187 -1
6988 7087 7089 7188 -1
6989 7088 7090 7189 -1
6990 7089 7091 7190 -1
6991 7090 7092 7191 -1
6992 7091 7093 7192 -1
6993 7092 7094 7193 -1
6994 7093 7095 7194 -1
6995 7094 7096 7195 -1
6996 7095 7097 7196 -1
6997 7096 7098 7197 -1
6998 7097 7099 7198 -1
6999 7098 7199 -1
7000 7101 7200 -1
7001 7100 7102 7201 -1
7002 7101 7103 7202 -1
7003 7102 7104 7203 -1
7004 7103 7105 7204 -1
7005 7104 7106 7205 -1
7006 7105 7107 7206 -1
7007 7106 7108 7207 -1
7008 7107 7109 7208 -1
7009 7108 7110 7209 -1
7010 7109 7111 7210 -1
7011 7110 7112 7211 -1
7012 7111 7113 7212 -1
7013 7112 7114 7213 -1
7014 7113 7115 7214 -1
7015 7114 7116 7215 -1
7016 7115 7117 7216 -1
7017 7116 7118 7217 -1
7018 7117 7119 7218 -1
7019 7118 7120 7219 -1
7020 7119 7121 7220 -1
7021 7120 7122 7221 -1
7022 7121 7123 7222 -1
7023 7122 7124 7223 -1
7024 7123 7125 7224 -1
7025 7124 7126 7225 -1
7026 7125 7127 7226 -1
7027 7126 7128 7227 -1
7028 7127 7129 7228 -1
7029 7128 7130 7229 -1
7030 7129 7131 7230 -1
7031 7130 7132 7231 -1
7032 7131 7133 7232 -1
7033 7132 7134 7233 -1
7034 7133 7135 7234 -1
7035 7134 7136 7235 -1
7036 7135 7137 7236 -1
7037 7136 7138 7237 -1
7038 7137 7139 7238 -1
7039 7138 7140 7239 -1
7040 7139 7141 7240 -1
7041 7140 7142 7241 -1
7042 7141 7143 7242 -1
7043 7142 7144 7243 -1
7044 7143 7145 7244 -1
7045 7144 7146 7245 -1
7046 7145 7147 7246 -1
7047 7146 7148 7247 -1
7048 7147 7149 7248 -1
7049 7148 7150 7249 -1
7050 7149 7151 7250 -1
7051 7150 7152 7251 -1
7052 7151 7153 7252 -1
7053 7152 7154 7253 -1
7054 7153 7155 7254 -1
7055 7154 7156 7255 -1
7056 7155 7157 7256 -1
7057 7156 7158 7257 -1
7058 7157 7159 7258 -1
7059 7158 7160 7259 -1
7060 7159 7161 7260 -1
7061 7160 7162 7261 -1
7062 7161 7163 7262 -1
7063 7162 7164 7263 -1
7064 7163 7165 7264 -1
7065 7164 7166 7265 -1
7066 7165 7167 7266 -1
7067 7166 7168 7267 -1
7068 7167 7169 7268 -1
7069 7168 7170 7269 -1
7070 7169 7171 7270 -1
7071 7170 7172 7271 -1
7072 7171 7173 7272 -1
7073 7172 7174 7273 -1
7074 7173 7175 7274 -1
7075 7174 7176 7275 -1
7076 7175 7177 7276 -1
7077 7176 7178 7277 -1
7078 7177 7179 7278 -1
7079 7178 7180 7279 -1
7080 7179 7181 7280 -1
7081 7180 7182 7281 -1
7082 7181 7183 7282 -1
7083 7182 7184 7283 -1
7084 7183 7185 7284 -1
7085 7184 7186 7285 -1
7086 7185 7187 7286 -1
7087 7186 7188 7287 -1
7088 7187 7189 7288 -1
7089 7188 7190 7289 -1
7090 7189 7191 7290 -1
7091 7190 7192 7291 -1
7092 7191 7193 7292 -1
7093 7192 7194 7293 -1
7094 7193 7195 7294 -1
7095 7194 7196 7295 -1
7096 7195 7197 7296 -1
7097 7196 7198 7297 -1
7098 7197 7199 7298 -1
7099 7198 7299 -1
7100 7201 7300 -1
7101 7200 7202 7301 -1
7102 7201 7203 7302 -1
7103 7202 7204 7303 -1
7104 7203 7205 7304 -1
7105 7204 7206 7305 -1
7106 7205 7207 7306 -1
7107 7206 7208 7307 -1
7108 7207 7209 7308 -1
7109 7208 7210 7309 -1
7110 7209 7211 7310 -1
7111 7210 7212 7311 -1
7112 7211 7213 7312 -1
7113 7212 7214 7313 -1
7114 7213 7215 7314 -1
7115 7214 7216 7315 -1
7116 7215 7217 7316 -1
7117 7216 7218 7317 -1
7118 7217 7219 7318 -1
7119 7218 7220 7319 -1
7120 7219 7221 7320 -1
7121 7220 7222 7321 -1
7122 7221 7223 7322 -1
7123 7222 7224 7323 -1
7124 7223 7225 7324 -1
7125 7224 7226 7325 -1
7126 7225 7227 7326 -1
7127 7226 7228 7327 -1
7128 7227 7229 7328 -1
7129 7228 7230 7329 -1
7130 7229 7231 7330 -1
7131 7230 7232 7331 -1
7132 7231 7233 7332 -1
7133 7232 7234 7333 -1
7134 7233 7235 7334 -1
7135 7234 7236 7335 -1
7136 7235 7237 7336 -1
7137 7236 7238 7337 -1
7138 7237 7239 7338 -1
7139 7238 7240 7339 -1
7140 7239 7241 7340 -1
7141 7240 7242 7341 -1
7142 7241 7243 7342 -1
7143 7242 7244 7343 -1
7144 7243 7245 7344 -1
7145 7244 7246 7345 -1
7146 7245 7247 7346 -1
7147 7246 7248 7347 -1
7148 7247 7249 7348 -1
7149 7248 7250 7349 -1
7150 7249 7251 7350 -1
7151 7250 7252 7351 -1
7152 7251 7253 7352 -1
7153 7252 7254 7353 -1
7154 7253 7255 7354 -1
7155 7254 7256 7355 -1
7156 7255 7257 7356 -1
7157 7256 7258 7357 -1
7158 7257 7259 7358 -1
7159 7258 7260 7359 -1
7160 7259 7261 7360 -1
7161 7260 7262 7361 -1
7162 7261 7263 7362 -1
7163 7262 7264 7363 -1
7164 7263 7265 7364 -1
7165 7264 7266 7365 -1
7166 7265 7267 7366 -1
7167 7266 7268 7367 -1
7168 7267 7269 7368 -1
7169 7268 7270 7369 -1
7170 7269 7271 7370 -1
7171 7270 7272 7371 -1
7172 7271 7273 7372 -1
7173 7272 7274 7373 -1
7174 7273 7275 7374 -1
7175 7274 7276 7375 -1
7176 7275 7277 7376 -1
7177 7276 7278 7377 -1
7178 7277 7279 7378 -1
7179 7278 7280 7379 -1
7180 7279 7281 7380 -1
7181 7280 7282 7381 -1
7182 7281 7283 7382 -1
7183 7282 7284 7383 -1
7184 7283 7285 7384 -1
7185 7284 7286 7385 -1
7186 7285 7287 7386 -1
7187 7286 7288 7387 -1
7188 7287 7289 7388 -1
7189 7288 7290 7389 -1
7190 7289 7291 7390 -1
7191 7290 7292 7391 -1
7192 7291 7293 7392 -1
7193 7292 7294 7393 -1
7194 7293 7295 7394 -1
7195 7294 7296 7395 -1
7196 7295 7297 7396 -1
7197 7296 7298 7397 -1
7198 7297 7299 7398 -1
7199 7298 7399 -1
7200 7301 7400 -1
7201 7300 7302 7401 -1
7202 7301 7303 7402 -1
7203 7302 7304 7403 -1
7204 7303 7305 7404 -1
7205 7304 7306 7405 -1
7206 7305 7307 7406 -1
7207 7306 7308 7407 -1
7208 7307 7309 7408 -1
7209 7308 7310 7409 -1
7210 7309 7311 7410 -1
7211 7310 7312 7411 -1
7212 7311 7313 7412 -1
7213 7312 7314 7413 -1
7214 7313 7315 7414 -1
7215 7314 7316 7415 -1
7216 7315 7317 7416 -1
7217 7316 7318 7417 -1
7218 7317 7319 7418 -1
7219 7318 7320 7419 -1
7220 7319 7321 7420 -1
7221 7320 7322 7421 -1
7222 7321 7323 7422 -1
7223 7322 7324 7423 -1
7224 7323 7325 7424 -1
7225 7324 7326 7425 -1
7226 7325 7327 7426 -1
7227 7326 7328 7427 -1
7228 7327 7329 7428 -1
7229 7328 7330 7429 -1
7230 7329 7331 7430 -1
7231 7330 7332 7431 -1
7232 7331 7333 7432 -1
7233 7332 7334 7433 -1
7234 7333 7335 7434 -1
7235 7334 7336 7435 -1
7236 7335 7337 7436 -1
7237 7336 7338 7437 -1
7238 7337 7339 7438 -1
7239 7338 7340 7439 -1
7240 7339 7341 7440 -1
7241 7340 7342 7441 -1
7242 7341 7343 7442 -1
7243 7342 7344 7443 -1
7244 7343 7345 7444 -1
7245 7344 7346 7445 -1
7246 7345 7347 7446 -1
7247 7346 7348 7447 -1
7248 7347 7349 7448 -1
7249 7348 7350 7449 -1
7250 7349 7351 7450 -1
7251 7350 7352 7451 -1
7252 7351 7353 7452 -1
7253 7352 7354 7453 -1
7254 7353 7355 7454 -1
7255 7354 7356 7455 -1
7256 7355 7357 7456 -1
7257 7356 7358 7457 -1
7258 7357 7359 7458 -1
7259 7358 7360 7459 -1
7260 7359 7361 7460 -1
7261 7360 7362 7461 -1
7262 7361 7363 7462 -1
7263 7362 7364 7463 -1
7264 7363 7365 7464 -1
7265 7364 7366 7465 -1
7266 7365 7367 7466 -1
7267 7366 7368 7467 -1
7268 7367 7369 7468 -1
7269 7368 7370 7469 -1
7270 7369 7371 7470 -1
7271 7370 7372 7471 -1
7272 7371 7373 7472 -1
7273 7372 7374 7473 -1
7274 7373 7375 7474 -1
7275 7374 7376 7475 -1
7276 7375 7377 7476 -1
7277 7376 7378 7477 -1
7278 7377 7379 7478 -1
7279 7378 7380 7479 -1
7280 7379 7381 7480 -1
7281 7380 7382 7481 -1
7282 7381 7383 7482 -1
7283 7382 7384 7483 -1
7284 7383 7385 7484 -1
7285 7384 7386 7485 -1
7286 7385 7387 7486 -1
7287 7386 7388 7487 -1
7288 7387 7389 7488 -1
7289 7388 7390 7489 -1
7290 7389 7391 7490 -1
7291 7390 7392 7491 -1
7292 7391 7393 7492 -1
7293 7392 7394 7493 -1
7294 7393 7395 7494 -1
7295 7394 7396 7495 -1
7296 7395 7397 7496 -1
7297 7396 7398 7497 -1
7298 7397 7399 7498 -1
7299 7398 7499 -1
7300 7401 7500 -1
7301 7400 7402 7501 -1
7302 7401 7403 7502 -1
7303 7402 7404 7503 -1
7304 7403 7405 7504 -1
7305 7404 7406 7505 -1
7306 7405 7407 7506 -1
7307 7406 7408 7507 -1
7308 7407 7409 7508 -1
7309 7408 7410 7509 -1
7310 7409 7411 7510 -1
7311 7410 7412 7511 -1
7312 7411 7413 7512 -1
7313 7412 7414 7513 -1
7314 7413 7415 7514 -1
7315 7414 7416 7515 -1
7316 7415 7417 7516 -1
7317 7416 7418 7517 -1
7318 7417 7419 7518 -1
7319 7418 7420 7519 -1
7320 7419 7421 7520 -1
7321 7420 7422 7521 -1
7322 7421 7423 7522 -1
7323 7422 7424 7523 -1
7324 7423 7425 7524 -1
7325 7424 7426 7525 -1
7326 7425 7427 7526 -1
7327 7426 7428 7527 -1
7328 7427 7429 7528 -1
7329 7428 7430 7529 -1
7330 7429 7431 7530 -1
7331 7430 7432 7531 -1
7332 7431 7433 7532 -1
7333 7432 7434 7533 -1
7334 7433 7435 7534 -1
7335 7434 7436 7535 -1
7336 7435 7437 7536 -1
7337 7436 7438 7537 -1
7338 7437 7439 7538 -1
7339 7438 7440 7539 -1
7340 7439 7441 7540 -1
7341 7440 7442 7541 -1
7342 7441 7443 7542 -1
7343 7442 7444 7543 -1
7344 7443 7445 7544 -1
7345 7444 7446 7545 -1
7346 7445 7447 7546 -1
7347 7446 7448 7547 -1
7348 7447 7449 7548 -1
7349 7448 7450 7549 -1
7350 7449 7451 7550 -1
7351 7450 7452 7551 -1
7352 7451 7453 7552 -1
7353 7452 7454 7553 -1
7354 7453 7455 7554 -1
7355 7454 7456 7555 -1
7356 7455 7457 7556 -1
7357 7456 7458 7557 -1
7358 7457 7459 7558 -1
7359 7458 7460 7559 -1
7360 7459 7461 7560 -1
7361 7460 7462 7561 -1
7362 7461 7463 7562 -1
7363 7462 7464 7563 -1
7364 7463 7465 7564 -1
7365 7464 7466 7565 -1
7366 7465 7467 7566 -1
7367 7466 7468 7567 -1
7368 7467 7469 7568 -1
7369 7468 7470 7569 -1
7370 7469 7471 7570 -1
7371 7470 7472 7571 -1
7372 7471 7473 7572 -1
7373 7472 7474 7573 -1
7374 7473 7475 7574 -1
7375 7474 7476 7575 -1
7376 7475 7477 7576 -1
7377 7476 7478 7577 -1
7378 7477 7479 7578 -1
7379 7478 7480 7579 -1
7380 7479 7481 7580 -1
7381 7480 7482 7581 -1
7382 7481 7483 7582 -1
7383 7482 7484 7583 -1
7384 7483 7485 7584 -1
7385 7484 7486 7585 -1
7386 7485 7487 7586 -1
7387 7486 7488 7587 -1
7388 7487 7489 7588 -1
7389 7488 7490 7589 -1
7390 7489 7491 7590 -1
7391 7490 7492 7591 -1
7392 7491 7493 7592 -1
7393 7492 7494 7593 -1
7394 7493 7495 7594 -1
7395 7494 7496 7595 -1
7396 7495 7497 7596 -1
7397 7496 7498 7597 -1
7398 7497 7499 7598 -1
7399 7498 7599 -1
7400 7501 7600 -1
7401 7500 7502 7601 -1
7402 7501 7503 7602 -1
7403 7502 7504 7603 -1
7404 7503 7505 7604 -1
7405 7504 7506 7605 -1
7406 7505 7507 7606 -1
7407 7506 7508 7607 -1
7408 7507 7509 7608 -1
7409 7508 7510 7609 -1
7410 7509 7511 7610 -1
7411 7510 7512 7611 -1
7412 7511 7513 7612 -1
7413 7512 7514 7613 -1
7414 7513 7515 7614 -1
7415 7514 7516 7615 -1
7416 7515 7517 7616 -1
7417 7516 7518 7617 -1
7418 7517 7519 7618 -1
7419 7518 7520 7619 -1
7420 7519 7521 7620 -1
7421 7520 7522 7621 -1
7422 7521 7523 7622 -1
7423 7522 7524 7623 -1
7424 7523 7525 7624 -1
7425 7524 7526 7625 -1
7426 7525 7527 7626 -1
7427 7526 7528 7627 -1
7428 7527 7529 7628 -1
7429 7528 7530 7629 -1
7430 7529 7531 7630 -1
7431 7530 7532 7631 -1
7432 7531 7533 7632 -1
7433 7532 7534 7633 -1
7434 7533 7535 7634 -1
7435 7534 7536 7635 -1
7436 7535 7537 7636 -1
7437 7536 7538 7637 -1
7438 7537 7539 7638 -1
7439 7538 7540 7639 -1
7440 7539 7541 7640 -1
7441 7540 7542 7641 -1
7442 7541 7543 7642 -1
7443 7542 7544 7643 -1
7444 7543 7545 7644 -1
7445 7544 7546 7645 -1
7446 7545 7547 7646 -1
7447 7546 7548 7647 -1
7448 7547 7549 7648 -1
7449 7548 7550 7649 -1
7450 7549 7551 7650 -1
7451 7550 7552 7651 -1
7452 7551 7553 7652 -1
7453 7552 7554 7653 -1
7454 7553 7555 7654 -1
7455 7554 7556 7655 -1
7456 7555 7557 7656 -1
7457 7556 7558 7657 -1
7458 7557 7559 7658 -1
7459 7558 7560 7659 -1
7460 7559 7561 7660 -1
7461 7560 7562 7661 -1
7462 7561 7563 7662 -1
7463 7562 7564 7663 -1
7464 7563 7565 7664 -1
7465 7564 7566 7665 -1
7466 7565 7567 7666 -1
7467 7566 7568 7667 -1
7468 7567 7569 7668 -1
7469 7568 7570 7669 -1
7470 7569 7571 7670 -1
7471 7570 7572 7671 -1
7472 7571 7573 7672 -1
7473 7572 7574 7673 -1
7474 7573 7575 7674 -1
7475 7574 7576 7675 -1
7476 7575 7577 7676 -1
7477 7576 7578 7677 -1
7478 7577 7579 7678 -1
7479 7578 7580 7679 -1
7480 7579 7581 7680 -1
7481 7580 7582 7681 -1
7482 7581 7583 7682 -1
7483 7582 7584 7683 -1
7484 7583 7585 7684 -1
7485 7584 7586 7685 -1
7486 7585 7587 7686 -1
7487 7586 7588 7687 -1
7488 7587 7589 7688 -1
7489 7588 7590 7689 -1
7490 7589 7591 7690 -1
7491 7590 7592 7691 -1
7492 7591 7593 7692 -1
7493 7592 7594 7693 -1
7494 7593 7595 7694 -1
7495 7594 7596 7695 -1
7496 7595 7597 7696 -1
7497 7596 7598 7697 -1
7498 7597 7599 7698 -1
7499 7598 7699 -1
7500 7601 7700 -1
7501 7600 7602 7701 -1
7502 7601 7603 7702 -1
7503 7602 7604 7703 -1
7504 7603 7605 7704 -1
7505 7604 7606 7705 -1
7506 7605 7607 7706 -1
7507 7606 7608 7707 -1
7508 7607 7609 7708 -1
7509 7608 7610 7709 -1
7510 7609 7611 7710 -1
7511 7610 7612 7711 -1
7512 7611 7613 7712 -1
7513 7612 7614 7713 -1
7514 7613 7615 7714 -1
7515 7614 7616 7715 -1
7516 7615 7617 7716 -1
7517 7616 7618 7717 -1
7518 7617 7619 7718 -1
7519 7618 7620 7719 -1
7520 7619 7621 7720 -1
7521 7620 7622 7721 -1
7522 7621 7623 7722 -1
7523 7622 7624 7723 -1
7524 7623 7625 7724 -1
7525 7624 7626 7725 -1
7526 7625 7627 7726 -1
7527 7626 7628 7727 -1
7528 7627 7629 7728 -1
7529 7628 7630 7729 -1
7530 7629 7631 7730 -1
7531 7630 7632 7731 -1
7532 7631 7633 7732 -1
7533 7632 7634 7733 -1
7534 7633 7635 7734 -1
7535 7634 7636 7735 -1
7536 7635 7637 7736 -1
7537 7636 7638 7737 -1
7538 7637 7639 7738 -1
7539 7638 7640 7739 -1
7540 7639 7641 7740 -1
7541 7640 7642 7741 -1
7542 7641 7643 7742 -1
7543 7642 7644 7743 -1
7544 7643 7645 7744 -1
7545 7644 7646 7745 -1
7546 7645 7647 7746 -1
7547 7646 7648 7747 -1
7548 7647 7649 7748 -1
7549 7648 7650 7749 -1
7550 7649 7651 7750 -1
7551 7650 7652 7751 -1
7552 7651 7653 7752 -1
7553 7652 7654 7753 -1
7554 7653 7655 7754 -1
7555 7654 7656 7755 -1
7556 7655 7657 7756 -1
7557 7656 7658 7757 -1
7558 7657 7659 7758 -1
7559 7658 7660 7759 -1
7560 7659 7661 7760 -1
7561 7660 7662 7761 -1
7562 7661 7663 7762 -1
7563 7662 7664 7763 -1
7564 7663 7665 7764 -1
7565 7664 7666 7765 -1
7566 7665 7667 7766 -1
7567 7666 7668 7767 -1
7568 7667 7669 7768 -1
7569 7668 7670 7769 -1
7570 7669 7671 7770 -1
7571 7670 7672 7771 -1
7572 7671 7673 7772 -1
7573 7672 7674 7773 -1
7574 7673 7675 7774 -1
7575 7674 7676 7775 -1
7576 7675 7677 7776 -1
7577 7676 7678 7777 -1
7578 7677 7679 7778 -1
7579 7678 7680 7779 -1
7580 7679 7681 7780 -1
7581 7680 7682 7781 -1
7582 7681 7683 7782 -1
7583 7682 7684 7783 -1
7584 7683 7685 7784 -1
7585 7684 7686 7785 -1
7586 7685 7687 7786 -1
7587 7686 7688 7787 -1
7588 7687 7689 7788 -1
7589 7688 7690 7789 -1
7590 7689 7691 7790 -1
7591 7690 7692 7791 -1
7592 7691 7693 7792 -1
7593 7692 7694 7793 -1
7594 7693 7695 7794 -1
7595 7694 7696 7795 -1
7596 7695 7697 7796 -1
7597 7696 7698 7797 -1
7598 7697 7699 7798 -1
7599 7698 7799 -1
7600 7701 7800 -1
7601 7700 7702 7801 -1
7602 7701 7703 7802 -1
7603 7702 7704 7803 -1
7604 7703 7705 7804 -1
7605 7704 7706 7805 -1
7606 7705 7707 7806 -1
7607 7706 7708 7807 -1
7608 7707 7709 7808 -1
7609 7708 7710 7809 -1
7610 7709 7711 7810 -1
7611 7710 7712 7811 -1
7612 7711 7713 7812 -1
7613 7712 7714 7813 -1
7614 7713 7715 7814 -1
7615 7714 7716 7815 -1
7616 7715 7717 7816 -1
7617 7716 7718 7817 -1
7618 7717 7719 7818 -1
7619 7718 7720 7819 -1
7620 7719 7721 7820 -1
7621 7720 7722 7821 -1
7622 7721 7723 7822 -1
7623 7722 7724 7823 -1
7624 7723 7725 7824 -1
7625 7724 7726 7825 -1
7626 7725 7727 7826 -1
7627 7726 7728 7827 -1
7628 7727 7729 7828 -1
7629 7728 7730 7829 -1
7630 7729 7731 7830 -1
7631 7730 7732 7831 -1
7632 7731 7733 7832 -1
7633 7732 7734 7833 -1
7634 7733 7735 7834 -1
7635 7734 7736 7835 -1
7636 7735 7737 7836 -1
7637 7736 7738 7837 -1
7638 7737 7739 7838 -1
7639 7738 7740 7839 -1
7640 7739 7741 7840 -1
7641 7740 7742 7841 -1
7642 7741 7743 7842 -1
7643 7742 7744 7843 -1
7644 7743 7745 7844 -1
7645 7744 7746 7845 -1
7646 7745 7747 7846 -1
7647 7746 7748 7847 -1
7648 7747 7749 7848 -1
7649 7748 7750 7849 -1
7650 7749 7751 7850 -1
7651 7750 7752 7851 -1
7652 7751 7753 7852 -1
7653 7752 7754 7853 -1
7654 7753 7755 7854 -1
7655 7754 7756 7855 -1
7656 7755 7757 7856 -1
7657 7756 7758 7857 -1
7658 7757 7759 7858 -1
7659 7758 7760 7859 -1
7660 7759 7761 7860 -1
7661 7760 7762 7861 -1
7662 7761 7763 7862 -1
7663 7762 7764 7863 -1
7664 7763 7765 7864 -1
7665 7764 7766 7865 -1
7666 7765 7767 7866 -1
7667 7766 7768 7867 -1
7668 7767 7769 7868 -1
7669 7768 7770 7869 -1
7670 7769 7771 7870 -1
7671 7770 7772 7871 -1
7672 7771 7773 7872 -1
7673 7772 7774 7873 -1
7674 7773 7775 7874 -1
7675 7774 7776 7875 -1
7676 7775 7777 7876 -1
7677 7776 7778 7877 -1
7678 7777 7779 7878 -1
7679 7778 7780 7879 -1
7680 7779 7781 7880 -1
7681 7780 7782 7881 -1
7682 7781 7783 7882 -1
7683 7782 7784 7883 -1
7684 7783 7785 7884 -1
7685 7784 7786 7885 -1
7686 7785 7787 7886 -1
7687 7786 7788 7887 -1
7688 7787 7789 7888 -1
7689 7788 7790 7889 -1
7690 7789 7791 7890 -1
7691 7790 7792 7891 -1
7692 7791 7793 7892 -1
7693 7792 7794 7893 -1
7694 7793 7795 7894 -1
7695 7794 7796 7895 -1
7696 7795 7797 7896 -1
7697 7796 7798 7897 -1
7698 7797 7799 7898 -1
7699 7798 7899 -1
7700 7801 7900 -1
7701 7800 7802 7901 -1
7702 7801 7803 7902 -1
7703 7802 7804 7903 -1
7704 7803 7805 7904 -1
7705 7804 7806 7905 -1
7706 7805 7807 7906 -1
7707 7806 7808 7907 -1
7708 7807 7809 7908 -1
7709 7808 7810 7909 -1
7710 7809 7811 7910 -1
7711 7810 7812 7911 -1
7712 7811 7813 7912 -1
7713 7812 7814 7913 -1
7714 7813 7815 7914 -1
7715 7814 7816 7915 -1
7716 7815 7817 7916 -1
7717 7816 7818 7917 -1
7718 7817 7819 7918 -1
7719 7818 7820 7919 -1
7720 7819 7821 7920 -1
7721 7820 7822 7921 -1
7722 7821 7823 7922 -1
7723 7822 7824 7923 -1
7724 7823 7825 7924 -1
7725 7824 7826 7925 -1
7726 7825 7827 7926 -1
7727 7826 7828 7927 -1
7728 7827 7829 7928 -1
7729 7828 7830 7929 -1
7730 7829 7831 7930 -1
7731 7830 7832 7931 -1
7732 7831 7833 7932 -1
7733 7832 7834 7933 -1
7734 7833 7835 7934 -1
7735 7834 7836 7935 -1
7736 7835 7837 7936 -1
7737 7836 7838 7937 -1
7738 7837 7839 7938 -1
7739 7838 7840 7939 -1
7740 7839 7841 7940 -1
7741 7840 7842 7941 -1
7742 7841 7843 7942 -1
7743 7842 7844 7943 -1
7744 7843 7845 7944 -1
7745 7844 7846 7945 -1
7746 7845 7847 7946 -1
7747 7846 7848 7947 -1
7748 7847 7849 7948 -1
7749 7848 7850 7949 -1
7750 7849 7851 7950 -1
7751 7850 7852 7951 -1
7752 7851 7853 7952 -1
7753 7852 7854 7953 -1
7754 7853 7855 7954 -1
7755 7854 7856 7955 -1
7756 7855 7857 7956 -1
7757 7856 7858 7957 -1
7758 7857 7859 7958 -1
7759 7858 7860 7959 -1
7760 7859 7861 7960 -1
7761 7860 7862 7961 -1
7762 7861 7863 7962 -1
7763 7862 7864 7963 -1
7764 7863 7865 7964 -1
7765 7864 7866 7965 -1
7766 7865 7867 7966 -1
7767 7866 7868 7967 -1
7768 7867 7869 7968 -1
7769 7868 7870 7969 -1
7770 7869 7871 7970 -1
7771 7870 7872 7971 -1
7772 7871 7873 7972 -1
7773 7872 7874 7973 -1
7774 7873 7875 7974 -1
7775 7874 7876 7975 -1
7776 7875 7877 7976 -1
7777 7876 7878 7977 -1
7778 7877 7879 7978 -1
7779 7878 7880 7979 -1
7780 7879 7881 7980 -1
7781 7880 7882 7981 -1
7782 7881 7883 7982 -1
7783 7882 7884 7983 -1
7784 7883 7885 7984 -1
7785 7884 7886 7985 -1
7786 7885 7887 7986 -1
7787 7886 7888 7987 -1
7788 7887 7889 7988 -1
7789 7888 7890 7989 -1
7790 7889 7891 7990 -1
7791 7890 7892 7991 -1
7792 7891 7893 7992 -1
7793 7892 7894 7993 -1
7794 7893 7895 7994 -1
7795 7894 7896 7995 -1
7796 7895 7897 7996 -1
7797 7896 7898 7997 -1
7798 7897 7899 7998 -1
7799 7898 7999 -1
7800 7901 8000 -1
7801 7900 7902 8001 -1
7802 7901 7903 8002 -1
7803 7902 7904 8003 -1
7804 7903 7905 8004 -1
7805 7904 7906 8005 -1
7806 7905 7907 8006 -1
7807 7906 7908 8007 -1
7808 7907 7909 8008 -1
7809 7908 7910 8009 -1
7810 7909 7911 8010 -1
7811 7910 7912 8011 -1
7812 7911 7913 8012 -1
7813 7912 7914 8013 -1
7814 7913 7915 8014 -1
7815 7914 7916 8015 -1
7816 7915 7917 8016 -1
7817 7916 7918 8017 -1
7818 7917 7919 8018 -1
7819 7918 7920 8019 -1
7820 7919 7921 8020 -1
7821 7920 7922 8021 -1
7822 7921 7923 8022 -1
7823 7922 7924 8023 -1
7824 7923 7925 8024 -1
7825 7924 7926 8025 -1
7826 7925 7927 8026 -1
7827 7926 7928 8027 -1
7828 7927 7929 8028 -1
7829 7928 7930 8029 -1
7830 7929 7931 8030 -1
7831 7930 7932 8031 -1
7832 7931 7933 8032 -1
7833 7932 7934 8033 -1
7834 7933 7935 8034 -1
7835 7934 7936 8035 -1
7836 7935 7937 8036 -1
7837 7936 7938 8037 -1
7838 7937 7939 8038 -1
7839 7938 7940 8039 -1
7840 7939 7941 8040 -1
7841 7940 7942 8041 -1
7842 7941 7943 8042 -1
7843 7942 7944 8043 -1
7844 7943 7945 8044 -1
7845 7944 7946 8045 -1
7846 7945 7947 8046 -1
7847 7946 7948 8047 -1
7848 7947 7949 8048 -1
7849 7948 7950 8049 -1
7850 7949 7951 8050 -1
7851 7950 7952 8051 -1
7852 7951 7953 8052 -1
7853 7952 7954 8053 -1
7854 7953 7955 8054 -1
7855 7954 7956 8055 -1
7856 7955 7957 8056 -1
7857 7956 7958 8057 -1
7858 7957 7959 8058 -1
7859 7958 7960 8059 -1
7860 7959 7961 8060 -1
7861 7960 7962 8061 -1
7862 7961 7963 8062 -1
7863 7962 7964 8063 -1
7864 7963 7965 8064 -1
7865 7964 7966 8065 -1
7866 7965 7967 8066 -1
7867 7966 7968 8067 -1
7868 7967 7969 8068 -1
7869 7968 7970 8069 -1
7870 7969 7971 8070 -1
7871 7970 7972 8071 -1
7872 7971 7973 8072 -1
7873 7972 7974 8073 -1
7874 7973 7975 8074 -1
7875 7974 7976 8075 -1
7876 7975 7977 8076 -1
7877 7976 7978 8077 -1
7878 7977 7979 8078 -1
7879 7978 7980 8079 -1
7880 7979 7981 8080 -1
7881 7980 7982 8081 -1
7882 7981 7983 8082 -1
7883 7982 7984 8083 -1
7884 7983 7985 8084 -1
7885 7984 7986 8085 -1
7886 7985 7987 8086 -1
7887 7986 7988 8087 -1
7888 7987 7989 8088 -1
7889 7988 7990 8089 -1
7890 7989 7991 8090 -1
7891 7990 7992 8091 -1
7892 7991 7993 8092 -1
7893 7992 7994 8093 -1
7894 7993 7995 8094 -1
7895 7994 7996 8095 -1
7896 7995 7997 8096 -1
7897 7996 7998 8097 -1
7898 7997 7999 8098 -1
7899 7998 8099 -1
7900 8001 8100 -1
7901 8000 8002 8101 -1
7902 8001 8003 8102 -1
7903 8002 8004 8103 -1
7904 8003 8005 8104 -1
7905 8004 8006 8105 -1
7906 8005 8007 8106 -1
7907 8006 8008 8107 -1
7908 8007 8009 8108 -1
7909 8008 8010 8109 -1
7910 8009 8011 8110 -1
7911 8010 8012 8111 -1
7912 8011 8013 8112 -1
7913 8012 8014 8113 -1
7914 8013 8015 8114 -1
7915 8014 8016 8115 -1
7916 8015 8017 8116 -1
7917 8016 8018 8117 -1
7918 8017 8019 8118 -1
7919 8018 8020 8119 -1
7920 8019 8021 8120 -1
7921 8020 8022 8121 -1
7922 8021 8023 8122 -1
7923 8022 8024 8123 -1
7924 8023 8025 8124 -1
7925 8024 8026 8125 -1
7926 8025 8027 8126 -1
7927 8026 8028 8127 -1
7928 8027 8029 8128 -1
7929 8028 8030 8129 -1
7930 8029 8031 8130 -1
7931 8030 8032 8131 -1
7932 8031 8033 8132 -1
7933 8032 8034 8133 -1
7934 8033 8035 8134 -1
7935 8034 8036 8135 -1
7936 8035 8037 8136 -1
7937 8036 8038 8137 -1
7938 8037 8039 8138 -1
7939 8038 8040 8139 -1
7940 8039 8041 8140 -1
7941 8040 8042 8141 -1
7942 8041 8043 8142 -1
7943 8042 8044 8143 -1
7944 8043 8045 8144 -1
7945 8044 8046 8145 -1
7946 8045 8047 8146 -1
7947 8046 8048 8147 -1
7948 8047 8049 8148 -1
7949 8048 8050 8149 -1
7950 8049 8051 8150 -1
7951 8050 8052 8151 -1
7952 8051 8053 8152 -1
7953 8052 8054 8153 -1
7954 8053 8055 8154 -1
7955 8054 8056 8155 -1
7956 8055 8057 8156 -1
7957 8056 8058 8157 -1
7958 8057 8059 8158 -1
7959 8058 8060 8159 -1
7960 8059 8061 8160 -1
7961 8060 8062 8161 -1
7962 8061 8063 8162 -1
7963 8062 8064 8163 -1
7964 8063 8065 8164 -1
7965 8064 8066 8165 -1
7966 8065 8067 8166 -1
7967 8066 8068 8167 -1
7968 8067 8069 8168 -1
7969 8068 8070 8169 -1
7970 8069 8071 8170 -1
7971 8070 8072 8171 -1
7972 8071 8073 8172 -1
7973 8072 8074 8173 -1
7974 8073 8075 8174 -1
7975 8074 8076 8175 -1
7976 8075 8077 8176 -1
7977 8076 8078 8177 -1
7978 8077 8079 8178 -1
7979 8078 8080 8179 -1
7980 8079 8081 8180 -1
7981 8080 8082 8181 -1
7982 8081 8083 8182 -1
7983 8082 8084 8183 -1
7984 8083 8085 8184 -1
7985 8084 8086 8185 -1
7986 8085 8087 8186 -1
7987 8086 8088 8187 -1
7988 8087 8089 8188 -1
7989 8088 8090 8189 -1
7990 8089 8091 8190 -1
7991 8090 8092 8191 -1
7992 8091 8093 8192 -1
7993 8092 8094 8193 -1
7994 8093 8095 8194 -1
7995 8094 8096 8195 -1
7996 8095 8097 8196 -1
7997 8096 8098 8197 -1
7998 8097 8099 8198 -1
7999 8098 8199 -1
8000 8101 8200 -1
8001 8100 8102 8201 -1
8002 8101 8103 8202 -1
8003 8102 8104 8203 -1
8004 8103 8105 8204 -1
8005 8104 8106 8205 -1
8006 8105 8107 8206 -1
8007 8106 8108 8207 -1
8008 8107 8109 8208 -1
8009 8108 8110 8209 -1
8010 8109 8111 8210 -1
8011 8110 8112 8211 -1
8012 8111 8113 8212 -1
8013 8112 8114 8213 -1
8014 8113 8115 8214 -1
8015 8114 8116 8215 -1
8016 8115 8117 8216 -1
8017 8116 8118 8217 -1
8018 8117 8119 8218 -1
8019 8118 8120 8219 -1
8020 8119 8121 8220 -1
8021 8120 8122 8221 -1
8022 8121 8123 8222 -1
8023 8122 8124 8223 -1
8024 8123 8125 8224 -1
8025 8124 8126 8225 -1
8026 8125 8127 8226 -1
8027 8126 8128 8227 -1
8028 8127 8129 8228 -1
8029 8128 8130 8229 -1
8030 8129 8131 8230 -1
8031 8130 8132 8231 -1
8032 8131 8133 8232 -1
8033 8132 8134 8233 -1
8034 8133 8135 8234 -1
8035 8134 8136 8235 -1
8036 8135 8137 8236 -1
8037 8136 8138 8237 -1
8038 8137 8139 8238 -1
8039 8138 8140 8239 -1
8040 8139 8141 8240 -1
8041 8140 8142 8241 -1
8042 8141 8143 8242 -1
8043 8142 8144 8243 -1
8044 8143 8145 8244 -1
8045 8144 8146 8245 -1
8046 8145 8147 8246 -1
8047 8146 8148 8247 -1
8048 8147 8149 8248 -1
8049 8148 8150 8249 -1
8050 8149 8151 8250 -1
8051 8150 8152 8251 -1
8052 8151 8153 8252 -1
8053 8152 8154 8253 -1
8054 8153 8155 8254 -1
8055 8154 8156 8255 -1
8056 8155 8157 8256 -1
8057 8156 8158 8257 -1
8058 8157 8159 8258 -1
8059 8158 8160 8259 -1
8060 8159 8161 8260 -1
8061 8160 8162 8261 -1
8062 8161 8163 8262 -1
8063 8162 8164 8263 -1
8064 8163 8165 8264 -1
8065 8164 8166 8265 -1
8066 8165 8167 8266 -1
8067 8166 8168 8267 -1
8068 8167 8169 8268 -1
8069 8168 8170 8269 -1
8070 8169 8171 8270 -1
8071 8170 8172 8271 -1
8072 8171 8173 8272 -1
8073 8172 8174 8273 -1
8074 8173 8175 8274 -1
8075 8174 8176 8275 -1
8076 8175 8177 8276 -1
8077 8176 8178 8277 -1
8078 8177 8179 8278 -1
8079 8178 8180 8279 -1
8080 8179 8181 8280 -1
8081 8180 8182 8281 -1
8082 8181 8183 8282 -1
8083 8182 8184 8283 -1
8084 8183 8185 8284 -1
8085 8184 8186 8285 -1
8086 8185 8187 8286 -1
8087 8186 8188 8287 -1
8088 8187 8189 8288 -1
8089 8188 8190 8289 -1
8090 8189 8191 8290 -1
8091 8190 8192 8291 -1
8092 8191 8193 8292 -1
8093 8192 8194 8293 -1
8094 8193 8195 8294 -1
8095 8194 8196 8295 -1
8096 8195 8197 8296 -1
8097 8196 8198 8297 -1
8098 8197 8199 8298 -1
8099 8198 8299 -1
8100 8201 8300 -1
8101 8200 8202 8301 -1
8102 8201 8203 8302 -1
8103 8202 8204 8303 -1
8104 8203 8205 8304 -1
8105 8204 8206 8305 -1
8106 8205 8207 8306 -1
8107 8206 8208 8307 -1
8108 8207 8209 8308 -1
8109 8208 8210 8309 -1
8110 8209 8211 8310 -1
8111 8210 8212 8311 -1
8112 8211 8213 8312 -1
8113 8212 8214 8313 -1
8114 8213 8215 8314 -1
8115 8214 8216 8315 -1
8116 8215 8217 8316 -1
8117 8216 8218 8317 -1
8118 8217 8219 8318 -1
8119 8218 8220 8319 -1
8120 8219 8221 8320 -1
8121 8220 8222 8321 -1
8122 8221 8223 8322 -1
8123 8222 8224 8323 -1
8124 8223 8225 8324 -1
8125 8224 8226 8325 -1
8126 8225 8227 8326 -1
8127 8226 8228 8327 -1
8128 8227 8229 8328 -1
8129 8228 8230 8329 -1
8130 8229 8231 8330 -1
8131 8230 8232 8331 -1
8132 8231 8233 8332 -1
8133 8232 8234 8333 -1
8134 8233 8235 8334 -1
8135 8234 8236 8335 -1
8136 8235 8237 8336 -1
8137 8236 8238 8337 -1
8138 8237 8239 8338 -1
8139 8238 8240 8339 -1
8140 8239 8241 8340 -1
8141 8240 8242 8341 -1
8142 8241 8243 8342 -1
8143 8242 8244 8343 -1
8144 8243 8245 8344 -1
8145 8244 8246 8345 -1
8146 8245 8247 8346 -1
8147 8246 8248 8347 -1
8148 8247 8249 8348 -1
8149 8248 8250 8349 -1
8150 8249 8251 8350 -1
8151 8250 8252 8351 -1
8152 8251 8253 8352 -1
8153 8252 8254 8353 -1
8154 8253 8255 8354 -1
8155 8254 8256 8355 -1
8156 8255 8257 8356 -1
8157 8256 8258 8357 -1
8158 8257 8259 8358 -1
8159 8258 8260 8359 -1
8160 8259 8261 8360 -1
8161 8260 8262 8361 -1
8162 8261 8263 8362 -1
8163 8262 8264 8363 -1
8164 8263 8265 8364 -1
8165 8264 8266 8365 -1
8166 8265 8267 8366 -1
8167 8266 8268 8367 -1
8168 8267 8269 8368 -1
8169 8268 8270 8369 -1
8170 8269 8271 8370 -1
8171 8270 8272 8371 -1
8172 8271 8273 8372 -1
8173 8272 8274 8373 -1
8174 8273 8275 8374 -1
8175 8274 8276 8375 -1
8176 8275 8277 8376 -1
8177 8276 8278 8377 -1
8178 8277 8279 8378 -1
8179 8278 8280 8379 -1
8180 8279 8281 8380 -1
8181 8280 8282 8381 -1
8182 8281 8283 8382 -1
8183 8282 8284 8383 -1
8184 8283 8285 8384 -1
8185 8284 8286 8385 -1
8186 8285 8287 8386 -1
8187 8286 8288 8387 -1
8188 8287 8289 8388 -1
8189 8288 8290 8389 -1
8190 8289 8291 8390 -1
8191 8290 8292 8391 -1
8192 8291 8293 8392 -1
8193 8292 8294 8393 -1
8194 8293 8295 8394 -1
8195 8294 8296 8395 -1
8196 8295 8297 8396 -1
8197 8296 8298 8397 -1
8198 8297 8299 8398 -1
8199 8298 8399 -1
8200 8301 8400 -1
8201 8300 8302 8401 -1
8202 8301 8303 8402 -1
8203 8302 8304 8403 -1
8204 8303 8305 8404 -1
8205 8304 8306 8405 -1
8206 8305 8307 8406 -1
8207 8306 8308 8407 -1
8208 8307 8309 8408 -1
8209 8308 8310 8409 -1
8210 8309 8311 8410 -1
8211 8310 8312 8411 -1
8212 8311 8313 8412 -1
8213 8312 8314 8413 -1
8214 8313 8315 8414 -1
8215 8314 8316 8415 -1
8216 8315 8317 8416 -1
8217 8316 8318 8417 -1
8218 8317 8319 8418 -1
8219 8318 8320 8419 -1
8220 8319 8321 8420 -1
8221 8320 8322 8421 -1
8222 8321 8323 8422 -1
8223 8322 8324 8423 -1
8224 8323 8325 8424 -1
8225 8324 8326 8425 -1
8226 8325 8327 8426 -1
8227 8326 8328 8427 -1
8228 8327 8329 8428 -1
8229 8328 8330 8429 -1
8230 8329 8331 8430 -1
8231 8330 8332 8431 -1
8232 8331 8333 8432 -1
8233 8332 8334 8433 -1
8234 8333 8335 8434 -1
8235 8334 8336 8435 -1
8236 8335 8337 8436 -1
8237 8336 8338 8437 -1
8238 8337 8339 8438 -1
8239 8338 8340 8439 -1
8240 8339 8341 8440 -1
8241 8340 8342 8441 -1
8242 8341 8343 8442 -1
8243 8342 8344 8443 -1
8244 8343 8345 8444 -1
8245 8344 8346 8445 -1
8246 8345 8347 8446 -1
8247 8346 8348 8447 -1
8248 8347 8349 8448 -1
8249 8348 8350 8449 -1
8250 8349 8351 8450 -1
8251 8350 8352 8451 -1
8252 8351 8353 8452 -1
8253 8352 8354 8453 -1
8254 8353 8355 8454 -1
8255 8354 8356 8455 -1
8256 8355 8357 8456 -1
8257 8356 8358 8457 -1
8258 8357 8359 8458 -1
8259 8358 8360 8459 -1
8260 8359 8361 8460 -1
8261 8360 8362 8461 -1
8262 8361 8363 8462 -1
8263 8362 8364 8463 -1
8264 8363 8365 8464 -1
8265 8364 8366 8465 -1
8266 8365 8367 8466 -1
8267 8366 8368 8467 -1
8268 8367 8369 8468 -1
8269 8368 8370 8469 -1
8270 8369 8371 8470 -1
8271 8370 8372 8471 -1
8272 8371 8373 8472 -1
8273 8372 8374 8473 -1
8274 8373 8375 8474 -1
8275 8374 8376 8475 -1
8276 8375 8377 8476 -1
8277 8376 8378 8477 -1
8278 8377 8379 8478 -1
8279 8378 8380 8479 -1
8280 8379 8381 8480 -1
8281 8380 8382 8481 -1
8282 8381 8383 8482 -1
8283 8382 8384 8483 -1
8284 8383 8385 8484 -1
8285 8384 8386 8485 -1
8286 8385 8387 8486 -1
8287 8386 8388 8487 -1
8288 8387 8389 8488 -1
8289 8388 8390 8489 -1
8290 8389 8391 8490 -1
8291 8390 8392 8491 -1
8292 8391 8393 8492 -1
8293 8392 8394 8493 -1
8294 8393 8395 8494 -1
8295 8394 8396 8495 -1
8296 8395 8397 8496 -1
8297 8396 8398 8497 -1
8298 8397 8399 8498 -1
8299 8398 8499 -1
8300 8401 8500 -1
8301 8400 8402 8501 -1
8302 8401 8403 8502 -1
8303 8402 8404 8503 -1
8304 8403 8405 8504 -1
8305 8404 8406 8505 -1
8306 8405 8407 8506 -1
8307 8406 8408 8507 -1
8308 8407 8409 8508 -1
8309 8408 8410 8509 -1
8310 8409 8411 8510 -1
8311 8410 8412 8511 -1
8312 8411 8413 8512 -1
8313 8412 8414 8513 -1
8314 8413 8415 8514 -1
8315 8414 8416 8515 -1
8316 8415 8417 8516 -1
8317 8416 8418 8517 -1
8318 8417 8419 8518 -1
8319 8418 8420 8519 -1
8320 8419 8421 8520 -1
8321 8420 8422 8521 -1
8322 8421 8423 8522 -1
8323 8422 8424 8523 -1
8324 8423 8425 8524 -1
8325 8424 8426 8525 -1
8326 8425 8427 8526 -1
8327 8426 8428 8527 -1
8328 8427 8429 8528 -1
8329 8428 8430 8529 -1
8330 8429 8431 8530 -1
8331 8430 8432 8531 -1
8332 8431 8433 8532 -1
8333 8432 8434 8533 -1
8334 8433 8435 8534 -1
8335 8434 8436 8535 -1
8336 8435 8437 8536 -1
8337 8436 8438 8537 -1
8338 8437 8439 8538 -1
8339 8438 8440 8539 -1
8340 8439 8441 8540 -1
8341 8440 8442 8541 -1
8342 8441 8443 8542 -1
8343 8442 8444 8543 -1
8344 8443 8445 8544 -1
8345 8444 8446 8545 -1
8346 8445 8447 8546 -1
8347 8446 8448 8547 -1
8348 8447 8449 8548 -1
8349 8448 8450 8549 -1
8350 8449 8451 8550 -1
8351 8450 8452 8551 -1
8352 8451 8453 8552 -1
8353 8452 8454 8553 -1
8354 8453 8455 8554 -1
8355 8454 8456 8555 -1
8356 8455 8457 8556 -1
8357 8456 8458 8557 -1
8358 8457 8459 8558 -1
8359 8458 8460 8559 -1
8360 8459 8461 8560 -1
8361 8460 8462 8561 -1
8362 8461 8463 8562 -1
8363 8462 8464 8563 -1
8364 8463 8465 8564 -1
8365 8464 8466 8565 -1
8366 8465 8467 8566 -1
8367 8466 8468 8567 -1
8368 8467 8469 8568 -1
8369 8468 8470 8569 -1
8370 8469 8471 8570 -1
8371 8470 8472 8571 -1
8372 8471 8473 8572 -1
8373 8472 8474 8573 -1
8374 8473 8475 8574 -1
8375 8474 8476 8575 -1
8376 8475 8477 8576 -1
8377 8476 8478 8577 -1
8378 8477 8479 8578 -1
8379 8478 8480 8579 -1
8380 8479 8481 8580 -1
8381 8480 8482 8581 -1
8382 8481 8483 8582 -1
8383 8482 8484 8583 -1
8384 8483 8485 8584 -1
8385 8484 8486 8585 -1
8386 8485 8487 8586 -1
8387 8486 8488 8587 -1
8388 8487 8489 8588 -1
8389 8488 8490 8589 -1
8390 8489 8491 8590 -1
8391 8490 8492 8591 -1
8392 8491 8493 8592 -1
8393 8492 8494 8593 -1
8394 8493 8495 8594 -1
8395 8494 8496 8595 -1
8396 8495 8497 8596 -1
8397 8496 8498 8597 -1
8398 8497 8499 8598 -1
8399 8498 8599 -1
8400 8501 8600 -1
8401 8500 8502 8601 -1
8402 8501 8503 8602 -1
8403 8502 8504 8603 -1
8404 8503 8505 8604 -1
8405 8504 8506 8605 -1
8406 8505 8507 8606 -1
8407 8506 8508 8607 -1
8408 8507 8509 8608 -1
8409 8508 8510 8609 -1
8410 8509 8511 8610 -1
8411 8510 8512 8611 -1
8412 8511 8513 8612 -1
8413 8512 8514 8613 -1
8414 8513 8515 8614 -1
8415 8514 8516 8615 -1
8416 8515 8517 8616 -1
8417 8516 8518 8617 -1
8418 8517 8519 8618 -1
8419 8518 8520 8619 -1
8420 8519 8521 8620 -1
8421 8520 8522 8621 -1
8422 8521 8523 8622 -1
8423 8522 8524 8623 -1
8424 8523 8525 8624 -1
8425 8524 8526 8625 -1
8426 8525 8527 8626 -1
8427 8526 8528 8627 -1
8428 8527 8529 8628 -1
8429 8528 8530 8629 -1
8430 8529 8531 8630 -1
8431 8530 8532 8631 -1
8432 8531 8533 8632 -1
8433 8532 8534 8633 -1
8434 8533 8535 8634 -1
8435 8534 8536 8635 -1
8436 8535 8537 8636 -1
8437 8536 8538 8637 -1
8438 8537 8539 8638 -1
8439 8538 8540 8639 -1
8440 8539 8541 8640 -1
8441 8540 8542 8641 -1
8442 8541 8543 8642 -1
8443 8542 8544 8643 -1
8444 8543 8545 8644 -1
8445 8544 8546 8645 -1
8446 8545 8547 8646 -1
8447 8546 8548 8647 -1
8448 8547 8549 8648 -1
8449 8548 8550 8649 -1
8450 8549 8551 8650 -1
8451 8550 8552 8651 -1
8452 8551 8553 8652 -1
8453 8552 8554 8653 -1
8454 8553 8555 8654 -1
8455 8554 8556 8655 -1
8456 8555 8557 8656 -1
8457 8556 8558 8657 -1
8458 8557 8559 8658 -1
8459 8558 8560 8659 -1
8460 8559 8561 8660 -1
8461 8560 8562 8661 -1
8462 8561 8563 8662 -1
8463 8562 8564 8663 -1
8464 8563 8565 8664 -1
8465 8564 8566 8665 -1
8466 8565 8567 8666 -1
8467 8566 8568 8667 -1
8468 8567 8569 8668 -1
8469 8568 8570 8669 -1
8470 8569 8571 8670 -1
8471 8570 8572 8671 -1
8472 8571 8573 8672 -1
8473 8572 8574 8673 -1
8474 8573 8575 8674 -1
8475 8574 8576 8675 -1
8476 8575 8577 8676 -1
8477 8576 8578 8677 -1
8478 8577 8579 8678 -1
8479 8578 8580 8679 -1
8480 8579 8581 8680 -1
8481 8580 8582 8681 -1
8482 8581 8583 8682 -1
8483 8582 8584 8683 -1
8484 8583 8585 8684 -1
8485 8584 8586 8685 -1
8486 8585 8587 8686 -1
8487 8586 8588 8687 -1
8488 8587 8589 8688 -1
8489 8588 8590 8689 -1
8490 8589 8591 8690 -1
8491 8590 8592 8691 -1
8492 8591 8593 8692 -1
8493 8592 8594 8693 -1
8494 8593 8595 8694 -1
8495 8594 8596 8695 -1
8496 8595 8597 8696 -1
8497 8596 8598 8697 -1
8498 8597 8599 8698 -1
8499 8598 8699 -1
8500 8601 8700 -1
8501 8600 8602 8701 -1
8502 8601 8603 8702 -1
8503 8602 8604 8703 -1
8504 8603 8605 8704 -1
8505 8604 8606 8705 -1
8506 8605 8607 8706 -1
8507 8606 8608 8707 -1
8508 8607 8609 8708 -1
8509 8608 8610 8709 -1
8510 8609 8611 8710 -1
8511 8610 8612 8711 -1
8512 8611 8613 8712 -1
8513 8612 8614 8713 -1
8514 8613 8615 8714 -1
8515 8614 8616 8715 -1
8516 8615 8617 8716 -1
8517 8616 8618 8717 -1
8518 8617 8619 8718 -1
8519 8618 8620 8719 -1
8520 8619 8621 8720 -1
8521 8620 8622 8721 -1
8522 8621 8623 8722 -1
8523 8622 8624 8723 -1
8524 8623 8625 8724 -1
8525 8624 8626 8725 -1
8526 8625 8627 8726 -1
8527 8626 8628 8727 -1
8528 8627 8629 8728 -1
8529 8628 8630 8729 -1
8530 8629 8631 8730 -1
8531 8630 8632 8731 -1
8532 8631 8633 8732 -1
8533 8632 8634 8733 -1
8534 8633 8635 8734 -1
8535 8634 8636 8735 -1
8536 8635 8637 8736 -1
8537 8636 8638 8737 -1
8538 8637 8639 8738 -1
8539 8638 8640 8739 -1
8540 8639 8641 8740 -1
8541 8640 8642 8741 -1
8542 8641 8643 8742 -1
8543 8642 8644 8743 -1
8544 8643 8645 8744 -1
8545 8644 8646 8745 -1
8546 8645 8647 8746 -1
8547 8646 8648 8747 -1
8548 8647 8649 8748 -1
8549 8648 8650 8749 -1
8550 8649 8651 8750 -1
8551 8650 8652 8751 -1
8552 8651 8653 8752 -1
8553 8652 8654 8753 -1
8554 8653 8655 8754 -1
8555 8654 8656 8755 -1
8556 8655 8657 8756 -1
8557 8656 8658 8757 -1
8558 8657 8659 8758 -1
8559 8658 8660 8759 -1
8560 8659 8661 8760 -1
8561 8660 8662 8761 -1
8562 8661 8663 8762 -1
8563 8662 8664 8763 -1
8564 8663 8665 8764 -1
8565 8664 8666 8765 -1
8566 8665 8667 8766 -1
8567 8666 8668 8767 -1
8568 8667 8669 8768 -1
8569 8668 8670 8769 -1
8570 8669 8671 8770 -1
8571 8670 8672 8771 -1
8572 8671 8673 8772 -1
8573 8672 8674 8773 -1
8574 8673 8675 8774 -1
8575 8674 8676 8775 -1
8576 8675 8677 8776 -1
8577 8676 8678 8777 -1
8578 8677 8679 8778 -1
8579 8678 8680 8779 -1
8580 8679 8681 8780 -1
8581 8680 8682 8781 -1
8582 8681 8683 8782 -1
8583 8682 8684 8783 -1
8584 8683 8685 8784 -1
8585 8684 8686 8785 -1
8586 8685 8687 8786 -1
8587 8686 8688 8787 -1
8588 8687 8689 8788 -1
8589 8688 8690 8789 -1
8590 8689 8691 8790 -1
8591 8690 8692 8791 -1
8592 8691 8693 8792 -1
8593 8692 8694 8793 -1
8594 8693 8695 8794 -1
8595 8694 8696 8795 -1
8596 8695 8697 8796 -1
8597 8696 8698 8797 -1
8598 8697 8699 8798 -1
8599 8698 8799 -1
8600 8701 8800 -1
8601 8700 8702 8801 -1
8602 8701 8703 8802 -1
8603 8702 8704 8803 -1
8604 8703 8705 8804 -1
8605 8704 8706 8805 -1
8606 8705 8707 8806 -1
8607 8706 8708 8807 -1
8608 8707 8709 8808 -1
8609 8708 8710 8809 -1
8610 8709 8711 8810 -1
8611 8710 8712 8811 -1
8612 8711 8713 8812 -1
8613 8712 8714 8813 -1
8614 8713 8715 8814 -1
8615 8714 8716 8815 -1
8616 8715 8717 8816 -1
8617 8716 8718 8817 -1
8618 8717 8719 8818 -1
8619 8718 8720 8819 -1
8620 8719 8721 8820 -1
8621 8720 8722 8821 -1
8622 8721 8723 8822 -1
8623 8722 8724 8823 -1
8624 8723 8725 8824 -1
8625 8724 8726 8825 -1
8626 8725 8727 8826 -1
8627 8726 8728 8827 -1
8628 8727 8729 8828 -1
8629 8728 8730 8829 -1
8630 8729 8731 8830 -1
8631 8730 8732 8831 -1
8632 8731 8733 8832 -1
8633 8732 8734 8833 -1
8634 8733 8735 8834 -1
8635 8734 8736 8835 -1
8636 8735 8737 8836 -1
8637 8736 8738 8837 -1
8638 8737 8739 8838 -1
8639 8738 8740 8839 -1
8640 8739 8741 8840 -1
8641 8740 8742 8841 -1
8642 8741 8743 8842 -1
8643 8742 8744 8843 -1
8644 8743 8745 8844 -1
8645 8744 8746 8845 -1
8646 8745 8747 8846 -1
8647 8746 8748 8847 -1
8648 8747 8749 8848 -1
8649 8748 8750 8849 -1
8650 8749 8751 8850 -1
8651 8750 8752 8851 -1
8652 8751 8753 8852 -1
8653 8752 8754 8853 -1
8654 8753 8755 8854 -1
8655 8754 8756 8855 -1
8656 8755 8757 8856 -1
8657 8756 8758 8857 -1
8658 8757 8759 8858 -1
8659 8758 8760 8859 -1
8660 8759 8761 8860 -1
8661 8760 8762 8861 -1
8662 8761 8763 8862 -1
8663 8762 8764 8863 -1
8664 8763 8765 8864 -1
8665 8764 8766 8865 -1
8666 8765 8767 8866 -1
8667 8766 8768 8867 -1
8668 8767 8769 8868 -1
8669 8768 8770 8869 -1
8670 8769 8771 8870 -1
8671 8770 8772 8871 -1
8672 8771 8773 8872 -1
8673 8772 8774 8873 -1
8674 8773 8775 8874 -1
8675 8774 8776 8875 -1
8676 8775 8777 8876 -1
8677 8776 8778 8877 -1
8678 8777 8779 8878 -1
8679 8778 8780 8879 -1
8680 8779 8781 8880 -1
8681 8780 8782 8881 -1
8682 8781 8783 8882 -1
8683 8782 8784 8883 -1
8684 8783 8785 8884 -1
8685 8784 8786 8885 -1
8686 8785 8787 8886 -1
8687 8786 8788 8887 -1
8688 8787 8789 8888 -1
8689 8788 8790 8889 -1
8690 8789 8791 8890 -1
8691 8790 8792 8891 -1
8692 8791 8793 8892 -1
8693 8792 8794 8893 -1
8694 8793 8795 8894 -1
8695 8794 8796 8895 -1
8696 8795 8797 8896 -1
8697 8796 8798 8897 -1
8698 8797 8799 8898 -1
8699 8798 8899 -1
8700 8801 8900 -1
8701 8800 8802 8901 -1
8702 8801 8803 8902 -1
8703 8802 8804 8903 -1
8704 8803 8805 8904 -1
8705 8804 8806 8905 -1
8706 8805 8807 8906 -1
8707 8806 8808 8907 -1
8708 8807 8809 8908 -1
8709 8808 8810 8909 -1
8710 8809 8811 8910 -1
8711 8810 8812 8911 -1
8712 8811 8813 8912 -1
8713 8812 8814 8913 -1
8714 8813 8815 8914 -1
8715 8814 8816 8915 -1
8716 8815 8817 8916 -1
8717 8816 8818 8917 -1
8718 8817 8819 8918 -1
8719 8818 8820 8919 -1
8720 8819 8821 8920 -1
8721 8820 8822 8921 -1
8722 8821 8823 8922 -1
8723 8822 8824 8923 -1
8724 8823 8825 8924 -1
8725 8824 8826 8925 -1
8726 8825 8827 8926 -1
8727 8826 8828 8927 -1
8728 8827 8829 8928 -1
8729 8828 8830 8929 -1
8730 8829 8831 8930 -1
8731 8830 8832 8931 -1
8732 8831 8833 8932 -1
8733 8832 8834 8933 -1
8734 8833 8835 8934 -1
8735 8834 8836 8935 -1
8736 8835 8837 8936 -1
8737 8836 8838 8937 -1
8738 8837 8839 8938 -1
8739 8838 8840 8939 -1
8740 8839 8841 8940 -1
8741 8840 8842 8941 -1
8742 8841 8843 8942 -1
8743 8842 8844 8943 -1
8744 8843 8845 8944 -1
8745 8844 8846 8945 -1
8746 8845 8847 8946 -1
8747 8846 8848 8947 -1
8748 8847 8849 8948 -1
8749 8848 8850 8949 -1
8750 8849 8851 8950 -1
8751 8850 8852 8951 -1
8752 8851 8853 8952 -1
8753 8852 8854 8953 -1
8754 8853 8855 8954 -1
8755 8854 8856 8955 -1
8756 8855 8857 8956 -1
8757 8856 8858 8957 -1
8758 8857 8859 8958 -1
8759 8858 8860 8959 -1
8760 8859 8861 8960 -1
8761 8860 8862 8961 -1
8762 8861 8863 8962 -1
8763 8862 8864 8963 -1
8764 8863 8865 8964 -1
8765 8864 8866 8965 -1
8766 8865 8867 8966 -1
8767 8866 8868 8967 -1
8768 8867 8869 8968 -1
8769 8868 8870 8969 -1
8770 8869 8871 8970 -1
8771 8870 8872 8971 -1
8772 8871 8873 8972 -1
8773 8872 8874 8973 -1
8774 8873 8875 8974 -1
8775 8874 8876 8975 -1
8776 8875 8877 8976 -1
8777 8876 8878 8977 -1
8778 8877 8879 8978 -1
8779 8878 8880 8979 -1
8780 8879 8881 8980 -1
8781 8880 8882 8981 -1
8782 8881 8883 8982 -1
8783 8882 8884 8983 -1
8784 8883 8885 8984 -1
8785 8884 8886 8985 -1
8786 8885 8887 8986 -1
8787 8886 8888 8987 -1
8788 8887 8889 8988 -1
8789 8888 8890 8989 -1
8790 8889 8891 8990 -1
8791 8890 8892 8991 -1
8792 8891 8893 8992 -1
8793 8892 8894 8993 -1
8794 8893 8895 8994 -1
8795 8894 8896 8995 -1
8796 8895 8897 8996 -1
8797 8896 8898 8997 -1
8798 8897 8899 8998 -1
8799 8898 8999 -1
8800 8901 9000 -1
8801 8900 8902 9001 -1
8802 8901 8903 9002 -1
8803 8902 8904 9003 -1
8804 8903 8905 9004 -1
8805 8904 8906 9005 -1
8806 8905 8907 9006 -1
8807 8906 8908 9007 -1
8808 8907 8909 9008 -1
8809 8908 8910 9009 -1
8810 8909 8911 9010 -1
8811 8910 8912 9011 -1
8812 8911 8913 9012 -1
8813 8912 8914 9013 -1
8814 8913 8915 9014 -1
8815 8914 8916 9015 -1
8816 8915 8917 9016 -1
8817 8916 8918 9017 -1
8818 8917 8919 9018 -1
8819 8918 8920 9019 -1
8820 8919 8921 9020 -1
8821 8920 8922 9021 -1
8822 8921 8923 9022 -1
8823 8922 8924 9023 -1
8824 8923 8925 9024 -1
8825 8924 8926 9025 -1
8826 8925 8927 9026 -1
8827 8926 8928 9027 -1
8828 8927 8929 9028 -1
8829 8928 8930 9029 -1
8830 8929 8931 9030 -1
8831 8930 8932 9031 -1
8832 8931 8933 9032 -1
8833 8932 8934 9033 -1
8834 8933 8935 9034 -1
8835 8934 8936 9035 -1
8836 8935 8937 9036 -1
8837 8936 8938 9037 -1
8838 8937 8939 9038 -1
8839 8938 8940 9039 -1
8840 8939 8941 9040 -1
8841 8940 8942 9041 -1
8842 8941 8943 9042 -1
8843 8942 8944 9043 -1
8844 8943 8945 9044 -1
8845 8944 8946 9045 -1
8846 8945 8947 9046 -1
8847 8946 8948 9047 -1
8848 8947 8949 9048 -1
8849 8948 8950 9049 -1
8850 8949 8951 9050 -1
8851 8950 8952 9051 -1
8852 8951 8953 9052 -1
8853 8952 8954 9053 -1
8854 8953 8955 9054 -1
8855 8954 8956 9055 -1
8856 8955 8957 9056 -1
8857 8956 8958 9057 -1
8858 8957 8959 9058 -1
8859 8958 8960 9059 -1
8860 8959 8961 9060 -1
8861 8960 8962 9061 -1
8862 8961 8963 9062 -1
8863 8962 8964 9063 -1
8864 8963 8965 9064 -1
8865 8964 8966 9065 -1
8866 8965 8967 9066 -1
8867 8966 8968 9067 -1
8868 8967 8969 9068 -1
8869 8968 8970 9069 -1
8870 8969 8971 9070 -1
8871 8970 8972 9071 -1
8872 8971 8973 9072 -1
8873 8972 8974 9073 -1
8874 8973 8975 9074 -1
8875 8974 8976 9075 -1
8876 8975 8977 9076 -1
8877 8976 8978 9077 -1
8878 8977 8979 9078 -1
8879 8978 8980 9079 -1
8880 8979 8981 9080 -1
8881 8980 8982 9081 -1
8882 8981 8983 9082 -1
8883 8982 8984 9083 -1
8884 8983 8985 9084 -1
8885 8984 8986 9085 -1
8886 8985 8987 9086 -1
8887 8986 8988 9087 -1
8888 8987 8989 9088 -1
8889 8988 8990 9089 -1
8890 8989 8991 9090 -1
8891 8990 8992 9091 -1
8892 8991 8993 9092 -1
8893 8992 8994 9093 -1
8894 8993 8995 9094 -1
8895 8994 8996 9095 -1
8896 8995 8997 9096 -1
8897 8996 8998 9097 -1
8898 8997 8999 9098 -1
8899 8998 9099 -1
8900 9001 9100 -1
8901 9000 9002 9101 -1
8902 9001 9003 9102 -1
8903 9002 9004 9103 -1
8904 9003 9005 9104 -1
8905 9004 9006 9105 -1
8906 9005 9007 9106 -1
8907 9006 9008 9107 -1
8908 9007 9009 9108 -1
8909 9008 9010 9109 -1
8910 9009 9011 9110 -1
8911 9010 9012 9111 -1
8912 9011 9013 9112 -1
8913 9012 9014 9113 -1
8914 9013 9015 9114 -1
8915 9014 9016 9115 -1
8916 9015 9017 9116 -1
8917 9016 9018 9117 -1
8918 9017 9019 9118 -1
8919 9018 9020 9119 -1
8920 9019 9021 9120 -1
8921 9020 9022 9121 -1
8922 9021 9023 9122 -1
8923 9022 9024 9123 -1
8924 9023 9025 9124 -1
8925 9024 9026 9125 -1
8926 9025 9027 9126 -1
8927 9026 9028 9127 -1
8928 9027 9029 9128 -1
8929 9028 9030 9129 -1
8930 9029 9031 9130 -1
8931 9030 9032 9131 -1
8932 9031 9033 9132 -1
8933 9032 9034 9133 -1
8934 9033 9035 9134 -1
8935 9034 9036 9135 -1
8936 9035 9037 9136 -1
8937 9036 9038 9137 -1
8938 9037 9039 9138 -1
8939 9038 9040 9139 -1
8940 9039 9041 9140 -1
8941 9040 9042 9141 -1
8942 9041 9043 9142 -1
8943 9042 9044 9143 -1
8944 9043 9045 9144 -1
8945 9044 9046 9145 -1
8946 9045 9047 9146 -1
8947 9046 9048 9147 -1
8948 9047 9049 9148 -1
8949 9048 9050 9149 -1
8950 9049 9051 9150 -1
8951 9050 9052 9151 -1
8952 9051 9053 9152 -1
8953 9052 9054 9153 -1
8954 9053 9055 9154 -1
8955 9054 9056 9155 -1
8956 9055 9057 9156 -1
8957 9056 9058 9157 -1
8958 9057 9059 9158 -1
8959 9058 9060 9159 -1
8960 9059 9061 9160 -1
8961 9060 9062 9161 -1
8962 9061 9063 9162 -1
8963 9062 9064 9163 -1
8964 9063 9065 9164 -1
8965 9064 9066 9165 -1
8966 9065 9067 9166 -1
8967 9066 9068 9167 -1
8968 9067 9069 9168 -1
8969 9068 9070 9169 -1
8970 9069 9071 9170 -1
8971 9070 9072 9171 -1
8972 9071 9073 9172 -1
8973 9072 9074 9173 -1
8974 9073 9075 9174 -1
8975 9074 9076 9175 -1
8976 9075 9077 9176 -1
8977 9076 9078 9177 -1
8978 9077 9079 9178 -1
8979 9078 9080 9179 -1
8980 9079 9081 9180 -1
8981 9080 9082 9181 -1
8982 9081 9083 9182 -1
8983 9082 9084 9183 -1
8984 9083 9085 9184 -1
8985 9084 9086 9185 -1
8986 9085 9087 9186 -1
8987 9086 9088 9187 -1
8988 9087 9089 9188 -1
8989 9088 9090 9189 -1
8990 9089 9091 9190 -1
8991 9090 9092 9191 -1
8992 9091 9093 9192 -1
8993 9092 9094 9193 -1
8994 9093 9095 9194 -1
8995 9094 9096 9195 -1
8996 9095 9097 9196 -1
8997 9096 9098 9197 -1
8998 9097 9099 9198 -1
8999 9098 9199 -1
9000 9101 9200 -1
9001 9100 9102 9201 -1
9002 9101 9103 9202 -1
9003 9102 9104 9203 -1
9004 9103 9105 9204 -1
9005 9104 9106 9205 -1
9006 9105 9107 9206 -1
9007 9106 9108 9207 -1
9008 9107 9109 9208 -1
9009 9108 9110 9209 -1
9010 9109 9111 9210 -1
9011 9110 9112 9211 -1
9012 9111 9113 9212 -1
9013 9112 9114 9213 -1
9014 9113 9115 9214 -1
9015 9114 9116 9215 -1
9016 9115 9117 9216 -1
9017 9116 9118 9217 -1
9018 9117 9119 9218 -1
9019 9118 9120 9219 -1
9020 9119 9121 9220 -1
9021 9120 9122 9221 -1
9022 9121 9123 9222 -1
9023 9122 9124 9223 -1
9024 9123 9125 9224 -1
9025 9124 9126 9225 -1
9026 9125 9127 9226 -1
9027 9126 9128 9227 -1
9028 9127 9129 9228 -1
9029 9128 9130 9229 -1
9030 9129 9131 9230 -1
9031 9130 9132 9231 -1
9032 9131 9133 9232 -1
9033 9132 9134 9233 -1
9034 9133 9135 9234 -1
9035 9134 9136 9235 -1
9036 9135 9137 9236 -1
9037 9136 9138 9237 -1
9038 9137 9139 9238 -1
9039 9138 9140 9239 -1
9040 9139 9141 9240 -1
9041 9140 9142 9241 -1
9042 9141 9143 9242 -1
9043 9142 9144 9243 -1
9044 9143 9145 9244 -1
9045 9144 9146 9245 -1
9046 9145 9147 9246 -1
9047 9146 9148 9247 -1
9048 9147 9149 9248 -1
9049 9148 9150 9249 -1
9050 9149 9151 9250 -1
9051 9150 9152 9251 -1
9052 9151 9153 9252 -1
9053 9152 9154 9253 -1
9054 9153 9155 9254 -1
9055 9154 9156 9255 -1
9056 9155 9157 9256 -1
9057 9156 9158 9257 -1
9058 9157 9159 9258 -1
9059 9158 9160 9259 -1
9060 9159 9161 9260 -1
9061 9160 9162 9261 -1
9062 9161 9163 9262 -1
9063 9162 9164 9263 -1
9064 9163 9165 9264 -1
9065 9164 9166 9265 -1
9066 9165 9167 9266 -1
9067 9166 9168 9267 -1
9068 9167 9169 9268 -1
9069 9168 9170 9269 -1
9070 9169 9171 9270 -1
9071 9170 9172 9271 -1
9072 9171 9173 9272 -1
9073 9172 9174 9273 -1
9074 9173 9175 9274 -1
9075 9174 9176 9275 -1
9076 9175 9177 9276 -1
9077 9176 9178 9277 -1
9078 9177 9179 9278 -1
9079 9178 9180 9279 -1
9080 9179 9181 9280 -1
9081 9180 9182 9281 -1
9082 9181 9183 9282 -1
9083 9182 9184 9283 -1
9084 9183 9185 9284 -1
9085 9184 9186 9285 -1
9086 9185 9187 9286 -1
9087 9186 9188 9287 -1
9088 9187 9189 9288 -1
9089 9188 9190 9289 -1
9090 9189 9191 9290 -1
9091 9190 9192 9291 -1
9092 9191 9193 9292 -1
9093 9192 9194 9293 -1
9094 9193 9195 9294 -1
9095 9194 9196 9295 -1
9096 9195 9197 9296 -1
9097 9196 9198 9297 -1
9098 9197 9199 9298 -1
9099 9198 9299 -1
9100 9201 9300 -1
9101 9200 9202 9301 -1
9102 9201 9203 9302 -1
9103 9202 9204 9303 -1
9104 9203 9205 9304 -1
9105 9204 9206 9305 -1
9106 9205 9207 9306 -1
9107 9206 9208 9307 -1
9108 9207 9209 9308 -1
9109 9208 9210 9309 -1
9110 9209 9211 9310 -1
9111 9210 9212 9311 -1
9112 9211 9213 9312 -1
9113 9212 9214 9313 -1
9114 9213 9215 9314 -1
9115 9214 9216 9315 -1
9116 9215 9217 9316 -1
9117 9216 9218 9317 -1
9118 9217 9219 9318 -1
9119 9218 9220 9319 -1
9120 9219 9221 9320 -1
9121 9220 9222 9321 -1
9122 9221 9223 9322 -1
9123 9222 9224 9323 -1
9124 9223 9225 9324 -1
9125 9224 9226 9325 -1
9126 9225 9227 9326 -1
9127 9226 9228 9327 -1
9128 9227 9229 9328 -1
9129 9228 9230 9329 -1
9130 9229 9231 9330 -1
9131 9230 9232 9331 -1
9132 9231 9233 9332 -1
9133 9232 9234 9333 -1
9134 9233 9235 9334 -1
9135 9234 9236 9335 -1
9136 9235 9237 9336 -1
9137 9236 9238 9337 -1
9138 9237 9239 9338 -1
9139 9238 9240 9339 -1
9140 9239 9241 9340 -1
9141 9240 9242 9341 -1
9142 9241 9243 9342 -1
9143 9242 9244 9343 -1
9144 9243 9245 9344 -1
9145 9244 9246 9345 -1
9146 9245 9247 9346 -1
9147 9246 9248 9347 -1
9148 9247 9249 9348 -1
9149 9248 9250 9349 -1
9150 9249 9251 9350 -1
9151 9250 9252 9351 -1
9152 9251 9253 9352 -1
9153 9252 9254 9353 -1
9154 9253 9255 9354 -1
9155 9254 9256 9355 -1
9156 9255 9257 9356 -1
9157 9256 9258 9357 -1
9158 9257 9259 9358 -1
9159 9258 9260 9359 -1
9160 9259 9261 9360 -1
9161 9260 9262 9361 -1
9162 9261 9263 9362 -1
9163 9262 9264 9363 -1
9164 9263 9265 9364 -1
9165 9264 9266 9365 -1
9166 9265 9267 9366 -1
9167 9266 9268 9367 -1
9168 9267 9269 9368 -1
9169 9268 9270 9369 -1
9170 9269 9271 9370 -1
9171 9270 9272 9371 -1
9172 9271 9273 9372 -1
9173 9272 9274 9373 -1
9174 9273 9275 9374 -1
9175 9274 9276 9375 -1
9176 9275 9277 9376 -1
9177 9276 9278 9377 -1
9178 9277 9279 9378 -1
9179 9278 9280 9379 -1
9180 9279 9281 9380 -1
9181 9280 9282 9381 -1
9182 9281 9283 9382 -1
9183 9282 9284 9383 -1
9184 9283 9285 9384 -1
9185 9284 9286 9385 -1
9186 9285 9287 9386 -1
9187 9286 9288 9387 -1
9188 9287 9289 9388 -1
9189 9288 9290 9389 -1
9190 9289 9291 9390 -1
9191 9290 9292 9391 -1
9192 9291 9293 9392 -1
9193 9292 9294 9393 -1
9194 9293 9295 9394 -1
9195 9294 9296 9395 -1
9196 9295 9297 9396 -1
9197 9296 9298 9397 -1
9198 9297 9299 9398 -1
9199 9298 9399 -1
9200 9301 9400 -1
9201 9300 9302 9401 -1
9202 9301 9303 9402 -1
9203 9302 9304 9403 -1
9204 9303 9305 9404 -1
9205 9304 9306 9405 -1
9206 9305 9307 9406 -1
9207 9306 9308 9407 -1
9208 9307 9309 9408 -1
9209 9308 9310 9409 -1
9210 9309 9311 9410 -1
9211 9310 9312 9411 -1
9212 9311 9313 9412 -1
9213 9312 9314 9413 -1
9214 9313 9315 9414 -1
9215 9314 9316 9415 -1
9216 9315 9317 9416 -1
9217 9316 9318 9417 -1
9218 9317 9319 9418 -1
9219 9318 9320 9419 -1
9220 9319 9321 9420 -1
9221 9320 9322 9421 -1
9222 9321 9323 9422 -1
9223 9322 9324 9423 -1
9224 9323 9325 9424 -1
9225 9324 9326 9425 -1
9226 9325 9327 9426 -1
9227 9326 9328 9427 -1
9228 9327 9329 9428 -1
9229 9328 9330 9429 -1
9230 9329 9331 9430 -1
9231 9330 9332 9431 -1
9232 9331 9333 9432 -1
9233 9332 9334 9433 -1
9234 9333 9335 9434 -1
9235 9334 9336 9435 -1
9236 9335 9337 9436 -1
9237 9336 9338 9437 -1
9238 9337 9339 9438 -1
9239 9338 9340 9439 -1
9240 9339 9341 9440 -1
9241 9340 9342 9441 -1
9242 9341 9343 9442 -1
9243 9342 9344 9443 -1
9244 9343 9345 9444 -1
9245 9344 9346 9445 -1
9246 9345 9347 9446 -1
9247 9346 9348 9447 -1
9248 9347 9349 9448 -1
9249 9348 9350 9449 -1
9250 9349 9351 9450 -1
9251 9350 9352 9451 -1
9252 9351 9353 9452 -1
9253 9352 9354 9453 -1
9254 9353 9355 9454 -1
9255 9354 9356 9455 -1
9256 9355 9357 9456 -1
9257 9356 9358 9457 -1
9258 9357 9359 9458 -1
9259 9358 9360 9459 -1
9260 9359 9361 9460 -1
9261 9360 9362 9461 -1
9262 9361 9363 9462 -1
9263 9362 9364 9463 -1
9264 9363 9365 9464 -1
9265 9364 9366 9465 -1
9266 9365 9367 9466 -1
9267 9366 9368 9467 -1
9268 9367 9369 9468 -1
9269 9368 9370 9469 -1
9270 9369 9371 9470 -1
9271 9370 9372 9471 -1
9272 9371 9373 9472 -1
9273 9372 9374 9473 -1
9274 9373 9375 9474 -1
9275 9374 9376 9475 -1
9276 9375 9377 9476 -1
9277 9376 9378 9477 -1
9278 9377 9379 9478 -1
9279 9378 9380 9479 -1
9280 9379 9381 9480 -1
9281 9380 9382 9481 -1
9282 9381 9383 9482 -1
9283 9382 9384 9483 -1
9284 9383 9385 9484 -1
9285 9384 9386 9485 -1
9286 9385 9387 9486 -1
9287 9386 9388 9487 -1
9288 9387 9389 9488 -1
9289 9388 9390 9489 -1
9290 9389 9391 9490 -1
9291 9390 9392 9491 -1
9292 9391 9393 9492 -1
9293 9392 9394 9493 -1
9294 9393 9395 9494 -1
9295 9394 9396 9495 -1
9296 9395 9397 9496 -1
9297 9396 9398 9497 -1
9298 9397 9399 9498 -1
9299 9398 9499 -1
9300 9401 9500 -1
9301 9400 9402 9501 -1
9302 9401 9403 9502 -1
9303 9402 9404 9503 -1
9304 9403 9405 9504 -1
9305 9404 9406 9505 -1
9306 9405 9407 9506 -1
9307 9406 9408 9507 -1
9308 9407 9409 9508 -1
9309 9408 9410 9509 -1
9310 9409 9411 9510 -1
9311 9410 9412 9511 -1
9312 9411 9413 9512 -1
9313 9412 9414 9513 -1
9314 9413 9415 9514 -1
9315 9414 9416 9515 -1
9316 9415 9417 9516 -1
9317 9416 9418 9517 -1
9318 9417 9419 9518 -1
9319 9418 9420 9519 -1
9320 9419 9421 9520 -1
9321 9420 9422 9521 -1
9322 9421 9423 9522 -1
9323 9422 9424 9523 -1
9324 9423 9425 9524 -1
9325 9424 9426 9525 -1
9326 9425 9427 9526 -1
9327 9426 9428 9527 -1
9328 9427 9429 9528 -1
9329 9428 9430 9529 -1
9330 9429 9431 9530 -1
9331 9430 9432 9531 -1
9332 9431 9433 9532 -1
9333 9432 9434 9533 -1
9334 9433 9435 9534 -1
9335 9434 9436 9535 -1
9336 9435 9437 9536 -1
9337 9436 9438 9537 -1
9338 9437 9439 9538 -1
9339 9438 9440 9539 -1
9340 9439 9441 9540 -1
9341 9440 9442 9541 -1
9342 9441 9443 9542 -1
9343 9442 9444 9543 -1
9344 9443 9445 9544 -1
9345 9444 9446 9545 -1
9346 9445 9447 9546 -1
9347 9446 9448 9547 -1
9348 9447 9449 9548 -1
9349 9448 9450 9549 -1
9350 9449 9451 9550 -1
9351 9450 9452 9551 -1
9352 9451 9453 9552 -1
9353 9452 9454 9553 -1
9354 9453 9455 9554 -1
9355 9454 9456 9555 -1
9356 9455 9457 9556 -1
9357 9456 9458 9557 -1
9358 9457 9459 9558 -1
9359 9458 9460 9559 -1
9360 9459 9461 9560 -1
9361 9460 9462 9561 -1
9362 9461 9463 9562 -1
9363 9462 9464 9563 -1
9364 9463 9465 9564 -1
9365 9464 9466 9565 -1
9366 9465 9467 9566 -1
9367 9466 9468 9567 -1
9368 9467 9469 9568 -1
9369 9468 9470 9569 -1
9370 9469 9471 9570 -1
9371 9470 9472 9571 -1
9372 9471 9473 9572 -1
9373 9472 9474 9573 -1
9374 9473 9475 9574 -1
9375 9474 9476 9575 -1
9376 9475 9477 9576 -1
9377 9476 9478 9577 -1
9378 9477 9479 9578 -1
9379 9478 9480 9579 -1
9380 9479 9481 9580 -1
9381 9480 9482 9581 -1
9382 9481 9483 9582 -1
9383 9482 9484 9583 -1
9384 9483 9485 9584 -1
9385 9484 9486 9585 -1
9386 9485 9487 9586 -1
9387 9486 9488 9587 -1
9388 9487 9489 9588 -1
9389 9488 9490 9589 -1
9390 9489 9491 9590 -1
9391 9490 9492 9591 -1
9392 9491 9493 9592 -1
9393 9492 9494 9593 -1
9394 9493 9495 9594 -1
9395 9494 9496 9595 -1
9396 9495 9497 9596 -1
9397 9496 9498 9597 -1
9398 9497 9499 9598 -1
9399 9498 9599 -1
9400 9501 9600 -1
9401 9500 9502 9601 -1
9402 9501 9503 9602 -1
9403 9502 9504 9603 -1
9404 9503 9505 9604 -1
9405 9504 9506 9605 -1
9406 9505 9507 9606 -1
9407 9506 9508 9607 -1
9408 9507 9509 9608 -1
9409 9508 9510 9609 -1
9410 9509 9511 9610 -1
9411 9510 9512 9611 -1
9412 9511 9513 9612 -1
9413 9512 9514 9613 -1
9414 9513 9515 9614 -1
9415 9514 9516 9615 -1
9416 9515 9517 9616 -1
9417 9516 9518 9617 -1
9418 9517 9519 9618 -1
9419 9518 9520 9619 -1
9420 9519 9521 9620 -1
9421 9520 9522 9621 -1
9422 9521 9523 9622 -1
9423 9522 9524 9623 -1
9424 9523 9525 9624 -1
9425 9524 9526 9625 -1
9426 9525 9527 9626 -1
9427 9526 9528 9627 -1
9428 9527 9529 9628 -1
9429 9528 9530 9629 -1
9430 9529 9531 9630 -1
9431 9530 9532 9631 -1
9432 9531 9533 9632 -1
9433 9532 9534 9633 -1
9434 9533 9535 9634 -1
9435 9534 9536 9635 -1
9436 9535 9537 9636 -1
9437 9536 9538 9637 -1
9438 9537 9539 9638 -1
9439 9538 9540 9639 -1
9440 9539 9541 9640 -1
9441 9540 9542 9641 -1
9442 9541 9543 9642 -1
9443 9542 9544 9643 -1
9444 9543 9545 9644 -1
9445 9544 9546 9645 -1
9446 9545 9547 9646 -1
9447 9546 9548 9647 -1
9448 9547 9549 9648 -1
9449 9548 9550 9649 -1
9450 9549 9551 9650 -1
9451 9550 9552 9651 -1
9452 9551 9553 9652 -1
9453 9552 9554 9653 -1
9454 9553 9555 9654 -1
9455 9554 9556 9655 -1
9456 9555 9557 9656 -1
9457 9556 9558 9657 -1
9458 9557 9559 9658 -1
9459 9558 9560 9659 -1
9460 9559 9561 9660 -1
9461 9560 9562 9661 -1
9462 9561 9563 9662 -1
9463 9562 9564 9663 -1
9464 9563 9565 9664 -1
9465 9564 9566 9665 -1
9466 9565 9567 9666 -1
9467 9566 9568 9667 -1
9468 9567 9569 9668 -1
9469 9568 9570 9669 -1
9470 9569 9571 9670 -1
9471 9570 9572 9671 -1
9472 9571 9573 9672 -1
9473 9572 9574 9673 -1
9474 9573 9575 9674 -1
9475 9574 9576 9675 -1
9476 9575 9577 9676 -1
9477 9576 9578 9677 -1
9478 9577 9579 9678 -1
9479 9578 9580 9679 -1
9480 9579 9581 9680 -1
9481 9580 9582 9681 -1
9482 9581 9583 9682 -1
9483 9582 9584 9683 -1
9484 9583 9585 9684 -1
9485 9584 9586 9685 -1
9486 9585 9587 9686 -1
9487 9586 9588 9687 -1
9488 9587 9589 9688 -1
9489 9588 9590 9689 -1
9490 9589 9591 9690 -1
9491 9590 9592 9691 -1
9492 9591 9593 9692 -1
9493 9592 9594 9693 -1
9494 9593 9595 9694 -1
9495 9594 9596 9695 -1
9496 9595 9597 9696 -1
9497 9596 9598 9697 -1
9498 9597 9599 9698 -1
9499 9598 9699 -1
9500 9601 9700 -1
9501 9600 9602 9701 -1
9502 9601 9603 9702 -1
9503 9602 9604 9703 -1
9504 9603 9605 9704 -1
9505 9604 9606 9705 -1
9506 9605 9607 9706 -1
9507 9606 9608 9707 -1
9508 9607 9609 9708 -1
9509 9608 9610 9709 -1
9510 9609 9611 9710 -1
9511 9610 9612 9711 -1
9512 9611 9613 9712 -1
9513 9612 9614 9713 -1
9514 9613 9615 9714 -1
9515 9614 9616 9715 -1
9516 9615 9617 9716 -1
9517 9616 9618 9717 -1
9518 9617 9619 9718 -1
9519 9618 9620 9719 -1
9520 9619 9621 9720 -1
9521 9620 9622 9721 -1
9522 9621 9623 9722 -1
9523 9622 9624 9723 -1
9524 9623 9625 9724 -1
9525 9624 9626 9725 -1
9526 9625 9627 9726 -1
9527 9626 9628 9727 -1
9528 9627 9629 9728 -1
9529 9628 9630 9729 -1
9530 9629 9631 9730 -1
9531 9630 9632 9731 -1
9532 9631 9633 9732 -1
9533 9632 9634 9733 -1
9534 9633 9635 9734 -1
9535 9634 9636 9735 -1
9536 9635 9637 9736 -1
9537 9636 9638 9737 -1
9538 9637 9639 9738 -1
9539 9638 9640 9739 -1
9540 9639 9641 9740 -1
9541 9640 9642 9741 -1
9542 9641 9643 9742 -1
9543 9642 9644 9743 -1
9544 9643 9645 9744 -1
9545 9644 9646 9745 -1
9546 9645 9647 9746 -1
9547 9646 9648 9747 -1
9548 9647 9649 9748 -1
9549 9648 9650 9749 -1
9550 9649 9651 9750 -1
9551 9650 9652 9751 -1
9552 9651 9653 9752 -1
9553 9652 9654 9753 -1
9554 9653 9655 9754 -1
9555 9654 9656 9755 -1
9556 9655 9657 9756 -1
9557 9656 9658 9757 -1
9558 9657 9659 9758 -1
9559 9658 9660 9759 -1
9560 9659 9661 9760 -1
9561 9660 9662 9761 -1
9562 9661 9663 9762 -1
9563 9662 9664 9763 -1
9564 9663 9665 9764 -1
9565 9664 9666 9765 -1
9566 9665 9667 9766 -1
9567 9666 9668 9767 -1
9568 9667 9669 9768 -1
9569 9668 9670 9769 -1
9570 9669 9671 9770 -1
9571 9670 9672 9771 -1
9572 9671 9673 9772 -1
9573 9672 9674 9773 -1
9574 9673 9675 9774 -1
9575 9674 9676 9775 -1
9576 9675 9677 9776 -1
9577 9676 9678 9777 -1
9578 9677 9679 9778 -1
9579 9678 9680 9779 -1
9580 9679 9681 9780 -1
9581 9680 9682 9781 -1
9582 9681 9683 9782 -1
9583 9682 9684 9783 -1
9584 9683 9685 9784 -1
9585 9684 9686 9785 -1
9586 9685 9687 9786 -1
9587 9686 9688 9787 -1
9588 9687 9689 9788 -1
9589 9688 9690 9789 -1
9590 9689 9691 9790 -1
9591 9690 9692 9791 -1
9592 9691 9693 9792 -1
9593 9692 9694 9793 -1
9594 9693 9695 9794 -1
9595 9694 9696 9795 -1
9596 9695 9697 9796 -1
9597 9696 9698 9797 -1
9598 9697 9699 9798 -1
9599 9698 9799 -1
9600 9701 9800 -1
9601 9700 9702 9801 -1
9602 9701 9703 9802 -1
9603 9702 9704 9803 -1
9604 9703 9705 9804 -1
9605 9704 9706 9805 -1
9606 9705 9707 9806 -1
9607 9706 9708 9807 -1
9608 9707 9709 9808 -1
9609 9708 9710 9809 -1
9610 9709 9711 9810 -1
9611 9710 9712 9811 -1
9612 9711 9713 9812 -1
9613 9712 9714 9813 -1
9614 9713 9715 9814 -1
9615 9714 9716 9815 -1
9616 9715 9717 9816 -1
9617 9716 9718 9817 -1
9618 9717 9719 9818 -1
9619 9718 9720 9819 -1
9620 9719 9721 9820 -1
9621 9720 9722 9821 -1
9622 9721 9723 9822 -1
9623 9722 9724 9823 -1
9624 9723 9725 9824 -1
9625 9724 9726 9825 -1
9626 9725 9727 9826 -1
9627 9726 9728 9827 -1
9628 9727 9729 9828 -1
9629 9728 9730 9829 -1
9630 9729 9731 9830 -1
9631 9730 9732 9831 -1
9632 9731 9733 9832 -1
9633 9732 9734 9833 -1
9634 9733 9735 9834 -1
9635 9734 9736 9835 -1
9636 9735 9737 9836 -1
9637 9736 9738 9837 -1
9638 9737 9739 9838 -1
9639 9738 9740 9839 -1
9640 9739 9741 9840 -1
9641 9740 9742 9841 -1
9642 9741 9743 9842 -1
9643 9742 9744 9843 -1
9644 9743 9745 9844 -1
9645 9744 9746 9845 -1
9646 9745 9747 9846 -1
9647 9746 9748 9847 -1
9648 9747 9749 9848 -1
9649 9748 9750 9849 -1
9650 9749 9751 9850 -1
9651 9750 9752 9851 -1
9652 9751 9753 9852 -1
9653 9752 9754 9853 -1
9654 9753 9755 9854 -1
9655 9754 9756 9855 -1
9656 9755 9757 9856 -1
9657 9756 9758 9857 -1
9658 9757 9759 9858 -1
9659 9758 9760 9859 -1
9660 9759 9761 9860 -1
9661 9760 9762 9861 -1
9662 9761 9763 9862 -1
9663 9762 9764 9863 -1
9664 9763 9765 9864 -1
9665 9764 9766 9865 -1
9666 9765 9767 9866 -1
9667 9766 9768 9867 -1
9668 9767 9769 9868 -1
9669 9768 9770 9869 -1
9670 9769 9771 9870 -1
9671 9770 9772 9871 -1
9672 9771 9773 9872 -1
9673 9772 9774 9873 -1
9674 9773 9775 9874 -1
9675 9774 9776 9875 -1
9676 9775 9777 9876 -1
9677 9776 9778 9877 -1
9678 9777 9779 9878 -1
9679 9778 9780 9879 -1
9680 9779 9781 9880 -1
9681 9780 9782 9881 -1
9682 9781 9783 9882 -1
9683 9782 9784 9883 -1
9684 9783 9785 9884 -1
9685 9784 9786 9885 -1
9686 9785 9787 9886 -1
9687 9786 9788 9887 -1
9688 9787 9789 9888 -1
9689 9788 9790 9889 -1
9690 9789 9791 9890 -1
9691 9790 9792 9891 -1
9692 9791 9793 9892 -1
9693 9792 9794 9893 -1
9694 9793 9795 9894 -1
9695 9794 9796 9895 -1
9696 9795 9797 9896 -1
9697 9796 9798 9897 -1
9698 9797 9799 9898 -1
9699 9798 9899 -1
9700 9801 9900 -1
9701 9800 9802 9901 -1
9702 9801 9803 9902 -1
9703 9802 9804 9903 -1
9704 9803 9805 9904 -1
9705 9804 9806 9905 -1
9706 9805 9807 9906 -1
9707 9806 9808 9907 -1
9708 9807 9809 9908 -1
9709 9808 9810 9909 -1
9710 9809 9811 9910 -1
9711 9810 9812 9911 -1
9712 9811 9813 9912 -1
9713 9812 9814 9913 -1
9714 9813 9815 9914 -1
9715 9814 9816 9915 -1
9716 9815 9817 9916 -1
9717 9816 9818 9917 -1
9718 9817 9819 9918 -1
9719 9818 9820 9919 -1
9720 9819 9821 9920 -1
9721 9820 9822 9921 -1
9722 9821 9823 9922 -1
9723 9822 9824 9923 -1
9724 9823 9825 9924 -1
9725 9824 9826 9925 -1
9726 9825 9827 9926 -1
9727 9826 9828 9927 -1
9728 9827 9829 9928 -1
9729 9828 9830 9929 -1
9730 9829 9831 9930 -1
9731 9830 9832 9931 -1
9732 9831 9833 9932 -1
9733 9832 9834 9933 -1
9734 9833 9835 9934 -1
9735 9834 9836 9935 -1
9736 9835 9837 9936 -1
9737 9836 9838 9937 -1
9738 9837 9839 9938 -1
9739 9838 9840 9939 -1
9740 9839 9841 9940 -1
9741 9840 9842 9941 -1
9742 9841 9843 9942 -1
9743 9842 9844 9943 -1
9744 9843 9845 9944 -1
9745 9844 9846 9945 -1
9746 9845 9847 9946 -1
9747 9846 9848 9947 -1
9748 9847 9849 9948 -1
9749 9848 9850 9949 -1
9750 9849 9851 9950 -1
9751 9850 9852 9951 -1
9752 9851 9853 9952 -1
9753 9852 9854 9953 -1
9754 9853 9855 9954 -1
9755 9854 9856 9955 -1
9756 9855 9857 9956 -1
9757 9856 9858 9957 -1
9758 9857 9859 9958 -1
9759 9858 9860 9959 -1
9760 9859 9861 9960 -1
9761 9860 9862 9961 -1
9762 9861 9863 9962 -1
9763 9862 9864 9963 -1
9764 9863 9865 9964 -1
9765 9864 9866 9965 -1
9766 9865 9867 9966 -1
9767 9866 9868 9967 -1
9768 9867 9869 9968 -1
9769 9868 9870 9969 -1
9770 9869 9871 9970 -1
9771 9870 9872 9971 -1
9772 9871 9873 9972 -1
9773 9872 9874 9973 -1
9774 9873 9875 9974 -1
9775 9874 9876 9975 -1
9776 9875 9877 9976 -1
9777 9876 9878 9977 -1
9778 9877 9879 9978 -1
9779 9878 9880 9979 -1
9780 9879 9881 9980 -1
9781 9880 9882 9981 -1
9782 9881 9883 9982 -1
9783 9882 9884 9983 -1
9784 9883 9885 9984 -1
9785 9884 9886 9985 -1
9786 9885 9887 9986 -1
9787 9886 9888 9987 -1
9788 9887 9889 9988 -1
9789 9888 9890 9989 -1
9790 9889 9891 9990 -1
9791 9890 9892 9991 -1
9792 9891 9893 9992 -1
9793 9892 9894 9993 -1
9794 9893 9895 9994 -1
9795 9894 9896 9995 -1
9796 9895 9897 9996 -1
9797 9896 9898 9997 -1
9798 9897 9899 9998 -1
9799 9898 9999 -1
9800 9901 -1
9801 9900 9902 -1
9802 9901 9903 -1
9803 9902 9904 -1
9804 9903 9905 -1
9805 9904 9906 -1
9806 9905 9907 -1
9807 9906 9908 -1
9808 9907 9909 -1
9809 9908 9910 -1
9810 9909 9911 -1
9811 9910 9912 -1
9812 9911 9913 -1
9813 9912 9914 -1
9814 9913 9915 -1
9815 9914 9916 -1
9816 9915 9917 -1
9817 9916 9918 -1
9818 9917 9919 -1
9819 9918 9920 -1
9820 9919 9921 -1
9821 9920 9922 -1
9822 9921 9923 -1
9823 9922 9924 -1
9824 9923 9925 -1
9825 9924 9926 -1
9826 9925 9927 -1
9827 9926 9928 -1
9828 9927 9929 -1
9829 9928 9930 -1
9830 9929 9931 -1
9831 9930 9932 -1
9832 9931 9933 -1
9833 9932 9934 -1
9834 9933 9935 -1
9835 9934 9936 -1
9836 9935 9937 -1
9837 9936 9938 -1
9838 9937 9939 -1
9839 9938 9940 -1
9840 9939 9941 -1
9841 9940 9942 -1
9842 9941 9943 -1
9843 9942 9944 -1
9844 9943 9945 -1
9845 9944 9946 -1
9846 9945 9947 -1
9847 9946 9948 -1
9848 9947 9949 -1
9849 9948 9950 -1
9850 9949 9951 -1
9851 9950 9952 -1
9852 9951 9953 -1
9853 9952 9954 -1
9854 9953 9955 -1
9855 9954 9956 -1
9856 9955 9957 -1
9857 9956 9958 -1
9858 9957 9959 -1
9859 9958 9960 -1
9860 9959 9961 -1
9861 9960 9962 -1
9862 9961 9963 -1
9863 9962 9964 -1
9864 9963 9965 -1
9865 9964 9966 -1
9866 9965 9967 -1
9867 9966 9968 -1
9868 9967 9969 -1
9869 9968 9970 -1
9870 9969 9971 -1
9871 9970 9972 -1
9872 9971 9973 -1
9873 9972 9974 -1
9874 9973 9975 -1
9875 9974 9976 -1
9876 9975 9977 -1
9877 9976 9978 -1
9878 9977 9979 -1
9879 9978 9980 -1
9880 9979 9981 -1
9881 9980 9982 -1
9882 9981 9983 -1
9883 9982 9984 -1
9884 9983 9985 -1
9885 9984 9986 -1
9886 9985 9987 -1
9887 9986 9988 -1
9888 9987 9989 -1
9889 9988 9990 -1
9890 9989 9991 -1
9891 9990 9992 -1
9892 9991 9993 -1
9893 9992 9994 -1
9894 9993 9995 -1
9895 9994 9996 -1
9896 9995 9997 -1
9897 9996 9998 -1
9898 9997 9999 -1
9899 9998 -1