6400
1   80 -1
0    2   81 -1
1    3   82 -1
2    4   83 -1
3    5   84 -1
4    6   85 -1
5    7   86 -1
6    8   87 -1
7    9   88 -1
8   10   89 -1
9   11   90 -1
10   12   91 -1
11   13   92 -1
12   14   93 -1
13   15   94 -1
14   16   95 -1
15   17   96 -1
16   18   97 -1
17   19   98 -1
18   20   99 -1
19   21  100 -1
20   22  101 -1
21   23  102 -1
22   24  103 -1
23   25  104 -1
24   26  105 -1
25   27  106 -1
26   28  107 -1
27   29  108 -1
28   30  109 -1
29   31  110 -1
30   32  111 -1
31   33  112 -1
32   34  113 -1
33   35  114 -1
34   36  115 -1
35   37  116 -1
36   38  117 -1
37   39  118 -1
38   40  119 -1
39   41  120 -1
40   42  121 -1
41   43  122 -1
42   44  123 -1
43   45  124 -1
44   46  125 -1
45   47  126 -1
46   48  127 -1
47   49  128 -1
48   50  129 -1
49   51  130 -1
50   52  131 -1
51   53  132 -1
52   54  133 -1
53   55  134 -1
54   56  135 -1
55   57  136 -1
56   58  137 -1
57   59  138 -1
58   60  139 -1
59   61  140 -1
60   62  141 -1
61   63  142 -1
62   64  143 -1
63   65  144 -1
64   66  145 -1
65   67  146 -1
66   68  147 -1
67   69  148 -1
68   70  149 -1
69   71  150 -1
70   72  151 -1
71   73  152 -1
72   74  153 -1
73   75  154 -1
74   76  155 -1
75   77  156 -1
76   78  157 -1
77   79  158 -1
78  159 -1
0   81  160 -1
1   80   82  161 -1
2   81   83  162 -1
3   82   84  163 -1
4   83   85  164 -1
5   84   86  165 -1
6   85   87  166 -1
7   86   88  167 -1
8   87   89  168 -1
9   88   90  169 -1
10   89   91  170 -1
11   90   92  171 -1
12   91   93  172 -1
13   92   94  173 -1
14   93   95  174 -1
15   94   96  175 -1
16   95   97  176 -1
17   96   98  177 -1
18   97   99  178 -1
19   98  100  179 -1
20   99  101  180 -1
21  100  102  181 -1
22  101  103  182 -1
23  102  104  183 -1
24  103  105  184 -1
25  104  106  185 -1
26  105  107  186 -1
27  106  108  187 -1
28  107  109  188 -1
29  108  110  189 -1
30  109  111  190 -1
31  110  112  191 -1
32  111  113  192 -1
33  112  114  193 -1
34  113  115  194 -1
35  114  116  195 -1
36  115  117  196 -1
37  116  118  197 -1
38  117  119  198 -1
39  118  120  199 -1
40  119  121  200 -1
41  120  122  201 -1
42  121  123  202 -1
43  122  124  203 -1
44  123  125  204 -1
45  124  126  205 -1
46  125  127  206 -1
47  126  128  207 -1
48  127  129  208 -1
49  128  130  209 -1
50  129  131  210 -1
51  130  132  211 -1
52  131  133  212 -1
53  132  134  213 -1
54  133  135  214 -1
55  134  136  215 -1
56  135  137  216 -1
57  136  138  217 -1
58  137  139  218 -1
59  138  140  219 -1
60  139  141  220 -1
61  140  142  221 -1
62  141  143  222 -1
63  142  144  223 -1
64  143  145  224 -1
65  144  146  225 -1
66  145  147  226 -1
67  146  148  227 -1
68  147  149  228 -1
69  148  150  229 -1
70  149  151  230 -1
71  150  152  231 -1
72  151  153  232 -1
73  152  154  233 -1
74  153  155  234 -1
75  154  156  235 -1
76  155  157  236 -1
77  156  158  237 -1
78  157  159  238 -1
79  158  239 -1
80  161  240 -1
81  160  162  241 -1
82  161  163  242 -1
83  162  164  243 -1
84  163  165  244 -1
85  164  166  245 -1
86  165  167  246 -1
87  166  168  247 -1
88  167  169  248 -1
89  168  170  249 -1
90  169  171  250 -1
91  170  172  251 -1
92  171  173  252 -1
93  172  174  253 -1
94  173  175  254 -1
95  174  176  255 -1
96  175  177  256 -1
97  176  178  257 -1
98  177  179  258 -1
99  178  180  259 -1
100  179  181  260 -1
101  180  182  261 -1
102  181  183  262 -1
103  182  184  263 -1
104  183  185  264 -1
105  184  186  265 -1
106  185  187  266 -1
107  186  188  267 -1
108  187  189  268 -1
109  188  190  269 -1
110  189  191  270 -1
111  190  192  271 -1
112  191  193  272 -1
113  192  194  273 -1
114  193  195  274 -1
115  194  196  275 -1
116  195  197  276 -1
117  196  198  277 -1
118  197  199  278 -1
119  198  200  279 -1
120  199  201  280 -1
121  200  202  281 -1
122  201  203  282 -1
123  202  204  283 -1
124  203  205  284 -1
125  204  206  285 -1
126  205  207  286 -1
127  206  208  287 -1
128  207  209  288 -1
129  208  210  289 -1
130  209  211  290 -1
131  210  212  291 -1
132  211  213  292 -1
133  212  214  293 -1
134  213  215  294 -1
135  214  216  295 -1
136  215  217  296 -1
137  216  218  297 -1
138  217  219  298 -1
139  218  220  299 -1
140  219  221  300 -1
141  220  222  301 -1
142  221  223  302 -1
143  222  224  303 -1
144  223  225  304 -1
145  224  226  305 -1
146  225  227  306 -1
147  226  228  307 -1
148  227  229  308 -1
149  228  230  309 -1
150  229  231  310 -1
151  230  232  311 -1
152  231  233  312 -1
153  232  234  313 -1
154  233  235  314 -1
155  234  236  315 -1
156  235  237  316 -1
157  236  238  317 -1
158  237  239  318 -1
159  238  319 -1
160  241  320 -1
161  240  242  321 -1
162  241  243  322 -1
163  242  244  323 -1
164  243  245  324 -1
165  244  246  325 -1
166  245  247  326 -1
167  246  248  327 -1
168  247  249  328 -1
169  248  250  329 -1
170  249  251  330 -1
171  250  252  331 -1
172  251  253  332 -1
173  252  254  333 -1
174  253  255  334 -1
175  254  256  335 -1
176  255  257  336 -1
177  256  258  337 -1
178  257  259  338 -1
179  258  260  339 -1
180  259  261  340 -1
181  260  262  341 -1
182  261  263  342 -1
183  262  264  343 -1
184  263  265  344 -1
185  264  266  345 -1
186  265  267  346 -1
187  266  268  347 -1
188  267  269  348 -1
189  268  270  349 -1
190  269  271  350 -1
191  270  272  351 -1
192  271  273  352 -1
193  272  274  353 -1
194  273  275  354 -1
195  274  276  355 -1
196  275  277  356 -1
197  276  278  357 -1
198  277  279  358 -1
199  278  280  359 -1
200  279  281  360 -1
201  280  282  361 -1
202  281  283  362 -1
203  282  284  363 -1
204  283  285  364 -1
205  284  286  365 -1
206  285  287  366 -1
207  286  288  367 -1
208  287  289  368 -1
209  288  290  369 -1
210  289  291  370 -1
211  290  292  371 -1
212  291  293  372 -1
213  292  294  373 -1
214  293  295  374 -1
215  294  296  375 -1
216  295  297  376 -1
217  296  298  377 -1
218  297  299  378 -1
219  298  300  379 -1
220  299  301  380 -1
221  300  302  381 -1
222  301  303  382 -1
223  302  304  383 -1
224  303  305  384 -1
225  304  306  385 -1
226  305  307  386 -1
227  306  308  387 -1
228  307  309  388 -1
229  308  310  389 -1
230  309  311  390 -1
231  310  312  391 -1
232  311  313  392 -1
233  312  314  393 -1
234  313  315  394 -1
235  314  316  395 -1
236  315  317  396 -1
237  316  318  397 -1
238  317  319  398 -1
239  318  399 -1
240  321  400 -1
241  320  322  401 -1
242  321  323  402 -1
243  322  324  403 -1
244  323  325  404 -1
245  324  326  405 -1
246  325  327  406 -1
247  326  328  407 -1
248  327  329  408 -1
249  328  330  409 -1
250  329  331  410 -1
251  330  332  411 -1
252  331  333  412 -1
253  332  334  413 -1
254  333  335  414 -1
255  334  336  415 -1
256  335  337  416 -1
257  336  338  417 -1
258  337  339  418 -1
259  338  340  419 -1
260  339  341  420 -1
261  340  342  421 -1
262  341  343  422 -1
263  342  344  423 -1
264  343  345  424 -1
265  344  346  425 -1
266  345  347  426 -1
267  346  348  427 -1
268  347  349  428 -1
269  348  350  429 -1
270  349  351  430 -1
271  350  352  431 -1
272  351  353  432 -1
273  352  354  433 -1
274  353  355  434 -1
275  354  356  435 -1
276  355  357  436 -1
277  356  358  437 -1
278  357  359  438 -1
279  358  360  439 -1
280  359  361  440 -1
281  360  362  441 -1
282  361  363  442 -1
283  362  364  443 -1
284  363  365  444 -1
285  364  366  445 -1
286  365  367  446 -1
287  366  368  447 -1
288  367  369  448 -1
289  368  370  449 -1
290  369  371  450 -1
291  370  372  451 -1
292  371  373  452 -1
293  372  374  453 -1
294  373  375  454 -1
295  374  376  455 -1
296  375  377  456 -1
297  376  378  457 -1
298  377  379  458 -1
299  378  380  459 -1
300  379  381  460 -1
301  380  382  461 -1
302  381  383  462 -1
303  382  384  463 -1
304  383  385  464 -1
305  384  386  465 -1
306  385  387  466 -1
307  386  388  467 -1
308  387  389  468 -1
309  388  390  469 -1
310  389  391  470 -1
311  390  392  471 -1
312  391  393  472 -1
313  392  394  473 -1
314  393  395  474 -1
315  394  396  475 -1
316  395  397  476 -1
317  396  398  477 -1
318  397  399  478 -1
319  398  479 -1
320  401  480 -1
321  400  402  481 -1
322  401  403  482 -1
323  402  404  483 -1
324  403  405  484 -1
325  404  406  485 -1
326  405  407  486 -1
327  406  408  487 -1
328  407  409  488 -1
329  408  410  489 -1
330  409  411  490 -1
331  410  412  491 -1
332  411  413  492 -1
333  412  414  493 -1
334  413  415  494 -1
335  414  416  495 -1
336  415  417  496 -1
337  416  418  497 -1
338  417  419  498 -1
339  418  420  499 -1
340  419  421  500 -1
341  420  422  501 -1
342  421  423  502 -1
343  422  424  503 -1
344  423  425  504 -1
345  424  426  505 -1
346  425  427  506 -1
347  426  428  507 -1
348  427  429  508 -1
349  428  430  509 -1
350  429  431  510 -1
351  430  432  511 -1
352  431  433  512 -1
353  432  434  513 -1
354  433  435  514 -1
355  434  436  515 -1
356  435  437  516 -1
357  436  438  517 -1
358  437  439  518 -1
359  438  440  519 -1
360  439  441  520 -1
361  440  442  521 -1
362  441  443  522 -1
363  442  444  523 -1
364  443  445  524 -1
365  444  446  525 -1
366  445  447  526 -1
367  446  448  527 -1
368  447  449  528 -1
369  448  450  529 -1
370  449  451  530 -1
371  450  452  531 -1
372  451  453  532 -1
373  452  454  533 -1
374  453  455  534 -1
375  454  456  535 -1
376  455  457  536 -1
377  456  458  537 -1
378  457  459  538 -1
379  458  460  539 -1
380  459  461  540 -1
381  460  462  541 -1
382  461  463  542 -1
383  462  464  543 -1
384  463  465  544 -1
385  464  466  545 -1
386  465  467  546 -1
387  466  468  547 -1
388  467  469  548 -1
389  468  470  549 -1
390  469  471  550 -1
391  470  472  551 -1
392  471  473  552 -1
393  472  474  553 -1
394  473  475  554 -1
395  474  476  555 -1
396  475  477  556 -1
397  476  478  557 -1
398  477  479  558 -1
399  478  559 -1
400  481  560 -1
401  480  482  561 -1
402  481  483  562 -1
403  482  484  563 -1
404  483  485  564 -1
405  484  486  565 -1
406  485  487  566 -1
407  486  488  567 -1
408  487  489  568 -1
409  488  490  569 -1
410  489  491  570 -1
411  490  492  571 -1
412  491  493  572 -1
413  492  494  573 -1
414  493  495  574 -1
415  494  496  575 -1
416  495  497  576 -1
417  496  498  577 -1
418  497  499  578 -1
419  498  500  579 -1
420  499  501  580 -1
421  500  502  581 -1
422  501  503  582 -1
423  502  504  583 -1
424  503  505  584 -1
425  504  506  585 -1
426  505  507  586 -1
427  506  508  587 -1
428  507  509  588 -1
429  508  510  589 -1
430  509  511  590 -1
431  510  512  591 -1
432  511  513  592 -1
433  512  514  593 -1
434  513  515  594 -1
435  514  516  595 -1
436  515  517  596 -1
437  516  518  597 -1
438  517  519  598 -1
439  518  520  599 -1
440  519  521  600 -1
441  520  522  601 -1
442  521  523  602 -1
443  522  524  603 -1
444  523  525  604 -1
445  524  526  605 -1
446  525  527  606 -1
447  526  528  607 -1
448  527  529  608 -1
449  528  530  609 -1
450  529  531  610 -1
451  530  532  611 -1
452  531  533  612 -1
453  532  534  613 -1
454  533  535  614 -1
455  534  536  615 -1
456  535  537  616 -1
457  536  538  617 -1
458  537  539  618 -1
459  538  540  619 -1
460  539  541  620 -1
461  540  542  621 -1
462  541  543  622 -1
463  542  544  623 -1
464  543  545  624 -1
465  544  546  625 -1
466  545  547  626 -1
467  546  548  627 -1
468  547  549  628 -1
469  548  550  629 -1
470  549  551  630 -1
471  550  552  631 -1
472  551  553  632 -1
473  552  554  633 -1
474  553  555  634 -1
475  554  556  635 -1
476  555  557  636 -1
477  556  558  637 -1
478  557  559  638 -1
479  558  639 -1
480  561  640 -1
481  560  562  641 -1
482  561  563  642 -1
483  562  564  643 -1
484  563  565  644 -1
485  564  566  645 -1
486  565  567  646 -1
487  566  568  647 -1
488  567  569  648 -1
489  568  570  649 -1
490  569  571  650 -1
491  570  572  651 -1
492  571  573  652 -1
493  572  574  653 -1
494  573  575  654 -1
495  574  576  655 -1
496  575  577  656 -1
497  576  578  657 -1
498  577  579  658 -1
499  578  580  659 -1
500  579  581  660 -1
501  580  582  661 -1
502  581  583  662 -1
503  582  584  663 -1
504  583  585  664 -1
505  584  586  665 -1
506  585  587  666 -1
507  586  588  667 -1
508  587  589  668 -1
509  588  590  669 -1
510  589  591  670 -1
511  590  592  671 -1
512  591  593  672 -1
513  592  594  673 -1
514  593  595  674 -1
515  594  596  675 -1
516  595  597  676 -1
517  596  598  677 -1
518  597  599  678 -1
519  598  600  679 -1
520  599  601  680 -1
521  600  602  681 -1
522  601  603  682 -1
523  602  604  683 -1
524  603  605  684 -1
525  604  606  685 -1
526  605  607  686 -1
527  606  608  687 -1
528  607  609  688 -1
529  608  610  689 -1
530  609  611  690 -1
531  610  612  691 -1
532  611  613  692 -1
533  612  614  693 -1
534  613  615  694 -1
535  614  616  695 -1
536  615  617  696 -1
537  616  618  697 -1
538  617  619  698 -1
539  618  620  699 -1
540  619  621  700 -1
541  620  622  701 -1
542  621  623  702 -1
543  622  624  703 -1
544  623  625  704 -1
545  624  626  705 -1
546  625  627  706 -1
547  626  628  707 -1
548  627  629  708 -1
549  628  630  709 -1
550  629  631  710 -1
551  630  632  711 -1
552  631  633  712 -1
553  632  634  713 -1
554  633  635  714 -1
555  634  636  715 -1
556  635  637  716 -1
557  636  638  717 -1
558  637  639  718 -1
559  638  719 -1
560  641  720 -1
561  640  642  721 -1
562  641  643  722 -1
563  642  644  723 -1
564  643  645  724 -1
565  644  646  725 -1
566  645  647  726 -1
567  646  648  727 -1
568  647  649  728 -1
569  648  650  729 -1
570  649  651  730 -1
571  650  652  731 -1
572  651  653  732 -1
573  652  654  733 -1
574  653  655  734 -1
575  654  656  735 -1
576  655  657  736 -1
577  656  658  737 -1
578  657  659  738 -1
579  658  660  739 -1
580  659  661  740 -1
581  660  662  741 -1
582  661  663  742 -1
583  662  664  743 -1
584  663  665  744 -1
585  664  666  745 -1
586  665  667  746 -1
587  666  668  747 -1
588  667  669  748 -1
589  668  670  749 -1
590  669  671  750 -1
591  670  672  751 -1
592  671  673  752 -1
593  672  674  753 -1
594  673  675  754 -1
595  674  676  755 -1
596  675  677  756 -1
597  676  678  757 -1
598  677  679  758 -1
599  678  680  759 -1
600  679  681  760 -1
601  680  682  761 -1
602  681  683  762 -1
603  682  684  763 -1
604  683  685  764 -1
605  684  686  765 -1
606  685  687  766 -1
607  686  688  767 -1
608  687  689  768 -1
609  688  690  769 -1
610  689  691  770 -1
611  690  692  771 -1
612  691  693  772 -1
613  692  694  773 -1
614  693  695  774 -1
615  694  696  775 -1
616  695  697  776 -1
617  696  698  777 -1
618  697  699  778 -1
619  698  700  779 -1
620  699  701  780 -1
621  700  702  781 -1
622  701  703  782 -1
623  702  704  783 -1
624  703  705  784 -1
625  704  706  785 -1
626  705  707  786 -1
627  706  708  787 -1
628  707  709  788 -1
629  708  710  789 -1
630  709  711  790 -1
631  710  712  791 -1
632  711  713  792 -1
633  712  714  793 -1
634  713  715  794 -1
635  714  716  795 -1
636  715  717  796 -1
637  716  718  797 -1
638  717  719  798 -1
639  718  799 -1
640  721  800 -1
641  720  722  801 -1
642  721  723  802 -1
643  722  724  803 -1
644  723  725  804 -1
645  724  726  805 -1
646  725  727  806 -1
647  726  728  807 -1
648  727  729  808 -1
649  728  730  809 -1
650  729  731  810 -1
651  730  732  811 -1
652  731  733  812 -1
653  732  734  813 -1
654  733  735  814 -1
655  734  736  815 -1
656  735  737  816 -1
657  736  738  817 -1
658  737  739  818 -1
659  738  740  819 -1
660  739  741  820 -1
661  740  742  821 -1
662  741  743  822 -1
663  742  744  823 -1
664  743  745  824 -1
665  744  746  825 -1
666  745  747  826 -1
667  746  748  827 -1
668  747  749  828 -1
669  748  750  829 -1
670  749  751  830 -1
671  750  752  831 -1
672  751  753  832 -1
673  752  754  833 -1
674  753  755  834 -1
675  754  756  835 -1
676  755  757  836 -1
677  756  758  837 -1
678  757  759  838 -1
679  758  760  839 -1
680  759  761  840 -1
681  760  762  841 -1
682  761  763  842 -1
683  762  764  843 -1
684  763  765  844 -1
685  764  766  845 -1
686  765  767  846 -1
687  766  768  847 -1
688  767  769  848 -1
689  768  770  849 -1
690  769  771  850 -1
691  770  772  851 -1
692  771  773  852 -1
693  772  774  853 -1
694  773  775  854 -1
695  774  776  855 -1
696  775  777  856 -1
697  776  778  857 -1
698  777  779  858 -1
699  778  780  859 -1
700  779  781  860 -1
701  780  782  861 -1
702  781  783  862 -1
703  782  784  863 -1
704  783  785  864 -1
705  784  786  865 -1
706  785  787  866 -1
707  786  788  867 -1
708  787  789  868 -1
709  788  790  869 -1
710  789  791  870 -1
711  790  792  871 -1
712  791  793  872 -1
713  792  794  873 -1
714  793  795  874 -1
715  794  796  875 -1
716  795  797  876 -1
717  796  798  877 -1
718  797  799  878 -1
719  798  879 -1
720  801  880 -1
721  800  802  881 -1
722  801  803  882 -1
723  802  804  883 -1
724  803  805  884 -1
725  804  806  885 -1
726  805  807  886 -1
727  806  808  887 -1
728  807  809  888 -1
729  808  810  889 -1
730  809  811  890 -1
731  810  812  891 -1
732  811  813  892 -1
733  812  814  893 -1
734  813  815  894 -1
735  814  816  895 -1
736  815  817  896 -1
737  816  818  897 -1
738  817  819  898 -1
739  818  820  899 -1
740  819  821  900 -1
741  820  822  901 -1
742  821  823  902 -1
743  822  824  903 -1
744  823  825  904 -1
745  824  826  905 -1
746  825  827  906 -1
747  826  828  907 -1
748  827  829  908 -1
749  828  830  909 -1
750  829  831  910 -1
751  830  832  911 -1
752  831  833  912 -1
753  832  834  913 -1
754  833  835  914 -1
755  834  836  915 -1
756  835  837  916 -1
757  836  838  917 -1
758  837  839  918 -1
759  838  840  919 -1
760  839  841  920 -1
761  840  842  921 -1
762  841  843  922 -1
763  842  844  923 -1
764  843  845  924 -1
765  844  846  925 -1
766  845  847  926 -1
767  846  848  927 -1
768  847  849  928 -1
769  848  850  929 -1
770  849  851  930 -1
771  850  852  931 -1
772  851  853  932 -1
773  852  854  933 -1
774  853  855  934 -1
775  854  856  935 -1
776  855  857  936 -1
777  856  858  937 -1
778  857  859  938 -1
779  858  860  939 -1
780  859  861  940 -1
781  860  862  941 -1
782  861  863  942 -1
783  862  864  943 -1
784  863  865  944 -1
785  864  866  945 -1
786  865  867  946 -1
787  866  868  947 -1
788  867  869  948 -1
789  868  870  949 -1
790  869  871  950 -1
791  870  872  951 -1
792  871  873  952 -1
793  872  874  953 -1
794  873  875  954 -1
795  874  876  955 -1
796  875  877  956 -1
797  876  878  957 -1
798  877  879  958 -1
799  878  959 -1
800  881  960 -1
801  880  882  961 -1
802  881  883  962 -1
803  882  884  963 -1
804  883  885  964 -1
805  884  886  965 -1
806  885  887  966 -1
807  886  888  967 -1
808  887  889  968 -1
809  888  890  969 -1
810  889  891  970 -1
811  890  892  971 -1
812  891  893  972 -1
813  892  894  973 -1
814  893  895  974 -1
815  894  896  975 -1
816  895  897  976 -1
817  896  898  977 -1
818  897  899  978 -1
819  898  900  979 -1
820  899  901  980 -1
821  900  902  981 -1
822  901  903  982 -1
823  902  904  983 -1
824  903  905  984 -1
825  904  906  985 -1
826  905  907  986 -1
827  906  908  987 -1
828  907  909  988 -1
829  908  910  989 -1
830  909  911  990 -1
831  910  912  991 -1
832  911  913  992 -1
833  912  914  993 -1
834  913  915  994 -1
835  914  916  995 -1
836  915  917  996 -1
837  916  918  997 -1
838  917  919  998 -1
839  918  920  999 -1
840  919  921 1000 -1
841  920  922 1001 -1
842  921  923 1002 -1
843  922  924 1003 -1
844  923  925 1004 -1
845  924  926 1005 -1
846  925  927 1006 -1
847  926  928 1007 -1
848  927  929 1008 -1
849  928  930 1009 -1
850  929  931 1010 -1
851  930  932 1011 -1
852  931  933 1012 -1
853  932  934 1013 -1
854  933  935 1014 -1
855  934  936 1015 -1
856  935  937 1016 -1
857  936  938 1017 -1
858  937  939 1018 -1
859  938  940 1019 -1
860  939  941 1020 -1
861  940  942 1021 -1
862  941  943 1022 -1
863  942  944 1023 -1
864  943  945 1024 -1
865  944  946 1025 -1
866  945  947 1026 -1
867  946  948 1027 -1
868  947  949 1028 -1
869  948  950 1029 -1
870  949  951 1030 -1
871  950  952 1031 -1
872  951  953 1032 -1
873  952  954 1033 -1
874  953  955 1034 -1
875  954  956 1035 -1
876  955  957 1036 -1
877  956  958 1037 -1
878  957  959 1038 -1
879  958 1039 -1
880  961 1040 -1
881  960  962 1041 -1
882  961  963 1042 -1
883  962  964 1043 -1
884  963  965 1044 -1
885  964  966 1045 -1
886  965  967 1046 -1
887  966  968 1047 -1
888  967  969 1048 -1
889  968  970 1049 -1
890  969  971 1050 -1
891  970  972 1051 -1
892  971  973 1052 -1
893  972  974 1053 -1
894  973  975 1054 -1
895  974  976 1055 -1
896  975  977 1056 -1
897  976  978 1057 -1
898  977  979 1058 -1
899  978  980 1059 -1
900  979  981 1060 -1
901  980  982 1061 -1
902  981  983 1062 -1
903  982  984 1063 -1
904  983  985 1064 -1
905  984  986 1065 -1
906  985  987 1066 -1
907  986  988 1067 -1
908  987  989 1068 -1
909  988  990 1069 -1
910  989  991 1070 -1
911  990  992 1071 -1
912  991  993 1072 -1
913  992  994 1073 -1
914  993  995 1074 -1
915  994  996 1075 -1
916  995  997 1076 -1
917  996  998 1077 -1
918  997  999 1078 -1
919  998 1000 1079 -1
920  999 1001 1080 -1
921 1000 1002 1081 -1
922 1001 1003 1082 -1
923 1002 1004 1083 -1
924 1003 1005 1084 -1
925 1004 1006 1085 -1
926 1005 1007 1086 -1
927 1006 1008 1087 -1
928 1007 1009 1088 -1
929 1008 1010 1089 -1
930 1009 1011 1090 -1
931 1010 1012 1091 -1
932 1011 1013 1092 -1
933 1012 1014 1093 -1
934 1013 1015 1094 -1
935 1014 1016 1095 -1
936 1015 1017 1096 -1
937 1016 1018 1097 -1
938 1017 1019 1098 -1
939 1018 1020 1099 -1
940 1019 1021 1100 -1
941 1020 1022 1101 -1
942 1021 1023 1102 -1
943 1022 1024 1103 -1
944 1023 1025 1104 -1
945 1024 1026 1105 -1
946 1025 1027 1106 -1
947 1026 1028 1107 -1
948 1027 1029 1108 -1
949 1028 1030 1109 -1
950 1029 1031 1110 -1
951 1030 1032 1111 -1
952 1031 1033 1112 -1
953 1032 1034 1113 -1
954 1033 1035 1114 -1
955 1034 1036 1115 -1
956 1035 1037 1116 -1
957 1036 1038 1117 -1
958 1037 1039 1118 -1
959 1038 1119 -1
960 1041 1120 -1
961 1040 1042 1121 -1
962 1041 1043 1122 -1
963 1042 1044 1123 -1
964 1043 1045 1124 -1
965 1044 1046 1125 -1
966 1045 1047 1126 -1
967 1046 1048 1127 -1
968 1047 1049 1128 -1
969 1048 1050 1129 -1
970 1049 1051 1130 -1
971 1050 1052 1131 -1
972 1051 1053 1132 -1
973 1052 1054 1133 -1
974 1053 1055 1134 -1
975 1054 1056 1135 -1
976 1055 1057 1136 -1
977 1056 1058 1137 -1
978 1057 1059 1138 -1
979 1058 1060 1139 -1
980 1059 1061 1140 -1
981 1060 1062 1141 -1
982 1061 1063 1142 -1
983 1062 1064 1143 -1
984 1063 1065 1144 -1
985 1064 1066 1145 -1
986 1065 1067 1146 -1
987 1066 1068 1147 -1
988 1067 1069 1148 -1
989 1068 1070 1149 -1
990 1069 1071 1150 -1
991 1070 1072 1151 -1
992 1071 1073 1152 -1
993 1072 1074 1153 -1
994 1073 1075 1154 -1
995 1074 1076 1155 -1
996 1075 1077 1156 -1
997 1076 1078 1157 -1
998 1077 1079 1158 -1
999 1078 1080 1159 -1
1000 1079 1081 1160 -1
1001 1080 1082 1161 -1
1002 1081 1083 1162 -1
1003 1082 1084 1163 -1
1004 1083 1085 1164 -1
1005 1084 1086 1165 -1
1006 1085 1087 1166 -1
1007 1086 1088 1167 -1
1008 1087 1089 1168 -1
1009 1088 1090 1169 -1
1010 1089 1091 1170 -1
1011 1090 1092 1171 -1
1012 1091 1093 1172 -1
1013 1092 1094 1173 -1
1014 1093 1095 1174 -1
1015 1094 1096 1175 -1
1016 1095 1097 1176 -1
1017 1096 1098 1177 -1
1018 1097 1099 1178 -1
1019 1098 1100 1179 -1
1020 1099 1101 1180 -1
1021 1100 1102 1181 -1
1022 1101 1103 1182 -1
1023 1102 1104 1183 -1
1024 1103 1105 1184 -1
1025 1104 1106 1185 -1
1026 1105 1107 1186 -1
1027 1106 1108 1187 -1
1028 1107 1109 1188 -1
1029 1108 1110 1189 -1
1030 1109 1111 1190 -1
1031 1110 1112 1191 -1
1032 1111 1113 1192 -1
1033 1112 1114 1193 -1
1034 1113 1115 1194 -1
1035 1114 1116 1195 -1
1036 1115 1117 1196 -1
1037 1116 1118 1197 -1
1038 1117 1119 1198 -1
1039 1118 1199 -1
1040 1121 1200 -1
1041 1120 1122 1201 -1
1042 1121 1123 1202 -1
1043 1122 1124 1203 -1
1044 1123 1125 1204 -1
1045 1124 1126 1205 -1
1046 1125 1127 1206 -1
1047 1126 1128 1207 -1
1048 1127 1129 1208 -1
1049 1128 1130 1209 -1
1050 1129 1131 1210 -1
1051 1130 1132 1211 -1
1052 1131 1133 1212 -1
1053 1132 1134 1213 -1
1054 1133 1135 1214 -1
1055 1134 1136 1215 -1
1056 1135 1137 1216 -1
1057 1136 1138 1217 -1
1058 1137 1139 1218 -1
1059 1138 1140 1219 -1
1060 1139 1141 1220 -1
1061 1140 1142 1221 -1
1062 1141 1143 1222 -1
1063 1142 1144 1223 -1
1064 1143 1145 1224 -1
1065 1144 1146 1225 -1
1066 1145 1147 1226 -1
1067 1146 1148 1227 -1
1068 1147 1149 1228 -1
1069 1148 1150 1229 -1
1070 1149 1151 1230 -1
1071 1150 1152 1231 -1
1072 1151 1153 1232 -1
1073 1152 1154 1233 -1
1074 1153 1155 1234 -1
1075 1154 1156 1235 -1
1076 1155 1157 1236 -1
1077 1156 1158 1237 -1
1078 1157 1159 1238 -1
1079 1158 1160 1239 -1
1080 1159 1161 1240 -1
1081 1160 1162 1241 -1
1082 1161 1163 1242 -1
1083 1162 1164 1243 -1
1084 1163 1165 1244 -1
1085 1164 1166 1245 -1
1086 1165 1167 1246 -1
1087 1166 1168 1247 -1
1088 1167 1169 1248 -1
1089 1168 1170 1249 -1
1090 1169 1171 1250 -1
1091 1170 1172 1251 -1
1092 1171 1173 1252 -1
1093 1172 1174 1253 -1
1094 1173 1175 1254 -1
1095 1174 1176 1255 -1
1096 1175 1177 1256 -1
1097 1176 1178 1257 -1
1098 1177 1179 1258 -1
1099 1178 1180 1259 -1
1100 1179 1181 1260 -1
1101 1180 1182 1261 -1
1102 1181 1183 1262 -1
1103 1182 1184 1263 -1
1104 1183 1185 1264 -1
1105 1184 1186 1265 -1
1106 1185 1187 1266 -1
1107 1186 1188 1267 -1
1108 1187 1189 1268 -1
1109 1188 1190 1269 -1
1110 1189 1191 1270 -1
1111 1190 1192 1271 -1
1112 1191 1193 1272 -1
1113 1192 1194 1273 -1
1114 1193 1195 1274 -1
1115 1194 1196 1275 -1
1116 1195 1197 1276 -1
1117 1196 1198 1277 -1
1118 1197 1199 1278 -1
1119 1198 1279 -1
1120 1201 1280 -1
1121 1200 1202 1281 -1
1122 1201 1203 1282 -1
1123 1202 1204 1283 -1
1124 1203 1205 1284 -1
1125 1204 1206 1285 -1
1126 1205 1207 1286 -1
1127 1206 1208 1287 -1
1128 1207 1209 1288 -1
1129 1208 1210 1289 -1
1130 1209 1211 1290 -1
1131 1210 1212 1291 -1
1132 1211 1213 1292 -1
1133 1212 1214 1293 -1
1134 1213 1215 1294 -1
1135 1214 1216 1295 -1
1136 1215 1217 1296 -1
1137 1216 1218 1297 -1
1138 1217 1219 1298 -1
1139 1218 1220 1299 -1
1140 1219 1221 1300 -1
1141 1220 1222 1301 -1
1142 1221 1223 1302 -1
1143 1222 1224 1303 -1
1144 1223 1225 1304 -1
1145 1224 1226 1305 -1
1146 1225 1227 1306 -1
1147 1226 1228 1307 -1
1148 1227 1229 1308 -1
1149 1228 1230 1309 -1
1150 1229 1231 1310 -1
1151 1230 1232 1311 -1
1152 1231 1233 1312 -1
1153 1232 1234 1313 -1
1154 1233 1235 1314 -1
1155 1234 1236 1315 -1
1156 1235 1237 1316 -1
1157 1236 1238 1317 -1
1158 1237 1239 1318 -1
1159 1238 1240 1319 -1
1160 1239 1241 1320 -1
1161 1240 1242 1321 -1
1162 1241 1243 1322 -1
1163 1242 1244 1323 -1
1164 1243 1245 1324 -1
1165 1244 1246 1325 -1
1166 1245 1247 1326 -1
1167 1246 1248 1327 -1
1168 1247 1249 1328 -1
1169 1248 1250 1329 -1
1170 1249 1251 1330 -1
1171 1250 1252 1331 -1
1172 1251 1253 1332 -1
1173 1252 1254 1333 -1
1174 1253 1255 1334 -1
1175 1254 1256 1335 -1
1176 1255 1257 1336 -1
1177 1256 1258 1337 -1
1178 1257 1259 1338 -1
1179 1258 1260 1339 -1
1180 1259 1261 1340 -1
1181 1260 1262 1341 -1
1182 1261 1263 1342 -1
1183 1262 1264 1343 -1
1184 1263 1265 1344 -1
1185 1264 1266 1345 -1
1186 1265 1267 1346 -1
1187 1266 1268 1347 -1
1188 1267 1269 1348 -1
1189 1268 1270 1349 -1
1190 1269 1271 1350 -1
1191 1270 1272 1351 -1
1192 1271 1273 1352 -1
1193 1272 1274 1353 -1
1194 1273 1275 1354 -1
1195 1274 1276 1355 -1
1196 1275 1277 1356 -1
1197 1276 1278 1357 -1
1198 1277 1279 1358 -1
1199 1278 1359 -1
1200 1281 1360 -1
1201 1280 1282 1361 -1
1202 1281 1283 1362 -1
1203 1282 1284 1363 -1
1204 1283 1285 1364 -1
1205 1284 1286 1365 -1
1206 1285 1287 1366 -1
1207 1286 1288 1367 -1
1208 1287 1289 1368 -1
1209 1288 1290 1369 -1
1210 1289 1291 1370 -1
1211 1290 1292 1371 -1
1212 1291 1293 1372 -1
1213 1292 1294 1373 -1
1214 1293 1295 1374 -1
1215 1294 1296 1375 -1
1216 1295 1297 1376 -1
1217 1296 1298 1377 -1
1218 1297 1299 1378 -1
1219 1298 1300 1379 -1
1220 1299 1301 1380 -1
1221 1300 1302 1381 -1
1222 1301 1303 1382 -1
1223 1302 1304 1383 -1
1224 1303 1305 1384 -1
1225 1304 1306 1385 -1
1226 1305 1307 1386 -1
1227 1306 1308 1387 -1
1228 1307 1309 1388 -1
1229 1308 1310 1389 -1
1230 1309 1311 1390 -1
1231 1310 1312 1391 -1
1232 1311 1313 1392 -1
1233 1312 1314 1393 -1
1234 1313 1315 1394 -1
1235 1314 1316 1395 -1
1236 1315 1317 1396 -1
1237 1316 1318 1397 -1
1238 1317 1319 1398 -1
1239 1318 1320 1399 -1
1240 1319 1321 1400 -1
1241 1320 1322 1401 -1
1242 1321 1323 1402 -1
1243 1322 1324 1403 -1
1244 1323 1325 1404 -1
1245 1324 1326 1405 -1
1246 1325 1327 1406 -1
1247 1326 1328 1407 -1
1248 1327 1329 1408 -1
1249 1328 1330 1409 -1
1250 1329 1331 1410 -1
1251 1330 1332 1411 -1
1252 1331 1333 1412 -1
1253 1332 1334 1413 -1
1254 1333 1335 1414 -1
1255 1334 1336 1415 -1
1256 1335 1337 1416 -1
1257 1336 1338 1417 -1
1258 1337 1339 1418 -1
1259 1338 1340 1419 -1
1260 1339 1341 1420 -1
1261 1340 1342 1421 -1
1262 1341 1343 1422 -1
1263 1342 1344 1423 -1
1264 1343 1345 1424 -1
1265 1344 1346 1425 -1
1266 1345 1347 1426 -1
1267 1346 1348 1427 -1
1268 1347 1349 1428 -1
1269 1348 1350 1429 -1
1270 1349 1351 1430 -1
1271 1350 1352 1431 -1
1272 1351 1353 1432 -1
1273 1352 1354 1433 -1
1274 1353 1355 1434 -1
1275 1354 1356 1435 -1
1276 1355 1357 1436 -1
1277 1356 1358 1437 -1
1278 1357 1359 1438 -1
1279 1358 1439 -1
1280 1361 1440 -1
1281 1360 1362 1441 -1
1282 1361 1363 1442 -1
1283 1362 1364 1443 -1
1284 1363 1365 1444 -1
1285 1364 1366 1445 -1
1286 1365 1367 1446 -1
1287 1366 1368 1447 -1
1288 1367 1369 1448 -1
1289 1368 1370 1449 -1
1290 1369 1371 1450 -1
1291 1370 1372 1451 -1
1292 1371 1373 1452 -1
1293 1372 1374 1453 -1
1294 1373 1375 1454 -1
1295 1374 1376 1455 -1
1296 1375 1377 1456 -1
1297 1376 1378 1457 -1
1298 1377 1379 1458 -1
1299 1378 1380 1459 -1
1300 1379 1381 1460 -1
1301 1380 1382 1461 -1
1302 1381 1383 1462 -1
1303 1382 1384 1463 -1
1304 1383 1385 1464 -1
1305 1384 1386 1465 -1
1306 1385 1387 1466 -1
1307 1386 1388 1467 -1
1308 1387 1389 1468 -1
1309 1388 1390 1469 -1
1310 1389 1391 1470 -1
1311 1390 1392 1471 -1
1312 1391 1393 1472 -1
1313 1392 1394 1473 -1
1314 1393 1395 1474 -1
1315 1394 1396 1475 -1
1316 1395 1397 1476 -1
1317 1396 1398 1477 -1
1318 1397 1399 1478 -1
1319 1398 1400 1479 -1
1320 1399 1401 1480 -1
1321 1400 1402 1481 -1
1322 1401 1403 1482 -1
1323 1402 1404 1483 -1
1324 1403 1405 1484 -1
1325 1404 1406 1485 -1
1326 1405 1407 1486 -1
1327 1406 1408 1487 -1
1328 1407 1409 1488 -1
1329 1408 1410 1489 -1
1330 1409 1411 1490 -1
1331 1410 1412 1491 -1
1332 1411 1413 1492 -1
1333 1412 1414 1493 -1
1334 1413 1415 1494 -1
1335 1414 1416 1495 -1
1336 1415 1417 1496 -1
1337 1416 1418 1497 -1
1338 1417 1419 1498 -1
1339 1418 1420 1499 -1
1340 1419 1421 1500 -1
1341 1420 1422 1501 -1
1342 1421 1423 1502 -1
1343 1422 1424 1503 -1
1344 1423 1425 1504 -1
1345 1424 1426 1505 -1
1346 1425 1427 1506 -1
1347 1426 1428 1507 -1
1348 1427 1429 1508 -1
1349 1428 1430 1509 -1
1350 1429 1431 1510 -1
1351 1430 1432 1511 -1
1352 1431 1433 1512 -1
1353 1432 1434 1513 -1
1354 1433 1435 1514 -1
1355 1434 1436 1515 -1
1356 1435 1437 1516 -1
1357 1436 1438 1517 -1
1358 1437 1439 1518 -1
1359 1438 1519 -1
1360 1441 1520 -1
1361 1440 1442 1521 -1
1362 1441 1443 1522 -1
1363 1442 1444 1523 -1
1364 1443 1445 1524 -1
1365 1444 1446 1525 -1
1366 1445 1447 1526 -1
1367 1446 1448 1527 -1
1368 1447 1449 1528 -1
1369 1448 1450 1529 -1
1370 1449 1451 1530 -1
1371 1450 1452 1531 -1
1372 1451 1453 1532 -1
1373 1452 1454 1533 -1
1374 1453 1455 1534 -1
1375 1454 1456 1535 -1
1376 1455 1457 1536 -1
1377 1456 1458 1537 -1
1378 1457 1459 1538 -1
1379 1458 1460 1539 -1
1380 1459 1461 1540 -1
1381 1460 1462 1541 -1
1382 1461 1463 1542 -1
1383 1462 1464 1543 -1
1384 1463 1465 1544 -1
1385 1464 1466 1545 -1
1386 1465 1467 1546 -1
1387 1466 1468 1547 -1
1388 1467 1469 1548 -1
1389 1468 1470 1549 -1
1390 1469 1471 1550 -1
1391 1470 1472 1551 -1
1392 1471 1473 1552 -1
1393 1472 1474 1553 -1
1394 1473 1475 1554 -1
1395 1474 1476 1555 -1
1396 1475 1477 1556 -1
1397 1476 1478 1557 -1
1398 1477 1479 1558 -1
1399 1478 1480 1559 -1
1400 1479 1481 1560 -1
1401 1480 1482 1561 -1
1402 1481 1483 1562 -1
1403 1482 1484 1563 -1
1404 1483 1485 1564 -1
1405 1484 1486 1565 -1
1406 1485 1487 1566 -1
1407 1486 1488 1567 -1
1408 1487 1489 1568 -1
1409 1488 1490 1569 -1
1410 1489 1491 1570 -1
1411 1490 1492 1571 -1
1412 1491 1493 1572 -1
1413 1492 1494 1573 -1
1414 1493 1495 1574 -1
1415 1494 1496 1575 -1
1416 1495 1497 1576 -1
1417 1496 1498 1577 -1
1418 1497 1499 1578 -1
1419 1498 1500 1579 -1
1420 1499 1501 1580 -1
1421 1500 1502 1581 -1
1422 1501 1503 1582 -1
1423 1502 1504 1583 -1
1424 1503 1505 1584 -1
1425 1504 1506 1585 -1
1426 1505 1507 1586 -1
1427 1506 1508 1587 -1
1428 1507 1509 1588 -1
1429 1508 1510 1589 -1
1430 1509 1511 1590 -1
1431 1510 1512 1591 -1
1432 1511 1513 1592 -1
1433 1512 1514 1593 -1
1434 1513 1515 1594 -1
1435 1514 1516 1595 -1
1436 1515 1517 1596 -1
1437 1516 1518 1597 -1
1438 1517 1519 1598 -1
1439 1518 1599 -1
1440 1521 1600 -1
1441 1520 1522 1601 -1
1442 1521 1523 1602 -1
1443 1522 1524 1603 -1
1444 1523 1525 1604 -1
1445 1524 1526 1605 -1
1446 1525 1527 1606 -1
1447 1526 1528 1607 -1
1448 1527 1529 1608 -1
1449 1528 1530 1609 -1
1450 1529 1531 1610 -1
1451 1530 1532 1611 -1
1452 1531 1533 1612 -1
1453 1532 1534 1613 -1
1454 1533 1535 1614 -1
1455 1534 1536 1615 -1
1456 1535 1537 1616 -1
1457 1536 1538 1617 -1
1458 1537 1539 1618 -1
1459 1538 1540 1619 -1
1460 1539 1541 1620 -1
1461 1540 1542 1621 -1
1462 1541 1543 1622 -1
1463 1542 1544 1623 -1
1464 1543 1545 1624 -1
1465 1544 1546 1625 -1
1466 1545 1547 1626 -1
1467 1546 1548 1627 -1
1468 1547 1549 1628 -1
1469 1548 1550 1629 -1
1470 1549 1551 1630 -1
1471 1550 1552 1631 -1
1472 1551 1553 1632 -1
1473 1552 1554 1633 -1
1474 1553 1555 1634 -1
1475 1554 1556 1635 -1
1476 1555 1557 1636 -1
1477 1556 1558 1637 -1
1478 1557 1559 1638 -1
1479 1558 1560 1639 -1
1480 1559 1561 1640 -1
1481 1560 1562 1641 -1
1482 1561 1563 1642 -1
1483 1562 1564 1643 -1
1484 1563 1565 1644 -1
1485 1564 1566 1645 -1
1486 1565 1567 1646 -1
1487 1566 1568 1647 -1
1488 1567 1569 1648 -1
1489 1568 1570 1649 -1
1490 1569 1571 1650 -1
1491 1570 1572 1651 -1
1492 1571 1573 1652 -1
1493 1572 1574 1653 -1
1494 1573 1575 1654 -1
1495 1574 1576 1655 -1
1496 1575 1577 1656 -1
1497 1576 1578 1657 -1
1498 1577 1579 1658 -1
1499 1578 1580 1659 -1
1500 1579 1581 1660 -1
1501 1580 1582 1661 -1
1502 1581 1583 1662 -1
1503 1582 1584 1663 -1
1504 1583 1585 1664 -1
1505 1584 1586 1665 -1
1506 1585 1587 1666 -1
1507 1586 1588 1667 -1
1508 1587 1589 1668 -1
1509 1588 1590 1669 -1
1510 1589 1591 1670 -1
1511 1590 1592 1671 -1
1512 1591 1593 1672 -1
1513 1592 1594 1673 -1
1514 1593 1595 1674 -1
1515 1594 1596 1675 -1
1516 1595 1597 1676 -1
1517 1596 1598 1677 -1
1518 1597 1599 1678 -1
1519 1598 1679 -1
1520 1601 1680 -1
1521 1600 1602 1681 -1
1522 1601 1603 1682 -1
1523 1602 1604 1683 -1
1524 1603 1605 1684 -1
1525 1604 1606 1685 -1
1526 1605 1607 1686 -1
1527 1606 1608 1687 -1
1528 1607 1609 1688 -1
1529 1608 1610 1689 -1
1530 1609 1611 1690 -1
1531 1610 1612 1691 -1
1532 1611 1613 1692 -1
1533 1612 1614 1693 -1
1534 1613 1615 1694 -1
1535 1614 1616 1695 -1
1536 1615 1617 1696 -1
1537 1616 1618 1697 -1
1538 1617 1619 1698 -1
1539 1618 1620 1699 -1
1540 1619 1621 1700 -1
1541 1620 1622 1701 -1
1542 1621 1623 1702 -1
1543 1622 1624 1703 -1
1544 1623 1625 1704 -1
1545 1624 1626 1705 -1
1546 1625 1627 1706 -1
1547 1626 1628 1707 -1
1548 1627 1629 1708 -1
1549 1628 1630 1709 -1
1550 1629 1631 1710 -1
1551 1630 1632 1711 -1
1552 1631 1633 1712 -1
1553 1632 1634 1713 -1
1554 1633 1635 1714 -1
1555 1634 1636 1715 -1
1556 1635 1637 1716 -1
1557 1636 1638 1717 -1
1558 1637 1639 1718 -1
1559 1638 1640 1719 -1
1560 1639 1641 1720 -1
1561 1640 1642 1721 -1
1562 1641 1643 1722 -1
1563 1642 1644 1723 -1
1564 1643 1645 1724 -1
1565 1644 1646 1725 -1
1566 1645 1647 1726 -1
1567 1646 1648 1727 -1
1568 1647 1649 1728 -1
1569 1648 1650 1729 -1
1570 1649 1651 1730 -1
1571 1650 1652 1731 -1
1572 1651 1653 1732 -1
1573 1652 1654 1733 -1
1574 1653 1655 1734 -1
1575 1654 1656 1735 -1
1576 1655 1657 1736 -1
1577 1656 1658 1737 -1
1578 1657 1659 1738 -1
1579 1658 1660 1739 -1
1580 1659 1661 1740 -1
1581 1660 1662 1741 -1
1582 1661 1663 1742 -1
1583 1662 1664 1743 -1
1584 1663 1665 1744 -1
1585 1664 1666 1745 -1
1586 1665 1667 1746 -1
1587 1666 1668 1747 -1
1588 1667 1669 1748 -1
1589 1668 1670 1749 -1
1590 1669 1671 1750 -1
1591 1670 1672 1751 -1
1592 1671 1673 1752 -1
1593 1672 1674 1753 -1
1594 1673 1675 1754 -1
1595 1674 1676 1755 -1
1596 1675 1677 1756 -1
1597 1676 1678 1757 -1
1598 1677 1679 1758 -1
1599 1678 1759 -1
1600 1681 1760 -1
1601 1680 1682 1761 -1
1602 1681 1683 1762 -1
1603 1682 1684 1763 -1
1604 1683 1685 1764 -1
1605 1684 1686 1765 -1
1606 1685 1687 1766 -1
1607 1686 1688 1767 -1
1608 1687 1689 1768 -1
1609 1688 1690 1769 -1
1610 1689 1691 1770 -1
1611 1690 1692 1771 -1
1612 1691 1693 1772 -1
1613 1692 1694 1773 -1
1614 1693 1695 1774 -1
1615 1694 1696 1775 -1
1616 1695 1697 1776 -1
1617 1696 1698 1777 -1
1618 1697 1699 1778 -1
1619 1698 1700 1779 -1
1620 1699 1701 1780 -1
1621 1700 1702 1781 -1
1622 1701 1703 1782 -1
1623 1702 1704 1783 -1
1624 1703 1705 1784 -1
1625 1704 1706 1785 -1
1626 1705 1707 1786 -1
1627 1706 1708 1787 -1
1628 1707 1709 1788 -1
1629 1708 1710 1789 -1
1630 1709 1711 1790 -1
1631 1710 1712 1791 -1
1632 1711 1713 1792 -1
1633 1712 1714 1793 -1
1634 1713 1715 1794 -1
1635 1714 1716 1795 -1
1636 1715 1717 1796 -1
1637 1716 1718 1797 -1
1638 1717 1719 1798 -1
1639 1718 1720 1799 -1
1640 1719 1721 1800 -1
1641 1720 1722 1801 -1
1642 1721 1723 1802 -1
1643 1722 1724 1803 -1
1644 1723 1725 1804 -1
1645 1724 1726 1805 -1
1646 1725 1727 1806 -1
1647 1726 1728 1807 -1
1648 1727 1729 1808 -1
1649 1728 1730 1809 -1
1650 1729 1731 1810 -1
1651 1730 1732 1811 -1
1652 1731 1733 1812 -1
1653 1732 1734 1813 -1
1654 1733 1735 1814 -1
1655 1734 1736 1815 -1
1656 1735 1737 1816 -1
1657 1736 1738 1817 -1
1658 1737 1739 1818 -1
1659 1738 1740 1819 -1
1660 1739 1741 1820 -1
1661 1740 1742 1821 -1
1662 1741 1743 1822 -1
1663 1742 1744 1823 -1
1664 1743 1745 1824 -1
1665 1744 1746 1825 -1
1666 1745 1747 1826 -1
1667 1746 1748 1827 -1
1668 1747 1749 1828 -1
1669 1748 1750 1829 -1
1670 1749 1751 1830 -1
1671 1750 1752 1831 -1
1672 1751 1753 1832 -1
1673 1752 1754 1833 -1
1674 1753 1755 1834 -1
1675 1754 1756 1835 -1
1676 1755 1757 1836 -1
1677 1756 1758 1837 -1
1678 1757 1759 1838 -1
1679 1758 1839 -1
1680 1761 1840 -1
1681 1760 1762 1841 -1
1682 1761 1763 1842 -1
1683 1762 1764 1843 -1
1684 1763 1765 1844 -1
1685 1764 1766 1845 -1
1686 1765 1767 1846 -1
1687 1766 1768 1847 -1
1688 1767 1769 1848 -1
1689 1768 1770 1849 -1
1690 1769 1771 1850 -1
1691 1770 1772 1851 -1
1692 1771 1773 1852 -1
1693 1772 1774 1853 -1
1694 1773 1775 1854 -1
1695 1774 1776 1855 -1
1696 1775 1777 1856 -1
1697 1776 1778 1857 -1
1698 1777 1779 1858 -1
1699 1778 1780 1859 -1
1700 1779 1781 1860 -1
1701 1780 1782 1861 -1
1702 1781 1783 1862 -1
1703 1782 1784 1863 -1
1704 1783 1785 1864 -1
1705 1784 1786 1865 -1
1706 1785 1787 1866 -1
1707 1786 1788 1867 -1
1708 1787 1789 1868 -1
1709 1788 1790 1869 -1
1710 1789 1791 1870 -1
1711 1790 1792 1871 -1
1712 1791 1793 1872 -1
1713 1792 1794 1873 -1
1714 1793 1795 1874 -1
1715 1794 1796 1875 -1
1716 1795 1797 1876 -1
1717 1796 1798 1877 -1
1718 1797 1799 1878 -1
1719 1798 1800 1879 -1
1720 1799 1801 1880 -1
1721 1800 1802 1881 -1
1722 1801 1803 1882 -1
1723 1802 1804 1883 -1
1724 1803 1805 1884 -1
1725 1804 1806 1885 -1
1726 1805 1807 1886 -1
1727 1806 1808 1887 -1
1728 1807 1809 1888 -1
1729 1808 1810 1889 -1
1730 1809 1811 1890 -1
1731 1810 1812 1891 -1
1732 1811 1813 1892 -1
1733 1812 1814 1893 -1
1734 1813 1815 1894 -1
1735 1814 1816 1895 -1
1736 1815 1817 1896 -1
1737 1816 1818 1897 -1
1738 1817 1819 1898 -1
1739 1818 1820 1899 -1
1740 1819 1821 1900 -1
1741 1820 1822 1901 -1
1742 1821 1823 1902 -1
1743 1822 1824 1903 -1
1744 1823 1825 1904 -1
1745 1824 1826 1905 -1
1746 1825 1827 1906 -1
1747 1826 1828 1907 -1
1748 1827 1829 1908 -1
1749 1828 1830 1909 -1
1750 1829 1831 1910 -1
1751 1830 1832 1911 -1
1752 1831 1833 1912 -1
1753 1832 1834 1913 -1
1754 1833 1835 1914 -1
1755 1834 1836 1915 -1
1756 1835 1837 1916 -1
1757 1836 1838 1917 -1
1758 1837 1839 1918 -1
1759 1838 1919 -1
1760 1841 1920 -1
1761 1840 1842 1921 -1
1762 1841 1843 1922 -1
1763 1842 1844 1923 -1
1764 1843 1845 1924 -1
1765 1844 1846 1925 -1
1766 1845 1847 1926 -1
1767 1846 1848 1927 -1
1768 1847 1849 1928 -1
1769 1848 1850 1929 -1
1770 1849 1851 1930 -1
1771 1850 1852 1931 -1
1772 1851 1853 1932 -1
1773 1852 1854 1933 -1
1774 1853 1855 1934 -1
1775 1854 1856 1935 -1
1776 1855 1857 1936 -1
1777 1856 1858 1937 -1
1778 1857 1859 1938 -1
1779 1858 1860 1939 -1
1780 1859 1861 1940 -1
1781 1860 1862 1941 -1
1782 1861 1863 1942 -1
1783 1862 1864 1943 -1
1784 1863 1865 1944 -1
1785 1864 1866 1945 -1
1786 1865 1867 1946 -1
1787 1866 1868 1947 -1
1788 1867 1869 1948 -1
1789 1868 1870 1949 -1
1790 1869 1871 1950 -1
1791 1870 1872 1951 -1
1792 1871 1873 1952 -1
1793 1872 1874 1953 -1
1794 1873 1875 1954 -1
1795 1874 1876 1955 -1
1796 1875 1877 1956 -1
1797 1876 1878 1957 -1
1798 1877 1879 1958 -1
1799 1878 1880 1959 -1
1800 1879 1881 1960 -1
1801 1880 1882 1961 -1
1802 1881 1883 1962 -1
1803 1882 1884 1963 -1
1804 1883 1885 1964 -1
1805 1884 1886 1965 -1
1806 1885 1887 1966 -1
1807 1886 1888 1967 -1
1808 1887 1889 1968 -1
1809 1888 1890 1969 -1
1810 1889 1891 1970 -1
1811 1890 1892 1971 -1
1812 1891 1893 1972 -1
1813 1892 1894 1973 -1
1814 1893 1895 1974 -1
1815 1894 1896 1975 -1
1816 1895 1897 1976 -1
1817 1896 1898 1977 -1
1818 1897 1899 1978 -1
1819 1898 1900 1979 -1
1820 1899 1901 1980 -1
1821 1900 1902 1981 -1
1822 1901 1903 1982 -1
1823 1902 1904 1983 -1
1824 1903 1905 1984 -1
1825 1904 1906 1985 -1
1826 1905 1907 1986 -1
1827 1906 1908 1987 -1
1828 1907 1909 1988 -1
1829 1908 1910 1989 -1
1830 1909 1911 1990 -1
1831 1910 1912 1991 -1
1832 1911 1913 1992 -1
1833 1912 1914 1993 -1
1834 1913 1915 1994 -1
1835 1914 1916 1995 -1
1836 1915 1917 1996 -1
1837 1916 1918 1997 -1
1838 1917 1919 1998 -1
1839 1918 1999 -1
1840 1921 2000 -1
1841 1920 1922 2001 -1
1842 1921 1923 2002 -1
1843 1922 1924 2003 -1
1844 1923 1925 2004 -1
1845 1924 1926 2005 -1
1846 1925 1927 2006 -1
1847 1926 1928 2007 -1
1848 1927 1929 2008 -1
1849 1928 1930 2009 -1
1850 1929 1931 2010 -1
1851 1930 1932 2011 -1
1852 1931 1933 2012 -1
1853 1932 1934 2013 -1
1854 1933 1935 2014 -1
1855 1934 1936 2015 -1
1856 1935 1937 2016 -1
1857 1936 1938 2017 -1
1858 1937 1939 2018 -1
1859 1938 1940 2019 -1
1860 1939 1941 2020 -1
1861 1940 1942 2021 -1
1862 1941 1943 2022 -1
1863 1942 1944 2023 -1
1864 1943 1945 2024 -1
1865 1944 1946 2025 -1
1866 1945 1947 2026 -1
1867 1946 1948 2027 -1
1868 1947 1949 2028 -1
1869 1948 1950 2029 -1
1870 1949 1951 2030 -1
1871 1950 1952 2031 -1
1872 1951 1953 2032 -1
1873 1952 1954 2033 -1
1874 1953 1955 2034 -1
1875 1954 1956 2035 -1
1876 1955 1957 2036 -1
1877 1956 1958 2037 -1
1878 1957 1959 2038 -1
1879 1958 1960 2039 -1
1880 1959 1961 2040 -1
1881 1960 1962 2041 -1
1882 1961 1963 2042 -1
1883 1962 1964 2043 -1
1884 1963 1965 2044 -1
1885 1964 1966 2045 -1
1886 1965 1967 2046 -1
1887 1966 1968 2047 -1
1888 1967 1969 2048 -1
1889 1968 1970 2049 -1
1890 1969 1971 2050 -1
1891 1970 1972 2051 -1
1892 1971 1973 2052 -1
1893 1972 1974 2053 -1
1894 1973 1975 2054 -1
1895 1974 1976 2055 -1
1896 1975 1977 2056 -1
1897 1976 1978 2057 -1
1898 1977 1979 2058 -1
1899 1978 1980 2059 -1
1900 1979 1981 2060 -1
1901 1980 1982 2061 -1
1902 1981 1983 2062 -1
1903 1982 1984 2063 -1
1904 1983 1985 2064 -1
1905 1984 1986 2065 -1
1906 1985 1987 2066 -1
1907 1986 1988 2067 -1
1908 1987 1989 2068 -1
1909 1988 1990 2069 -1
1910 1989 1991 2070 -1
1911 1990 1992 2071 -1
1912 1991 1993 2072 -1
1913 1992 1994 2073 -1
1914 1993 1995 2074 -1
1915 1994 1996 2075 -1
1916 1995 1997 2076 -1
1917 1996 1998 2077 -1
1918 1997 1999 2078 -1
1919 1998 2079 -1
1920 2001 2080 -1
1921 2000 2002 2081 -1
1922 2001 2003 2082 -1
1923 2002 2004 2083 -1
1924 2003 2005 2084 -1
1925 2004 2006 2085 -1
1926 2005 2007 2086 -1
1927 2006 2008 2087 -1
1928 2007 2009 2088 -1
1929 2008 2010 2089 -1
1930 2009 2011 2090 -1
1931 2010 2012 2091 -1
1932 2011 2013 2092 -1
1933 2012 2014 2093 -1
1934 2013 2015 2094 -1
1935 2014 2016 2095 -1
1936 2015 2017 2096 -1
1937 2016 2018 2097 -1
1938 2017 2019 2098 -1
1939 2018 2020 2099 -1
1940 2019 2021 2100 -1
1941 2020 2022 2101 -1
1942 2021 2023 2102 -1
1943 2022 2024 2103 -1
1944 2023 2025 2104 -1
1945 2024 2026 2105 -1
1946 2025 2027 2106 -1
1947 2026 2028 2107 -1
1948 2027 2029 2108 -1
1949 2028 2030 2109 -1
1950 2029 2031 2110 -1
1951 2030 2032 2111 -1
1952 2031 2033 2112 -1
1953 2032 2034 2113 -1
1954 2033 2035 2114 -1
1955 2034 2036 2115 -1
1956 2035 2037 2116 -1
1957 2036 2038 2117 -1
1958 2037 2039 2118 -1
1959 2038 2040 2119 -1
1960 2039 2041 2120 -1
1961 2040 2042 2121 -1
1962 2041 2043 2122 -1
1963 2042 2044 2123 -1
1964 2043 2045 2124 -1
1965 2044 2046 2125 -1
1966 2045 2047 2126 -1
1967 2046 2048 2127 -1
1968 2047 2049 2128 -1
1969 2048 2050 2129 -1
1970 2049 2051 2130 -1
1971 2050 2052 2131 -1
1972 2051 2053 2132 -1
1973 2052 2054 2133 -1
1974 2053 2055 2134 -1
1975 2054 2056 2135 -1
1976 2055 2057 2136 -1
1977 2056 2058 2137 -1
1978 2057 2059 2138 -1
1979 2058 2060 2139 -1
1980 2059 2061 2140 -1
1981 2060 2062 2141 -1
1982 2061 2063 2142 -1
1983 2062 2064 2143 -1
1984 2063 2065 2144 -1
1985 2064 2066 2145 -1
1986 2065 2067 2146 -1
1987 2066 2068 2147 -1
1988 2067 2069 2148 -1
1989 2068 2070 2149 -1
1990 2069 2071 2150 -1
1991 2070 2072 2151 -1
1992 2071 2073 2152 -1
1993 2072 2074 2153 -1
1994 2073 2075 2154 -1
1995 2074 2076 2155 -1
1996 2075 2077 2156 -1
1997 2076 2078 2157 -1
1998 2077 2079 2158 -1
1999 2078 2159 -1
2000 2081 2160 -1
2001 2080 2082 2161 -1
2002 2081 2083 2162 -1
2003 2082 2084 2163 -1
2004 2083 2085 2164 -1
2005 2084 2086 2165 -1
2006 2085 2087 2166 -1
2007 2086 2088 2167 -1
2008 2087 2089 2168 -1
2009 2088 2090 2169 -1
2010 2089 2091 2170 -1
2011 2090 2092 2171 -1
2012 2091 2093 2172 -1
2013 2092 2094 2173 -1
2014 2093 2095 2174 -1
2015 2094 2096 2175 -1
2016 2095 2097 2176 -1
2017 2096 2098 2177 -1
2018 2097 2099 2178 -1
2019 2098 2100 2179 -1
2020 2099 2101 2180 -1
2021 2100 2102 2181 -1
2022 2101 2103 2182 -1
2023 2102 2104 2183 -1
2024 2103 2105 2184 -1
2025 2104 2106 2185 -1
2026 2105 2107 2186 -1
2027 2106 2108 2187 -1
2028 2107 2109 2188 -1
2029 2108 2110 2189 -1
2030 2109 2111 2190 -1
2031 2110 2112 2191 -1
2032 2111 2113 2192 -1
2033 2112 2114 2193 -1
2034 2113 2115 2194 -1
2035 2114 2116 2195 -1
2036 2115 2117 2196 -1
2037 2116 2118 2197 -1
2038 2117 2119 2198 -1
2039 2118 2120 2199 -1
2040 2119 2121 2200 -1
2041 2120 2122 2201 -1
2042 2121 2123 2202 -1
2043 2122 2124 2203 -1
2044 2123 2125 2204 -1
2045 2124 2126 2205 -1
2046 2125 2127 2206 -1
2047 2126 2128 2207 -1
2048 2127 2129 2208 -1
2049 2128 2130 2209 -1
2050 2129 2131 2210 -1
2051 2130 2132 2211 -1
2052 2131 2133 2212 -1
2053 2132 2134 2213 -1
2054 2133 2135 2214 -1
2055 2134 2136 2215 -1
2056 2135 2137 2216 -1
2057 2136 2138 2217 -1
2058 2137 2139 2218 -1
2059 2138 2140 2219 -1
2060 2139 2141 2220 -1
2061 2140 2142 2221 -1
2062 2141 2143 2222 -1
2063 2142 2144 2223 -1
2064 2143 2145 2224 -1
2065 2144 2146 2225 -1
2066 2145 2147 2226 -1
2067 2146 2148 2227 -1
2068 2147 2149 2228 -1
2069 2148 2150 2229 -1
2070 2149 2151 2230 -1
2071 2150 2152 2231 -1
2072 2151 2153 2232 -1
2073 2152 2154 2233 -1
2074 2153 2155 2234 -1
2075 2154 2156 2235 -1
2076 2155 2157 2236 -1
2077 2156 2158 2237 -1
2078 2157 2159 2238 -1
2079 2158 2239 -1
2080 2161 2240 -1
2081 2160 2162 2241 -1
2082 2161 2163 2242 -1
2083 2162 2164 2243 -1
2084 2163 2165 2244 -1
2085 2164 2166 2245 -1
2086 2165 2167 2246 -1
2087 2166 2168 2247 -1
2088 2167 2169 2248 -1
2089 2168 2170 2249 -1
2090 2169 2171 2250 -1
2091 2170 2172 2251 -1
2092 2171 2173 2252 -1
2093 2172 2174 2253 -1
2094 2173 2175 2254 -1
2095 2174 2176 2255 -1
2096 2175 2177 2256 -1
2097 2176 2178 2257 -1
2098 2177 2179 2258 -1
2099 2178 2180 2259 -1
2100 2179 2181 2260 -1
2101 2180 2182 2261 -1
2102 2181 2183 2262 -1
2103 2182 2184 2263 -1
2104 2183 2185 2264 -1
2105 2184 2186 2265 -1
2106 2185 2187 2266 -1
2107 2186 2188 2267 -1
2108 2187 2189 2268 -1
2109 2188 2190 2269 -1
2110 2189 2191 2270 -1
2111 2190 2192 2271 -1
2112 2191 2193 2272 -1
2113 2192 2194 2273 -1
2114 2193 2195 2274 -1
2115 2194 2196 2275 -1
2116 2195 2197 2276 -1
2117 2196 2198 2277 -1
2118 2197 2199 2278 -1
2119 2198 2200 2279 -1
2120 2199 2201 2280 -1
2121 2200 2202 2281 -1
2122 2201 2203 2282 -1
2123 2202 2204 2283 -1
2124 2203 2205 2284 -1
2125 2204 2206 2285 -1
2126 2205 2207 2286 -1
2127 2206 2208 2287 -1
2128 2207 2209 2288 -1
2129 2208 2210 2289 -1
2130 2209 2211 2290 -1
2131 2210 2212 2291 -1
2132 2211 2213 2292 -1
2133 2212 2214 2293 -1
2134 2213 2215 2294 -1
2135 2214 2216 2295 -1
2136 2215 2217 2296 -1
2137 2216 2218 2297 -1
2138 2217 2219 2298 -1
2139 2218 2220 2299 -1
2140 2219 2221 2300 -1
2141 2220 2222 2301 -1
2142 2221 2223 2302 -1
2143 2222 2224 2303 -1
2144 2223 2225 2304 -1
2145 2224 2226 2305 -1
2146 2225 2227 2306 -1
2147 2226 2228 2307 -1
2148 2227 2229 2308 -1
2149 2228 2230 2309 -1
2150 2229 2231 2310 -1
2151 2230 2232 2311 -1
2152 2231 2233 2312 -1
2153 2232 2234 2313 -1
2154 2233 2235 2314 -1
2155 2234 2236 2315 -1
2156 2235 2237 2316 -1
2157 2236 2238 2317 -1
2158 2237 2239 2318 -1
2159 2238 2319 -1
2160 2241 2320 -1
2161 2240 2242 2321 -1
2162 2241 2243 2322 -1
2163 2242 2244 2323 -1
2164 2243 2245 2324 -1
2165 2244 2246 2325 -1
2166 2245 2247 2326 -1
2167 2246 2248 2327 -1
2168 2247 2249 2328 -1
2169 2248 2250 2329 -1
2170 2249 2251 2330 -1
2171 2250 2252 2331 -1
2172 2251 2253 2332 -1
2173 2252 2254 2333 -1
2174 2253 2255 2334 -1
2175 2254 2256 2335 -1
2176 2255 2257 2336 -1
2177 2256 2258 2337 -1
2178 2257 2259 2338 -1
2179 2258 2260 2339 -1
2180 2259 2261 2340 -1
2181 2260 2262 2341 -1
2182 2261 2263 2342 -1
2183 2262 2264 2343 -1
2184 2263 2265 2344 -1
2185 2264 2266 2345 -1
2186 2265 2267 2346 -1
2187 2266 2268 2347 -1
2188 2267 2269 2348 -1
2189 2268 2270 2349 -1
2190 2269 2271 2350 -1
2191 2270 2272 2351 -1
2192 2271 2273 2352 -1
2193 2272 2274 2353 -1
2194 2273 2275 2354 -1
2195 2274 2276 2355 -1
2196 2275 2277 2356 -1
2197 2276 2278 2357 -1
2198 2277 2279 2358 -1
2199 2278 2280 2359 -1
2200 2279 2281 2360 -1
2201 2280 2282 2361 -1
2202 2281 2283 2362 -1
2203 2282 2284 2363 -1
2204 2283 2285 2364 -1
2205 2284 2286 2365 -1
2206 2285 2287 2366 -1
2207 2286 2288 2367 -1
2208 2287 2289 2368 -1
2209 2288 2290 2369 -1
2210 2289 2291 2370 -1
2211 2290 2292 2371 -1
2212 2291 2293 2372 -1
2213 2292 2294 2373 -1
2214 2293 2295 2374 -1
2215 2294 2296 2375 -1
2216 2295 2297 2376 -1
2217 2296 2298 2377 -1
2218 2297 2299 2378 -1
2219 2298 2300 2379 -1
2220 2299 2301 2380 -1
2221 2300 2302 2381 -1
2222 2301 2303 2382 -1
2223 2302 2304 2383 -1
2224 2303 2305 2384 -1
2225 2304 2306 2385 -1
2226 2305 2307 2386 -1
2227 2306 2308 2387 -1
2228 2307 2309 2388 -1
2229 2308 2310 2389 -1
2230 2309 2311 2390 -1
2231 2310 2312 2391 -1
2232 2311 2313 2392 -1
2233 2312 2314 2393 -1
2234 2313 2315 2394 -1
2235 2314 2316 2395 -1
2236 2315 2317 2396 -1
2237 2316 2318 2397 -1
2238 2317 2319 2398 -1
2239 2318 2399 -1
2240 2321 2400 -1
2241 2320 2322 2401 -1
2242 2321 2323 2402 -1
2243 2322 2324 2403 -1
2244 2323 2325 2404 -1
2245 2324 2326 2405 -1
2246 2325 2327 2406 -1
2247 2326 2328 2407 -1
2248 2327 2329 2408 -1
2249 2328 2330 2409 -1
2250 2329 2331 2410 -1
2251 2330 2332 2411 -1
2252 2331 2333 2412 -1
2253 2332 2334 2413 -1
2254 2333 2335 2414 -1
2255 2334 2336 2415 -1
2256 2335 2337 2416 -1
2257 2336 2338 2417 -1
2258 2337 2339 2418 -1
2259 2338 2340 2419 -1
2260 2339 2341 2420 -1
2261 2340 2342 2421 -1
2262 2341 2343 2422 -1
2263 2342 2344 2423 -1
2264 2343 2345 2424 -1
2265 2344 2346 2425 -1
2266 2345 2347 2426 -1
2267 2346 2348 2427 -1
2268 2347 2349 2428 -1
2269 2348 2350 2429 -1
2270 2349 2351 2430 -1
2271 2350 2352 2431 -1
2272 2351 2353 2432 -1
2273 2352 2354 2433 -1
2274 2353 2355 2434 -1
2275 2354 2356 2435 -1
2276 2355 2357 2436 -1
2277 2356 2358 2437 -1
2278 2357 2359 2438 -1
2279 2358 2360 2439 -1
2280 2359 2361 2440 -1
2281 2360 2362 2441 -1
2282 2361 2363 2442 -1
2283 2362 2364 2443 -1
2284 2363 2365 2444 -1
2285 2364 2366 2445 -1
2286 2365 2367 2446 -1
2287 2366 2368 2447 -1
2288 2367 2369 2448 -1
2289 2368 2370 2449 -1
2290 2369 2371 2450 -1
2291 2370 2372 2451 -1
2292 2371 2373 2452 -1
2293 2372 2374 2453 -1
2294 2373 2375 2454 -1
2295 2374 2376 2455 -1
2296 2375 2377 2456 -1
2297 2376 2378 2457 -1
2298 2377 2379 2458 -1
2299 2378 2380 2459 -1
2300 2379 2381 2460 -1
2301 2380 2382 2461 -1
2302 2381 2383 2462 -1
2303 2382 2384 2463 -1
2304 2383 2385 2464 -1
2305 2384 2386 2465 -1
2306 2385 2387 2466 -1
2307 2386 2388 2467 -1
2308 2387 2389 2468 -1
2309 2388 2390 2469 -1
2310 2389 2391 2470 -1
2311 2390 2392 2471 -1
2312 2391 2393 2472 -1
2313 2392 2394 2473 -1
2314 2393 2395 2474 -1
2315 2394 2396 2475 -1
2316 2395 2397 2476 -1
2317 2396 2398 2477 -1
2318 2397 2399 2478 -1
2319 2398 2479 -1
2320 2401 2480 -1
2321 2400 2402 2481 -1
2322 2401 2403 2482 -1
2323 2402 2404 2483 -1
2324 2403 2405 2484 -1
2325 2404 2406 2485 -1
2326 2405 2407 2486 -1
2327 2406 2408 2487 -1
2328 2407 2409 2488 -1
2329 2408 2410 2489 -1
2330 2409 2411 2490 -1
2331 2410 2412 2491 -1
2332 2411 2413 2492 -1
2333 2412 2414 2493 -1
2334 2413 2415 2494 -1
2335 2414 2416 2495 -1
2336 2415 2417 2496 -1
2337 2416 2418 2497 -1
2338 2417 2419 2498 -1
2339 2418 2420 2499 -1
2340 2419 2421 2500 -1
2341 2420 2422 2501 -1
2342 2421 2423 2502 -1
2343 2422 2424 2503 -1
2344 2423 2425 2504 -1
2345 2424 2426 2505 -1
2346 2425 2427 2506 -1
2347 2426 2428 2507 -1
2348 2427 2429 2508 -1
2349 2428 2430 2509 -1
2350 2429 2431 2510 -1
2351 2430 2432 2511 -1
2352 2431 2433 2512 -1
2353 2432 2434 2513 -1
2354 2433 2435 2514 -1
2355 2434 2436 2515 -1
2356 2435 2437 2516 -1
2357 2436 2438 2517 -1
2358 2437 2439 2518 -1
2359 2438 2440 2519 -1
2360 2439 2441 2520 -1
2361 2440 2442 2521 -1
2362 2441 2443 2522 -1
2363 2442 2444 2523 -1
2364 2443 2445 2524 -1
2365 2444 2446 2525 -1
2366 2445 2447 2526 -1
2367 2446 2448 2527 -1
2368 2447 2449 2528 -1
2369 2448 2450 2529 -1
2370 2449 2451 2530 -1
2371 2450 2452 2531 -1
2372 2451 2453 2532 -1
2373 2452 2454 2533 -1
2374 2453 2455 2534 -1
2375 2454 2456 2535 -1
2376 2455 2457 2536 -1
2377 2456 2458 2537 -1
2378 2457 2459 2538 -1
2379 2458 2460 2539 -1
2380 2459 2461 2540 -1
2381 2460 2462 2541 -1
2382 2461 2463 2542 -1
2383 2462 2464 2543 -1
2384 2463 2465 2544 -1
2385 2464 2466 2545 -1
2386 2465 2467 2546 -1
2387 2466 2468 2547 -1
2388 2467 2469 2548 -1
2389 2468 2470 2549 -1
2390 2469 2471 2550 -1
2391 2470 2472 2551 -1
2392 2471 2473 2552 -1
2393 2472 2474 2553 -1
2394 2473 2475 2554 -1
2395 2474 2476 2555 -1
2396 2475 2477 2556 -1
2397 2476 2478 2557 -1
2398 2477 2479 2558 -1
2399 2478 2559 -1
2400 2481 2560 -1
2401 2480 2482 2561 -1
2402 2481 2483 2562 -1
2403 2482 2484 2563 -1
2404 2483 2485 2564 -1
2405 2484 2486 2565 -1
2406 2485 2487 2566 -1
2407 2486 2488 2567 -1
2408 2487 2489 2568 -1
2409 2488 2490 2569 -1
2410 2489 2491 2570 -1
2411 2490 2492 2571 -1
2412 2491 2493 2572 -1
2413 2492 2494 2573 -1
2414 2493 2495 2574 -1
2415 2494 2496 2575 -1
2416 2495 2497 2576 -1
2417 2496 2498 2577 -1
2418 2497 2499 2578 -1
2419 2498 2500 2579 -1
2420 2499 2501 2580 -1
2421 2500 2502 2581 -1
2422 2501 2503 2582 -1
2423 2502 2504 2583 -1
2424 2503 2505 2584 -1
2425 2504 2506 2585 -1
2426 2505 2507 2586 -1
2427 2506 2508 2587 -1
2428 2507 2509 2588 -1
2429 2508 2510 2589 -1
2430 2509 2511 2590 -1
2431 2510 2512 2591 -1
2432 2511 2513 2592 -1
2433 2512 2514 2593 -1
2434 2513 2515 2594 -1
2435 2514 2516 2595 -1
2436 2515 2517 2596 -1
2437 2516 2518 2597 -1
2438 2517 2519 2598 -1
2439 2518 2520 2599 -1
2440 2519 2521 2600 -1
2441 2520 2522 2601 -1
2442 2521 2523 2602 -1
2443 2522 2524 2603 -1
2444 2523 2525 2604 -1
2445 2524 2526 2605 -1
2446 2525 2527 2606 -1
2447 2526 2528 2607 -1
2448 2527 2529 2608 -1
2449 2528 2530 2609 -1
2450 2529 2531 2610 -1
2451 2530 2532 2611 -1
2452 2531 2533 2612 -1
2453 2532 2534 2613 -1
2454 2533 2535 2614 -1
2455 2534 2536 2615 -1
2456 2535 2537 2616 -1
2457 2536 2538 2617 -1
2458 2537 2539 2618 -1
2459 2538 2540 2619 -1
2460 2539 2541 2620 -1
2461 2540 2542 2621 -1
2462 2541 2543 2622 -1
2463 2542 2544 2623 -1
2464 2543 2545 2624 -1
2465 2544 2546 2625 -1
2466 2545 2547 2626 -1
2467 2546 2548 2627 -1
2468 2547 2549 2628 -1
2469 2548 2550 2629 -1
2470 2549 2551 2630 -1
2471 2550 2552 2631 -1
2472 2551 2553 2632 -1
2473 2552 2554 2633 -1
2474 2553 2555 2634 -1
2475 2554 2556 2635 -1
2476 2555 2557 2636 -1
2477 2556 2558 2637 -1
2478 2557 2559 2638 -1
2479 2558 2639 -1
2480 2561 2640 -1
2481 2560 2562 2641 -1
2482 2561 2563 2642 -1
2483 2562 2564 2643 -1
2484 2563 2565 2644 -1
2485 2564 2566 2645 -1
2486 2565 2567 2646 -1
2487 2566 2568 2647 -1
2488 2567 2569 2648 -1
2489 2568 2570 2649 -1
2490 2569 2571 2650 -1
2491 2570 2572 2651 -1
2492 2571 2573 2652 -1
2493 2572 2574 2653 -1
2494 2573 2575 2654 -1
2495 2574 2576 2655 -1
2496 2575 2577 2656 -1
2497 2576 2578 2657 -1
2498 2577 2579 2658 -1
2499 2578 2580 2659 -1
2500 2579 2581 2660 -1
2501 2580 2582 2661 -1
2502 2581 2583 2662 -1
2503 2582 2584 2663 -1
2504 2583 2585 2664 -1
2505 2584 2586 2665 -1
2506 2585 2587 2666 -1
2507 2586 2588 2667 -1
2508 2587 2589 2668 -1
2509 2588 2590 2669 -1
2510 2589 2591 2670 -1
2511 2590 2592 2671 -1
2512 2591 2593 2672 -1
2513 2592 2594 2673 -1
2514 2593 2595 2674 -1
2515 2594 2596 2675 -1
2516 2595 2597 2676 -1
2517 2596 2598 2677 -1
2518 2597 2599 2678 -1
2519 2598 2600 2679 -1
2520 2599 2601 2680 -1
2521 2600 2602 2681 -1
2522 2601 2603 2682 -1
2523 2602 2604 2683 -1
2524 2603 2605 2684 -1
2525 2604 2606 2685 -1
2526 2605 2607 2686 -1
2527 2606 2608 2687 -1
2528 2607 2609 2688 -1
2529 2608 2610 2689 -1
2530 2609 2611 2690 -1
2531 2610 2612 2691 -1
2532 2611 2613 2692 -1
2533 2612 2614 2693 -1
2534 2613 2615 2694 -1
2535 2614 2616 2695 -1
2536 2615 2617 2696 -1
2537 2616 2618 2697 -1
2538 2617 2619 2698 -1
2539 2618 2620 2699 -1
2540 2619 2621 2700 -1
2541 2620 2622 2701 -1
2542 2621 2623 2702 -1
2543 2622 2624 2703 -1
2544 2623 2625 2704 -1
2545 2624 2626 2705 -1
2546 2625 2627 2706 -1
2547 2626 2628 2707 -1
2548 2627 2629 2708 -1
2549 2628 2630 2709 -1
2550 2629 2631 2710 -1
2551 2630 2632 2711 -1
2552 2631 2633 2712 -1
2553 2632 2634 2713 -1
2554 2633 2635 2714 -1
2555 2634 2636 2715 -1
2556 2635 2637 2716 -1
2557 2636 2638 2717 -1
2558 2637 2639 2718 -1
2559 2638 2719 -1
2560 2641 2720 -1
2561 2640 2642 2721 -1
2562 2641 2643 2722 -1
2563 2642 2644 2723 -1
2564 2643 2645 2724 -1
2565 2644 2646 2725 -1
2566 2645 2647 2726 -1
2567 2646 2648 2727 -1
2568 2647 2649 2728 -1
2569 2648 2650 2729 -1
2570 2649 2651 2730 -1
2571 2650 2652 2731 -1
2572 2651 2653 2732 -1
2573 2652 2654 2733 -1
2574 2653 2655 2734 -1
2575 2654 2656 2735 -1
2576 2655 2657 2736 -1
2577 2656 2658 2737 -1
2578 2657 2659 2738 -1
2579 2658 2660 2739 -1
2580 2659 2661 2740 -1
2581 2660 2662 2741 -1
2582 2661 2663 2742 -1
2583 2662 2664 2743 -1
2584 2663 2665 2744 -1
2585 2664 2666 2745 -1
2586 2665 2667 2746 -1
2587 2666 2668 2747 -1
2588 2667 2669 2748 -1
2589 2668 2670 2749 -1
2590 2669 2671 2750 -1
2591 2670 2672 2751 -1
2592 2671 2673 2752 -1
2593 2672 2674 2753 -1
2594 2673 2675 2754 -1
2595 2674 2676 2755 -1
2596 2675 2677 2756 -1
2597 2676 2678 2757 -1
2598 2677 2679 2758 -1
2599 2678 2680 2759 -1
2600 2679 2681 2760 -1
2601 2680 2682 2761 -1
2602 2681 2683 2762 -1
2603 2682 2684 2763 -1
2604 2683 2685 2764 -1
2605 2684 2686 2765 -1
2606 2685 2687 2766 -1
2607 2686 2688 2767 -1
2608 2687 2689 2768 -1
2609 2688 2690 2769 -1
2610 2689 2691 2770 -1
2611 2690 2692 2771 -1
2612 2691 2693 2772 -1
2613 2692 2694 2773 -1
2614 2693 2695 2774 -1
2615 2694 2696 2775 -1
2616 2695 2697 2776 -1
2617 2696 2698 2777 -1
2618 2697 2699 2778 -1
2619 2698 2700 2779 -1
2620 2699 2701 2780 -1
2621 2700 2702 2781 -1
2622 2701 2703 2782 -1
2623 2702 2704 2783 -1
2624 2703 2705 2784 -1
2625 2704 2706 2785 -1
2626 2705 2707 2786 -1
2627 2706 2708 2787 -1
2628 2707 2709 2788 -1
2629 2708 2710 2789 -1
2630 2709 2711 2790 -1
2631 2710 2712 2791 -1
2632 2711 2713 2792 -1
2633 2712 2714 2793 -1
2634 2713 2715 2794 -1
2635 2714 2716 2795 -1
2636 2715 2717 2796 -1
2637 2716 2718 2797 -1
2638 2717 2719 2798 -1
2639 2718 2799 -1
2640 2721 2800 -1
2641 2720 2722 2801 -1
2642 2721 2723 2802 -1
2643 2722 2724 2803 -1
2644 2723 2725 2804 -1
2645 2724 2726 2805 -1
2646 2725 2727 2806 -1
2647 2726 2728 2807 -1
2648 2727 2729 2808 -1
2649 2728 2730 2809 -1
2650 2729 2731 2810 -1
2651 2730 2732 2811 -1
2652 2731 2733 2812 -1
2653 2732 2734 2813 -1
2654 2733 2735 2814 -1
2655 2734 2736 2815 -1
2656 2735 2737 2816 -1
2657 2736 2738 2817 -1
2658 2737 2739 2818 -1
2659 2738 2740 2819 -1
2660 2739 2741 2820 -1
2661 2740 2742 2821 -1
2662 2741 2743 2822 -1
2663 2742 2744 2823 -1
2664 2743 2745 2824 -1
2665 2744 2746 2825 -1
2666 2745 2747 2826 -1
2667 2746 2748 2827 -1
2668 2747 2749 2828 -1
2669 2748 2750 2829 -1
2670 2749 2751 2830 -1
2671 2750 2752 2831 -1
2672 2751 2753 2832 -1
2673 2752 2754 2833 -1
2674 2753 2755 2834 -1
2675 2754 2756 2835 -1
2676 2755 2757 2836 -1
2677 2756 2758 2837 -1
2678 2757 2759 2838 -1
2679 2758 2760 2839 -1
2680 2759 2761 2840 -1
2681 2760 2762 2841 -1
2682 2761 2763 2842 -1
2683 2762 2764 2843 -1
2684 2763 2765 2844 -1
2685 2764 2766 2845 -1
2686 2765 2767 2846 -1
2687 2766 2768 2847 -1
2688 2767 2769 2848 -1
2689 2768 2770 2849 -1
2690 2769 2771 2850 -1
2691 2770 2772 2851 -1
2692 2771 2773 2852 -1
2693 2772 2774 2853 -1
2694 2773 2775 2854 -1
2695 2774 2776 2855 -1
2696 2775 2777 2856 -1
2697 2776 2778 2857 -1
2698 2777 2779 2858 -1
2699 2778 2780 2859 -1
2700 2779 2781 2860 -1
2701 2780 2782 2861 -1
2702 2781 2783 2862 -1
2703 2782 2784 2863 -1
2704 2783 2785 2864 -1
2705 2784 2786 2865 -1
2706 2785 2787 2866 -1
2707 2786 2788 2867 -1
2708 2787 2789 2868 -1
2709 2788 2790 2869 -1
2710 2789 2791 2870 -1
2711 2790 2792 2871 -1
2712 2791 2793 2872 -1
2713 2792 2794 2873 -1
2714 2793 2795 2874 -1
2715 2794 2796 2875 -1
2716 2795 2797 2876 -1
2717 2796 2798 2877 -1
2718 2797 2799 2878 -1
2719 2798 2879 -1
2720 2801 2880 -1
2721 2800 2802 2881 -1
2722 2801 2803 2882 -1
2723 2802 2804 2883 -1
2724 2803 2805 2884 -1
2725 2804 2806 2885 -1
2726 2805 2807 2886 -1
2727 2806 2808 2887 -1
2728 2807 2809 2888 -1
2729 2808 2810 2889 -1
2730 2809 2811 2890 -1
2731 2810 2812 2891 -1
2732 2811 2813 2892 -1
2733 2812 2814 2893 -1
2734 2813 2815 2894 -1
2735 2814 2816 2895 -1
2736 2815 2817 2896 -1
2737 2816 2818 2897 -1
2738 2817 2819 2898 -1
2739 2818 2820 2899 -1
2740 2819 2821 2900 -1
2741 2820 2822 2901 -1
2742 2821 2823 2902 -1
2743 2822 2824 2903 -1
2744 2823 2825 2904 -1
2745 2824 2826 2905 -1
2746 2825 2827 2906 -1
2747 2826 2828 2907 -1
2748 2827 2829 2908 -1
2749 2828 2830 2909 -1
2750 2829 2831 2910 -1
2751 2830 2832 2911 -1
2752 2831 2833 2912 -1
2753 2832 2834 2913 -1
2754 2833 2835 2914 -1
2755 2834 2836 2915 -1
2756 2835 2837 2916 -1
2757 2836 2838 2917 -1
2758 2837 2839 2918 -1
2759 2838 2840 2919 -1
2760 2839 2841 2920 -1
2761 2840 2842 2921 -1
2762 2841 2843 2922 -1
2763 2842 2844 2923 -1
2764 2843 2845 2924 -1
2765 2844 2846 2925 -1
2766 2845 2847 2926 -1
2767 2846 2848 2927 -1
2768 2847 2849 2928 -1
2769 2848 2850 2929 -1
2770 2849 2851 2930 -1
2771 2850 2852 2931 -1
2772 2851 2853 2932 -1
2773 2852 2854 2933 -1
2774 2853 2855 2934 -1
2775 2854 2856 2935 -1
2776 2855 2857 2936 -1
2777 2856 2858 2937 -1
2778 2857 2859 2938 -1
2779 2858 2860 2939 -1
2780 2859 2861 2940 -1
2781 2860 2862 2941 -1
2782 2861 2863 2942 -1
2783 2862 2864 2943 -1
2784 2863 2865 2944 -1
2785 2864 2866 2945 -1
2786 2865 2867 2946 -1
2787 2866 2868 2947 -1
2788 2867 2869 2948 -1
2789 2868 2870 2949 -1
2790 2869 2871 2950 -1
2791 2870 2872 2951 -1
2792 2871 2873 2952 -1
2793 2872 2874 2953 -1
2794 2873 2875 2954 -1
2795 2874 2876 2955 -1
2796 2875 2877 2956 -1
2797 2876 2878 2957 -1
2798 2877 2879 2958 -1
2799 2878 2959 -1
2800 2881 2960 -1
2801 2880 2882 2961 -1
2802 2881 2883 2962 -1
2803 2882 2884 2963 -1
2804 2883 2885 2964 -1
2805 2884 2886 2965 -1
2806 2885 2887 2966 -1
2807 2886 2888 2967 -1
2808 2887 2889 2968 -1
2809 2888 2890 2969 -1
2810 2889 2891 2970 -1
2811 2890 2892 2971 -1
2812 2891 2893 2972 -1
2813 2892 2894 2973 -1
2814 2893 2895 2974 -1
2815 2894 2896 2975 -1
2816 2895 2897 2976 -1
2817 2896 2898 2977 -1
2818 2897 2899 2978 -1
2819 2898 2900 2979 -1
2820 2899 2901 2980 -1
2821 2900 2902 2981 -1
2822 2901 2903 2982 -1
2823 2902 2904 2983 -1
2824 2903 2905 2984 -1
2825 2904 2906 2985 -1
2826 2905 2907 2986 -1
2827 2906 2908 2987 -1
2828 2907 2909 2988 -1
2829 2908 2910 2989 -1
2830 2909 2911 2990 -1
2831 2910 2912 2991 -1
2832 2911 2913 2992 -1
2833 2912 2914 2993 -1
2834 2913 2915 2994 -1
2835 2914 2916 2995 -1
2836 2915 2917 2996 -1
2837 2916 2918 2997 -1
2838 2917 2919 2998 -1
2839 2918 2920 2999 -1
2840 2919 2921 3000 -1
2841 2920 2922 3001 -1
2842 2921 2923 3002 -1
2843 2922 2924 3003 -1
2844 2923 2925 3004 -1
2845 2924 2926 3005 -1
2846 2925 2927 3006 -1
2847 2926 2928 3007 -1
2848 2927 2929 3008 -1
2849 2928 2930 3009 -1
2850 2929 2931 3010 -1
2851 2930 2932 3011 -1
2852 2931 2933 3012 -1
2853 2932 2934 3013 -1
2854 2933 2935 3014 -1
2855 2934 2936 3015 -1
2856 2935 2937 3016 -1
2857 2936 2938 3017 -1
2858 2937 2939 3018 -1
2859 2938 2940 3019 -1
2860 2939 2941 3020 -1
2861 2940 2942 3021 -1
2862 2941 2943 3022 -1
2863 2942 2944 3023 -1
2864 2943 2945 3024 -1
2865 2944 2946 3025 -1
2866 2945 2947 3026 -1
2867 2946 2948 3027 -1
2868 2947 2949 3028 -1
2869 2948 2950 3029 -1
2870 2949 2951 3030 -1
2871 2950 2952 3031 -1
2872 2951 2953 3032 -1
2873 2952 2954 3033 -1
2874 2953 2955 3034 -1
2875 2954 2956 3035 -1
2876 2955 2957 3036 -1
2877 2956 2958 3037 -1
2878 2957 2959 3038 -1
2879 2958 3039 -1
2880 2961 3040 -1
2881 2960 2962 3041 -1
2882 2961 2963 3042 -1
2883 2962 2964 3043 -1
2884 2963 2965 3044 -1
2885 2964 2966 3045 -1
2886 2965 2967 3046 -1
2887 2966 2968 3047 -1
2888 2967 2969 3048 -1
2889 2968 2970 3049 -1
2890 2969 2971 3050 -1
2891 2970 2972 3051 -1
2892 2971 2973 3052 -1
2893 2972 2974 3053 -1
2894 2973 2975 3054 -1
2895 2974 2976 3055 -1
2896 2975 2977 3056 -1
2897 2976 2978 3057 -1
2898 2977 2979 3058 -1
2899 2978 2980 3059 -1
2900 2979 2981 3060 -1
2901 2980 2982 3061 -1
2902 2981 2983 3062 -1
2903 2982 2984 3063 -1
2904 2983 2985 3064 -1
2905 2984 2986 3065 -1
2906 2985 2987 3066 -1
2907 2986 2988 3067 -1
2908 2987 2989 3068 -1
2909 2988 2990 3069 -1
2910 2989 2991 3070 -1
2911 2990 2992 3071 -1
2912 2991 2993 3072 -1
2913 2992 2994 3073 -1
2914 2993 2995 3074 -1
2915 2994 2996 3075 -1
2916 2995 2997 3076 -1
2917 2996 2998 3077 -1
2918 2997 2999 3078 -1
2919 2998 3000 3079 -1
2920 2999 3001 3080 -1
2921 3000 3002 3081 -1
2922 3001 3003 3082 -1
2923 3002 3004 3083 -1
2924 3003 3005 3084 -1
2925 3004 3006 3085 -1
2926 3005 3007 3086 -1
2927 3006 3008 3087 -1
2928 3007 3009 3088 -1
2929 3008 3010 3089 -1
2930 3009 3011 3090 -1
2931 3010 3012 3091 -1
2932 3011 3013 3092 -1
2933 3012 3014 3093 -1
2934 3013 3015 3094 -1
2935 3014 3016 3095 -1
2936 3015 3017 3096 -1
2937 3016 3018 3097 -1
2938 3017 3019 3098 -1
2939 3018 3020 3099 -1
2940 3019 3021 3100 -1
2941 3020 3022 3101 -1
2942 3021 3023 3102 -1
2943 3022 3024 3103 -1
2944 3023 3025 3104 -1
2945 3024 3026 3105 -1
2946 3025 3027 3106 -1
2947 3026 3028 3107 -1
2948 3027 3029 3108 -1
2949 3028 3030 3109 -1
2950 3029 3031 3110 -1
2951 3030 3032 3111 -1
2952 3031 3033 3112 -1
2953 3032 3034 3113 -1
2954 3033 3035 3114 -1
2955 3034 3036 3115 -1
2956 3035 3037 3116 -1
2957 3036 3038 3117 -1
2958 3037 3039 3118 -1
2959 3038 3119 -1
2960 3041 3120 -1
2961 3040 3042 3121 -1
2962 3041 3043 3122 -1
2963 3042 3044 3123 -1
2964 3043 3045 3124 -1
2965 3044 3046 3125 -1
2966 3045 3047 3126 -1
2967 3046 3048 3127 -1
2968 3047 3049 3128 -1
2969 3048 3050 3129 -1
2970 3049 3051 3130 -1
2971 3050 3052 3131 -1
2972 3051 3053 3132 -1
2973 3052 3054 3133 -1
2974 3053 3055 3134 -1
2975 3054 3056 3135 -1
2976 3055 3057 3136 -1
2977 3056 3058 3137 -1
2978 3057 3059 3138 -1
2979 3058 3060 3139 -1
2980 3059 3061 3140 -1
2981 3060 3062 3141 -1
2982 3061 3063 3142 -1
2983 3062 3064 3143 -1
2984 3063 3065 3144 -1
2985 3064 3066 3145 -1
2986 3065 3067 3146 -1
2987 3066 3068 3147 -1
2988 3067 3069 3148 -1
2989 3068 3070 3149 -1
2990 3069 3071 3150 -1
2991 3070 3072 3151 -1
2992 3071 3073 3152 -1
2993 3072 3074 3153 -1
2994 3073 3075 3154 -1
2995 3074 3076 3155 -1
2996 3075 3077 3156 -1
2997 3076 3078 3157 -1
2998 3077 3079 3158 -1
2999 3078 3080 3159 -1
3000 3079 3081 3160 -1
3001 3080 3082 3161 -1
3002 3081 3083 3162 -1
3003 3082 3084 3163 -1
3004 3083 3085 3164 -1
3005 3084 3086 3165 -1
3006 3085 3087 3166 -1
3007 3086 3088 3167 -1
3008 3087 3089 3168 -1
3009 3088 3090 3169 -1
3010 3089 3091 3170 -1
3011 3090 3092 3171 -1
3012 3091 3093 3172 -1
3013 3092 3094 3173 -1
3014 3093 3095 3174 -1
3015 3094 3096 3175 -1
3016 3095 3097 3176 -1
3017 3096 3098 3177 -1
3018 3097 3099 3178 -1
3019 3098 3100 3179 -1
3020 3099 3101 3180 -1
3021 3100 3102 3181 -1
3022 3101 3103 3182 -1
3023 3102 3104 3183 -1
3024 3103 3105 3184 -1
3025 3104 3106 3185 -1
3026 3105 3107 3186 -1
3027 3106 3108 3187 -1
3028 3107 3109 3188 -1
3029 3108 3110 3189 -1
3030 3109 3111 3190 -1
3031 3110 3112 3191 -1
3032 3111 3113 3192 -1
3033 3112 3114 3193 -1
3034 3113 3115 3194 -1
3035 3114 3116 3195 -1
3036 3115 3117 3196 -1
3037 3116 3118 3197 -1
3038 3117 3119 3198 -1
3039 3118 3199 -1
3040 3121 3200 -1
3041 3120 3122 3201 -1
3042 3121 3123 3202 -1
3043 3122 3124 3203 -1
3044 3123 3125 3204 -1
3045 3124 3126 3205 -1
3046 3125 3127 3206 -1
3047 3126 3128 3207 -1
3048 3127 3129 3208 -1
3049 3128 3130 3209 -1
3050 3129 3131 3210 -1
3051 3130 3132 3211 -1
3052 3131 3133 3212 -1
3053 3132 3134 3213 -1
3054 3133 3135 3214 -1
3055 3134 3136 3215 -1
3056 3135 3137 3216 -1
3057 3136 3138 3217 -1
3058 3137 3139 3218 -1
3059 3138 3140 3219 -1
3060 3139 3141 3220 -1
3061 3140 3142 3221 -1
3062 3141 3143 3222 -1
3063 3142 3144 3223 -1
3064 3143 3145 3224 -1
3065 3144 3146 3225 -1
3066 3145 3147 3226 -1
3067 3146 3148 3227 -1
3068 3147 3149 3228 -1
3069 3148 3150 3229 -1
3070 3149 3151 3230 -1
3071 3150 3152 3231 -1
3072 3151 3153 3232 -1
3073 3152 3154 3233 -1
3074 3153 3155 3234 -1
3075 3154 3156 3235 -1
3076 3155 3157 3236 -1
3077 3156 3158 3237 -1
3078 3157 3159 3238 -1
3079 3158 3160 3239 -1
3080 3159 3161 3240 -1
3081 3160 3162 3241 -1
3082 3161 3163 3242 -1
3083 3162 3164 3243 -1
3084 3163 3165 3244 -1
3085 3164 3166 3245 -1
3086 3165 3167 3246 -1
3087 3166 3168 3247 -1
3088 3167 3169 3248 -1
3089 3168 3170 3249 -1
3090 3169 3171 3250 -1
3091 3170 3172 3251 -1
3092 3171 3173 3252 -1
3093 3172 3174 3253 -1
3094 3173 3175 3254 -1
3095 3174 3176 3255 -1
3096 3175 3177 3256 -1
3097 3176 3178 3257 -1
3098 3177 3179 3258 -1
3099 3178 3180 3259 -1
3100 3179 3181 3260 -1
3101 3180 3182 3261 -1
3102 3181 3183 3262 -1
3103 3182 3184 3263 -1
3104 3183 3185 3264 -1
3105 3184 3186 3265 -1
3106 3185 3187 3266 -1
3107 3186 3188 3267 -1
3108 3187 3189 3268 -1
3109 3188 3190 3269 -1
3110 3189 3191 3270 -1
3111 3190 3192 3271 -1
3112 3191 3193 3272 -1
3113 3192 3194 3273 -1
3114 3193 3195 3274 -1
3115 3194 3196 3275 -1
3116 3195 3197 3276 -1
3117 3196 3198 3277 -1
3118 3197 3199 3278 -1
3119 3198 3279 -1
3120 3201 3280 -1
3121 3200 3202 3281 -1
3122 3201 3203 3282 -1
3123 3202 3204 3283 -1
3124 3203 3205 3284 -1
3125 3204 3206 3285 -1
3126 3205 3207 3286 -1
3127 3206 3208 3287 -1
3128 3207 3209 3288 -1
3129 3208 3210 3289 -1
3130 3209 3211 3290 -1
3131 3210 3212 3291 -1
3132 3211 3213 3292 -1
3133 3212 3214 3293 -1
3134 3213 3215 3294 -1
3135 3214 3216 3295 -1
3136 3215 3217 3296 -1
3137 3216 3218 3297 -1
3138 3217 3219 3298 -1
3139 3218 3220 3299 -1
3140 3219 3221 3300 -1
3141 3220 3222 3301 -1
3142 3221 3223 3302 -1
3143 3222 3224 3303 -1
3144 3223 3225 3304 -1
3145 3224 3226 3305 -1
3146 3225 3227 3306 -1
3147 3226 3228 3307 -1
3148 3227 3229 3308 -1
3149 3228 3230 3309 -1
3150 3229 3231 3310 -1
3151 3230 3232 3311 -1
3152 3231 3233 3312 -1
3153 3232 3234 3313 -1
3154 3233 3235 3314 -1
3155 3234 3236 3315 -1
3156 3235 3237 3316 -1
3157 3236 3238 3317 -1
3158 3237 3239 3318 -1
3159 3238 3240 3319 -1
3160 3239 3241 3320 -1
3161 3240 3242 3321 -1
3162 3241 3243 3322 -1
3163 3242 3244 3323 -1
3164 3243 3245 3324 -1
3165 3244 3246 3325 -1
3166 3245 3247 3326 -1
3167 3246 3248 3327 -1
3168 3247 3249 3328 -1
3169 3248 3250 3329 -1
3170 3249 3251 3330 -1
3171 3250 3252 3331 -1
3172 3251 3253 3332 -1
3173 3252 3254 3333 -1
3174 3253 3255 3334 -1
3175 3254 3256 3335 -1
3176 3255 3257 3336 -1
3177 3256 3258 3337 -1
3178 3257 3259 3338 -1
3179 3258 3260 3339 -1
3180 3259 3261 3340 -1
3181 3260 3262 3341 -1
3182 3261 3263 3342 -1
3183 3262 3264 3343 -1
3184 3263 3265 3344 -1
3185 3264 3266 3345 -1
3186 3265 3267 3346 -1
3187 3266 3268 3347 -1
3188 3267 3269 3348 -1
3189 3268 3270 3349 -1
3190 3269 3271 3350 -1
3191 3270 3272 3351 -1
3192 3271 3273 3352 -1
3193 3272 3274 3353 -1
3194 3273 3275 3354 -1
3195 3274 3276 3355 -1
3196 3275 3277 3356 -1
3197 3276 3278 3357 -1
3198 3277 3279 3358 -1
3199 3278 3359 -1
3200 3281 3360 -1
3201 3280 3282 3361 -1
3202 3281 3283 3362 -1
3203 3282 3284 3363 -1
3204 3283 3285 3364 -1
3205 3284 3286 3365 -1
3206 3285 3287 3366 -1
3207 3286 3288 3367 -1
3208 3287 3289 3368 -1
3209 3288 3290 3369 -1
3210 3289 3291 3370 -1
3211 3290 3292 3371 -1
3212 3291 3293 3372 -1
3213 3292 3294 3373 -1
3214 3293 3295 3374 -1
3215 3294 3296 3375 -1
3216 3295 3297 3376 -1
3217 3296 3298 3377 -1
3218 3297 3299 3378 -1
3219 3298 3300 3379 -1
3220 3299 3301 3380 -1
3221 3300 3302 3381 -1
3222 3301 3303 3382 -1
3223 3302 3304 3383 -1
3224 3303 3305 3384 -1
3225 3304 3306 3385 -1
3226 3305 3307 3386 -1
3227 3306 3308 3387 -1
3228 3307 3309 3388 -1
3229 3308 3310 3389 -1
3230 3309 3311 3390 -1
3231 3310 3312 3391 -1
3232 3311 3313 3392 -1
3233 3312 3314 3393 -1
3234 3313 3315 3394 -1
3235 3314 3316 3395 -1
3236 3315 3317 3396 -1
3237 3316 3318 3397 -1
3238 3317 3319 3398 -1
3239 3318 3320 3399 -1
3240 3319 3321 3400 -1
3241 3320 3322 3401 -1
3242 3321 3323 3402 -1
3243 3322 3324 3403 -1
3244 3323 3325 3404 -1
3245 3324 3326 3405 -1
3246 3325 3327 3406 -1
3247 3326 3328 3407 -1
3248 3327 3329 3408 -1
3249 3328 3330 3409 -1
3250 3329 3331 3410 -1
3251 3330 3332 3411 -1
3252 3331 3333 3412 -1
3253 3332 3334 3413 -1
3254 3333 3335 3414 -1
3255 3334 3336 3415 -1
3256 3335 3337 3416 -1
3257 3336 3338 3417 -1
3258 3337 3339 3418 -1
3259 3338 3340 3419 -1
3260 3339 3341 3420 -1
3261 3340 3342 3421 -1
3262 3341 3343 3422 -1
3263 3342 3344 3423 -1
3264 3343 3345 3424 -1
3265 3344 3346 3425 -1
3266 3345 3347 3426 -1
3267 3346 3348 3427 -1
3268 3347 3349 3428 -1
3269 3348 3350 3429 -1
3270 3349 3351 3430 -1
3271 3350 3352 3431 -1
3272 3351 3353 3432 -1
3273 3352 3354 3433 -1
3274 3353 3355 3434 -1
3275 3354 3356 3435 -1
3276 3355 3357 3436 -1
3277 3356 3358 3437 -1
3278 3357 3359 3438 -1
3279 3358 3439 -1
3280 3361 3440 -1
3281 3360 3362 3441 -1
3282 3361 3363 3442 -1
3283 3362 3364 3443 -1
3284 3363 3365 3444 -1
3285 3364 3366 3445 -1
3286 3365 3367 3446 -1
3287 3366 3368 3447 -1
3288 3367 3369 3448 -1
3289 3368 3370 3449 -1
3290 3369 3371 3450 -1
3291 3370 3372 3451 -1
3292 3371 3373 3452 -1
3293 3372 3374 3453 -1
3294 3373 3375 3454 -1
3295 3374 3376 3455 -1
3296 3375 3377 3456 -1
3297 3376 3378 3457 -1
3298 3377 3379 3458 -1
3299 3378 3380 3459 -1
3300 3379 3381 3460 -1
3301 3380 3382 3461 -1
3302 3381 3383 3462 -1
3303 3382 3384 3463 -1
3304 3383 3385 3464 -1
3305 3384 3386 3465 -1
3306 3385 3387 3466 -1
3307 3386 3388 3467 -1
3308 3387 3389 3468 -1
3309 3388 3390 3469 -1
3310 3389 3391 3470 -1
3311 3390 3392 3471 -1
3312 3391 3393 3472 -1
3313 3392 3394 3473 -1
3314 3393 3395 3474 -1
3315 3394 3396 3475 -1
3316 3395 3397 3476 -1
3317 3396 3398 3477 -1
3318 3397 3399 3478 -1
3319 3398 3400 3479 -1
3320 3399 3401 3480 -1
3321 3400 3402 3481 -1
3322 3401 3403 3482 -1
3323 3402 3404 3483 -1
3324 3403 3405 3484 -1
3325 3404 3406 3485 -1
3326 3405 3407 3486 -1
3327 3406 3408 3487 -1
3328 3407 3409 3488 -1
3329 3408 3410 3489 -1
3330 3409 3411 3490 -1
3331 3410 3412 3491 -1
3332 3411 3413 3492 -1
3333 3412 3414 3493 -1
3334 3413 3415 3494 -1
3335 3414 3416 3495 -1
3336 3415 3417 3496 -1
3337 3416 3418 3497 -1
3338 3417 3419 3498 -1
3339 3418 3420 3499 -1
3340 3419 3421 3500 -1
3341 3420 3422 3501 -1
3342 3421 3423 3502 -1
3343 3422 3424 3503 -1
3344 3423 3425 3504 -1
3345 3424 3426 3505 -1
3346 3425 3427 3506 -1
3347 3426 3428 3507 -1
3348 3427 3429 3508 -1
3349 3428 3430 3509 -1
3350 3429 3431 3510 -1
3351 3430 3432 3511 -1
3352 3431 3433 3512 -1
3353 3432 3434 3513 -1
3354 3433 3435 3514 -1
3355 3434 3436 3515 -1
3356 3435 3437 3516 -1
3357 3436 3438 3517 -1
3358 3437 3439 3518 -1
3359 3438 3519 -1
3360 3441 3520 -1
3361 3440 3442 3521 -1
3362 3441 3443 3522 -1
3363 3442 3444 3523 -1
3364 3443 3445 3524 -1
3365 3444 3446 3525 -1
3366 3445 3447 3526 -1
3367 3446 3448 3527 -1
3368 3447 3449 3528 -1
3369 3448 3450 3529 -1
3370 3449 3451 3530 -1
3371 3450 3452 3531 -1
3372 3451 3453 3532 -1
3373 3452 3454 3533 -1
3374 3453 3455 3534 -1
3375 3454 3456 3535 -1
3376 3455 3457 3536 -1
3377 3456 3458 3537 -1
3378 3457 3459 3538 -1
3379 3458 3460 3539 -1
3380 3459 3461 3540 -1
3381 3460 3462 3541 -1
3382 3461 3463 3542 -1
3383 3462 3464 3543 -1
3384 3463 3465 3544 -1
3385 3464 3466 3545 -1
3386 3465 3467 3546 -1
3387 3466 3468 3547 -1
3388 3467 3469 3548 -1
3389 3468 3470 3549 -1
3390 3469 3471 3550 -1
3391 3470 3472 3551 -1
3392 3471 3473 3552 -1
3393 3472 3474 3553 -1
3394 3473 3475 3554 -1
3395 3474 3476 3555 -1
3396 3475 3477 3556 -1
3397 3476 3478 3557 -1
3398 3477 3479 3558 -1
3399 3478 3480 3559 -1
3400 3479 3481 3560 -1
3401 3480 3482 3561 -1
3402 3481 3483 3562 -1
3403 3482 3484 3563 -1
3404 3483 3485 3564 -1
3405 3484 3486 3565 -1
3406 3485 3487 3566 -1
3407 3486 3488 3567 -1
3408 3487 3489 3568 -1
3409 3488 3490 3569 -1
3410 3489 3491 3570 -1
3411 3490 3492 3571 -1
3412 3491 3493 3572 -1
3413 3492 3494 3573 -1
3414 3493 3495 3574 -1
3415 3494 3496 3575 -1
3416 3495 3497 3576 -1
3417 3496 3498 3577 -1
3418 3497 3499 3578 -1
3419 3498 3500 3579 -1
3420 3499 3501 3580 -1
3421 3500 3502 3581 -1
3422 3501 3503 3582 -1
3423 3502 3504 3583 -1
3424 3503 3505 3584 -1
3425 3504 3506 3585 -1
3426 3505 3507 3586 -1
3427 3506 3508 3587 -1
3428 3507 3509 3588 -1
3429 3508 3510 3589 -1
3430 3509 3511 3590 -1
3431 3510 3512 3591 -1
3432 3511 3513 3592 -1
3433 3512 3514 3593 -1
3434 3513 3515 3594 -1
3435 3514 3516 3595 -1
3436 3515 3517 3596 -1
3437 3516 3518 3597 -1
3438 3517 3519 3598 -1
3439 3518 3599 -1
3440 3521 3600 -1
3441 3520 3522 3601 -1
3442 3521 3523 3602 -1
3443 3522 3524 3603 -1
3444 3523 3525 3604 -1
3445 3524 3526 3605 -1
3446 3525 3527 3606 -1
3447 3526 3528 3607 -1
3448 3527 3529 3608 -1
3449 3528 3530 3609 -1
3450 3529 3531 3610 -1
3451 3530 3532 3611 -1
3452 3531 3533 3612 -1
3453 3532 3534 3613 -1
3454 3533 3535 3614 -1
3455 3534 3536 3615 -1
3456 3535 3537 3616 -1
3457 3536 3538 3617 -1
3458 3537 3539 3618 -1
3459 3538 3540 3619 -1
3460 3539 3541 3620 -1
3461 3540 3542 3621 -1
3462 3541 3543 3622 -1
3463 3542 3544 3623 -1
3464 3543 3545 3624 -1
3465 3544 3546 3625 -1
3466 3545 3547 3626 -1
3467 3546 3548 3627 -1
3468 3547 3549 3628 -1
3469 3548 3550 3629 -1
3470 3549 3551 3630 -1
3471 3550 3552 3631 -1
3472 3551 3553 3632 -1
3473 3552 3554 3633 -1
3474 3553 3555 3634 -1
3475 3554 3556 3635 -1
3476 3555 3557 3636 -1
3477 3556 3558 3637 -1
3478 3557 3559 3638 -1
3479 3558 3560 3639 -1
3480 3559 3561 3640 -1
3481 3560 3562 3641 -1
3482 3561 3563 3642 -1
3483 3562 3564 3643 -1
3484 3563 3565 3644 -1
3485 3564 3566 3645 -1
3486 3565 3567 3646 -1
3487 3566 3568 3647 -1
3488 3567 3569 3648 -1
3489 3568 3570 3649 -1
3490 3569 3571 3650 -1
3491 3570 3572 3651 -1
3492 3571 3573 3652 -1
3493 3572 3574 3653 -1
3494 3573 3575 3654 -1
3495 3574 3576 3655 -1
3496 3575 3577 3656 -1
3497 3576 3578 3657 -1
3498 3577 3579 3658 -1
3499 3578 3580 3659 -1
3500 3579 3581 3660 -1
3501 3580 3582 3661 -1
3502 3581 3583 3662 -1
3503 3582 3584 3663 -1
3504 3583 3585 3664 -1
3505 3584 3586 3665 -1
3506 3585 3587 3666 -1
3507 3586 3588 3667 -1
3508 3587 3589 3668 -1
3509 3588 3590 3669 -1
3510 3589 3591 3670 -1
3511 3590 3592 3671 -1
3512 3591 3593 3672 -1
3513 3592 3594 3673 -1
3514 3593 3595 3674 -1
3515 3594 3596 3675 -1
3516 3595 3597 3676 -1
3517 3596 3598 3677 -1
3518 3597 3599 3678 -1
3519 3598 3679 -1
3520 3601 3680 -1
3521 3600 3602 3681 -1
3522 3601 3603 3682 -1
3523 3602 3604 3683 -1
3524 3603 3605 3684 -1
3525 3604 3606 3685 -1
3526 3605 3607 3686 -1
3527 3606 3608 3687 -1
3528 3607 3609 3688 -1
3529 3608 3610 3689 -1
3530 3609 3611 3690 -1
3531 3610 3612 3691 -1
3532 3611 3613 3692 -1
3533 3612 3614 3693 -1
3534 3613 3615 3694 -1
3535 3614 3616 3695 -1
3536 3615 3617 3696 -1
3537 3616 3618 3697 -1
3538 3617 3619 3698 -1
3539 3618 3620 3699 -1
3540 3619 3621 3700 -1
3541 3620 3622 3701 -1
3542 3621 3623 3702 -1
3543 3622 3624 3703 -1
3544 3623 3625 3704 -1
3545 3624 3626 3705 -1
3546 3625 3627 3706 -1
3547 3626 3628 3707 -1
3548 3627 3629 3708 -1
3549 3628 3630 3709 -1
3550 3629 3631 3710 -1
3551 3630 3632 3711 -1
3552 3631 3633 3712 -1
3553 3632 3634 3713 -1
3554 3633 3635 3714 -1
3555 3634 3636 3715 -1
3556 3635 3637 3716 -1
3557 3636 3638 3717 -1
3558 3637 3639 3718 -1
3559 3638 3640 3719 -1
3560 3639 3641 3720 -1
3561 3640 3642 3721 -1
3562 3641 3643 3722 -1
3563 3642 3644 3723 -1
3564 3643 3645 3724 -1
3565 3644 3646 3725 -1
3566 3645 3647 3726 -1
3567 3646 3648 3727 -1
3568 3647 3649 3728 -1
3569 3648 3650 3729 -1
3570 3649 3651 3730 -1
3571 3650 3652 3731 -1
3572 3651 3653 3732 -1
3573 3652 3654 3733 -1
3574 3653 3655 3734 -1
3575 3654 3656 3735 -1
3576 3655 3657 3736 -1
3577 3656 3658 3737 -1
3578 3657 3659 3738 -1
3579 3658 3660 3739 -1
3580 3659 3661 3740 -1
3581 3660 3662 3741 -1
3582 3661 3663 3742 -1
3583 3662 3664 3743 -1
3584 3663 3665 3744 -1
3585 3664 3666 3745 -1
3586 3665 3667 3746 -1
3587 3666 3668 3747 -1
3588 3667 3669 3748 -1
3589 3668 3670 3749 -1
3590 3669 3671 3750 -1
3591 3670 3672 3751 -1
3592 3671 3673 3752 -1
3593 3672 3674 3753 -1
3594 3673 3675 3754 -1
3595 3674 3676 3755 -1
3596 3675 3677 3756 -1
3597 3676 3678 3757 -1
3598 3677 3679 3758 -1
3599 3678 3759 -1
3600 3681 3760 -1
3601 3680 3682 3761 -1
3602 3681 3683 3762 -1
3603 3682 3684 3763 -1
3604 3683 3685 3764 -1
3605 3684 3686 3765 -1
3606 3685 3687 3766 -1
3607 3686 3688 3767 -1
3608 3687 3689 3768 -1
3609 3688 3690 3769 -1
3610 3689 3691 3770 -1
3611 3690 3692 3771 -1
3612 3691 3693 3772 -1
3613 3692 3694 3773 -1
3614 3693 3695 3774 -1
3615 3694 3696 3775 -1
3616 3695 3697 3776 -1
3617 3696 3698 3777 -1
3618 3697 3699 3778 -1
3619 3698 3700 3779 -1
3620 3699 3701 3780 -1
3621 3700 3702 3781 -1
3622 3701 3703 3782 -1
3623 3702 3704 3783 -1
3624 3703 3705 3784 -1
3625 3704 3706 3785 -1
3626 3705 3707 3786 -1
3627 3706 3708 3787 -1
3628 3707 3709 3788 -1
3629 3708 3710 3789 -1
3630 3709 3711 3790 -1
3631 3710 3712 3791 -1
3632 3711 3713 3792 -1
3633 3712 3714 3793 -1
3634 3713 3715 3794 -1
3635 3714 3716 3795 -1
3636 3715 3717 3796 -1
3637 3716 3718 3797 -1
3638 3717 3719 3798 -1
3639 3718 3720 3799 -1
3640 3719 3721 3800 -1
3641 3720 3722 3801 -1
3642 3721 3723 3802 -1
3643 3722 3724 3803 -1
3644 3723 3725 3804 -1
3645 3724 3726 3805 -1
3646 3725 3727 3806 -1
3647 3726 3728 3807 -1
3648 3727 3729 3808 -1
3649 3728 3730 3809 -1
3650 3729 3731 3810 -1
3651 3730 3732 3811 -1
3652 3731 3733 3812 -1
3653 3732 3734 3813 -1
3654 3733 3735 3814 -1
3655 3734 3736 3815 -1
3656 3735 3737 3816 -1
3657 3736 3738 3817 -1
3658 3737 3739 3818 -1
3659 3738 3740 3819 -1
3660 3739 3741 3820 -1
3661 3740 3742 3821 -1
3662 3741 3743 3822 -1
3663 3742 3744 3823 -1
3664 3743 3745 3824 -1
3665 3744 3746 3825 -1
3666 3745 3747 3826 -1
3667 3746 3748 3827 -1
3668 3747 3749 3828 -1
3669 3748 3750 3829 -1
3670 3749 3751 3830 -1
3671 3750 3752 3831 -1
3672 3751 3753 3832 -1
3673 3752 3754 3833 -1
3674 3753 3755 3834 -1
3675 3754 3756 3835 -1
3676 3755 3757 3836 -1
3677 3756 3758 3837 -1
3678 3757 3759 3838 -1
3679 3758 3839 -1
3680 3761 3840 -1
3681 3760 3762 3841 -1
3682 3761 3763 3842 -1
3683 3762 3764 3843 -1
3684 3763 3765 3844 -1
3685 3764 3766 3845 -1
3686 3765 3767 3846 -1
3687 3766 3768 3847 -1
3688 3767 3769 3848 -1
3689 3768 3770 3849 -1
3690 3769 3771 3850 -1
3691 3770 3772 3851 -1
3692 3771 3773 3852 -1
3693 3772 3774 3853 -1
3694 3773 3775 3854 -1
3695 3774 3776 3855 -1
3696 3775 3777 3856 -1
3697 3776 3778 3857 -1
3698 3777 3779 3858 -1
3699 3778 3780 3859 -1
3700 3779 3781 3860 -1
3701 3780 3782 3861 -1
3702 3781 3783 3862 -1
3703 3782 3784 3863 -1
3704 3783 3785 3864 -1
3705 3784 3786 3865 -1
3706 3785 3787 3866 -1
3707 3786 3788 3867 -1
3708 3787 3789 3868 -1
3709 3788 3790 3869 -1
3710 3789 3791 3870 -1
3711 3790 3792 3871 -1
3712 3791 3793 3872 -1
3713 3792 3794 3873 -1
3714 3793 3795 3874 -1
3715 3794 3796 3875 -1
3716 3795 3797 3876 -1
3717 3796 3798 3877 -1
3718 3797 3799 3878 -1
3719 3798 3800 3879 -1
3720 3799 3801 3880 -1
3721 3800 3802 3881 -1
3722 3801 3803 3882 -1
3723 3802 3804 3883 -1
3724 3803 3805 3884 -1
3725 3804 3806 3885 -1
3726 3805 3807 3886 -1
3727 3806 3808 3887 -1
3728 3807 3809 3888 -1
3729 3808 3810 3889 -1
3730 3809 3811 3890 -1
3731 3810 3812 3891 -1
3732 3811 3813 3892 -1
3733 3812 3814 3893 -1
3734 3813 3815 3894 -1
3735 3814 3816 3895 -1
3736 3815 3817 3896 -1
3737 3816 3818 3897 -1
3738 3817 3819 3898 -1
3739 3818 3820 3899 -1
3740 3819 3821 3900 -1
3741 3820 3822 3901 -1
3742 3821 3823 3902 -1
3743 3822 3824 3903 -1
3744 3823 3825 3904 -1
3745 3824 3826 3905 -1
3746 3825 3827 3906 -1
3747 3826 3828 3907 -1
3748 3827 3829 3908 -1
3749 3828 3830 3909 -1
3750 3829 3831 3910 -1
3751 3830 3832 3911 -1
3752 3831 3833 3912 -1
3753 3832 3834 3913 -1
3754 3833 3835 3914 -1
3755 3834 3836 3915 -1
3756 3835 3837 3916 -1
3757 3836 3838 3917 -1
3758 3837 3839 3918 -1
3759 3838 3919 -1
3760 3841 3920 -1
3761 3840 3842 3921 -1
3762 3841 3843 3922 -1
3763 3842 3844 3923 -1
3764 3843 3845 3924 -1
3765 3844 3846 3925 -1
3766 3845 3847 3926 -1
3767 3846 3848 3927 -1
3768 3847 3849 3928 -1
3769 3848 3850 3929 -1
3770 3849 3851 3930 -1
3771 3850 3852 3931 -1
3772 3851 3853 3932 -1
3773 3852 3854 3933 -1
3774 3853 3855 3934 -1
3775 3854 3856 3935 -1
3776 3855 3857 3936 -1
3777 3856 3858 3937 -1
3778 3857 3859 3938 -1
3779 3858 3860 3939 -1
3780 3859 3861 3940 -1
3781 3860 3862 3941 -1
3782 3861 3863 3942 -1
3783 3862 3864 3943 -1
3784 3863 3865 3944 -1
3785 3864 3866 3945 -1
3786 3865 3867 3946 -1
3787 3866 3868 3947 -1
3788 3867 3869 3948 -1
3789 3868 3870 3949 -1
3790 3869 3871 3950 -1
3791 3870 3872 3951 -1
3792 3871 3873 3952 -1
3793 3872 3874 3953 -1
3794 3873 3875 3954 -1
3795 3874 3876 3955 -1
3796 3875 3877 3956 -1
3797 3876 3878 3957 -1
3798 3877 3879 3958 -1
3799 3878 3880 3959 -1
3800 3879 3881 3960 -1
3801 3880 3882 3961 -1
3802 3881 3883 3962 -1
3803 3882 3884 3963 -1
3804 3883 3885 3964 -1
3805 3884 3886 3965 -1
3806 3885 3887 3966 -1
3807 3886 3888 3967 -1
3808 3887 3889 3968 -1
3809 3888 3890 3969 -1
3810 3889 3891 3970 -1
3811 3890 3892 3971 -1
3812 3891 3893 3972 -1
3813 3892 3894 3973 -1
3814 3893 3895 3974 -1
3815 3894 3896 3975 -1
3816 3895 3897 3976 -1
3817 3896 3898 3977 -1
3818 3897 3899 3978 -1
3819 3898 3900 3979 -1
3820 3899 3901 3980 -1
3821 3900 3902 3981 -1
3822 3901 3903 3982 -1
3823 3902 3904 3983 -1
3824 3903 3905 3984 -1
3825 3904 3906 3985 -1
3826 3905 3907 3986 -1
3827 3906 3908 3987 -1
3828 3907 3909 3988 -1
3829 3908 3910 3989 -1
3830 3909 3911 3990 -1
3831 3910 3912 3991 -1
3832 3911 3913 3992 -1
3833 3912 3914 3993 -1
3834 3913 3915 3994 -1
3835 3914 3916 3995 -1
3836 3915 3917 3996 -1
3837 3916 3918 3997 -1
3838 3917 3919 3998 -1
3839 3918 3999 -1
3840 3921 4000 -1
3841 3920 3922 4001 -1
3842 3921 3923 4002 -1
3843 3922 3924 4003 -1
3844 3923 3925 4004 -1
3845 3924 3926 4005 -1
3846 3925 3927 4006 -1
3847 3926 3928 4007 -1
3848 3927 3929 4008 -1
3849 3928 3930 4009 -1
3850 3929 3931 4010 -1
3851 3930 3932 4011 -1
3852 3931 3933 4012 -1
3853 3932 3934 4013 -1
3854 3933 3935 4014 -1
3855 3934 3936 4015 -1
3856 3935 3937 4016 -1
3857 3936 3938 4017 -1
3858 3937 3939 4018 -1
3859 3938 3940 4019 -1
3860 3939 3941 4020 -1
3861 3940 3942 4021 -1
3862 3941 3943 4022 -1
3863 3942 3944 4023 -1
3864 3943 3945 4024 -1
3865 3944 3946 4025 -1
3866 3945 3947 4026 -1
3867 3946 3948 4027 -1
3868 3947 3949 4028 -1
3869 3948 3950 4029 -1
3870 3949 3951 4030 -1
3871 3950 3952 4031 -1
3872 3951 3953 4032 -1
3873 3952 3954 4033 -1
3874 3953 3955 4034 -1
3875 3954 3956 4035 -1
3876 3955 3957 4036 -1
3877 3956 3958 4037 -1
3878 3957 3959 4038 -1
3879 3958 3960 4039 -1
3880 3959 3961 4040 -1
3881 3960 3962 4041 -1
3882 3961 3963 4042 -1
3883 3962 3964 4043 -1
3884 3963 3965 4044 -1
3885 3964 3966 4045 -1
3886 3965 3967 4046 -1
3887 3966 3968 4047 -1
3888 3967 3969 4048 -1
3889 3968 3970 4049 -1
3890 3969 3971 4050 -1
3891 3970 3972 4051 -1
3892 3971 3973 4052 -1
3893 3972 3974 4053 -1
3894 3973 3975 4054 -1
3895 3974 3976 4055 -1
3896 3975 3977 4056 -1
3897 3976 3978 4057 -1
3898 3977 3979 4058 -1
3899 3978 3980 4059 -1
3900 3979 3981 4060 -1
3901 3980 3982 4061 -1
3902 3981 3983 4062 -1
3903 3982 3984 4063 -1
3904 3983 3985 4064 -1
3905 3984 3986 4065 -1
3906 3985 3987 4066 -1
3907 3986 3988 4067 -1
3908 3987 3989 4068 -1
3909 3988 3990 4069 -1
3910 3989 3991 4070 -1
3911 3990 3992 4071 -1
3912 3991 3993 4072 -1
3913 3992 3994 4073 -1
3914 3993 3995 4074 -1
3915 3994 3996 4075 -1
3916 3995 3997 4076 -1
3917 3996 3998 4077 -1
3918 3997 3999 4078 -1
3919 3998 4079 -1
3920 4001 4080 -1
3921 4000 4002 4081 -1
3922 4001 4003 4082 -1
3923 4002 4004 4083 -1
3924 4003 4005 4084 -1
3925 4004 4006 4085 -1
3926 4005 4007 4086 -1
3927 4006 4008 4087 -1
3928 4007 4009 4088 -1
3929 4008 4010 4089 -1
3930 4009 4011 4090 -1
3931 4010 4012 4091 -1
3932 4011 4013 4092 -1
3933 4012 4014 4093 -1
3934 4013 4015 4094 -1
3935 4014 4016 4095 -1
3936 4015 4017 4096 -1
3937 4016 4018 4097 -1
3938 4017 4019 4098 -1
3939 4018 4020 4099 -1
3940 4019 4021 4100 -1
3941 4020 4022 4101 -1
3942 4021 4023 4102 -1
3943 4022 4024 4103 -1
3944 4023 4025 4104 -1
3945 4024 4026 4105 -1
3946 4025 4027 4106 -1
3947 4026 4028 4107 -1
3948 4027 4029 4108 -1
3949 4028 4030 4109 -1
3950 4029 4031 4110 -1
3951 4030 4032 4111 -1
3952 4031 4033 4112 -1
3953 4032 4034 4113 -1
3954 4033 4035 4114 -1
3955 4034 4036 4115 -1
3956 4035 4037 4116 -1
3957 4036 4038 4117 -1
3958 4037 4039 4118 -1
3959 4038 4040 4119 -1
3960 4039 4041 4120 -1
3961 4040 4042 4121 -1
3962 4041 4043 4122 -1
3963 4042 4044 4123 -1
3964 4043 4045 4124 -1
3965 4044 4046 4125 -1
3966 4045 4047 4126 -1
3967 4046 4048 4127 -1
3968 4047 4049 4128 -1
3969 4048 4050 4129 -1
3970 4049 4051 4130 -1
3971 4050 4052 4131 -1
3972 4051 4053 4132 -1
3973 4052 4054 4133 -1
3974 4053 4055 4134 -1
3975 4054 4056 4135 -1
3976 4055 4057 4136 -1
3977 4056 4058 4137 -1
3978 4057 4059 4138 -1
3979 4058 4060 4139 -1
3980 4059 4061 4140 -1
3981 4060 4062 4141 -1
3982 4061 4063 4142 -1
3983 4062 4064 4143 -1
3984 4063 4065 4144 -1
3985 4064 4066 4145 -1
3986 4065 4067 4146 -1
3987 4066 4068 4147 -1
3988 4067 4069 4148 -1
3989 4068 4070 4149 -1
3990 4069 4071 4150 -1
3991 4070 4072 4151 -1
3992 4071 4073 4152 -1
3993 4072 4074 4153 -1
3994 4073 4075 4154 -1
3995 4074 4076 4155 -1
3996 4075 4077 4156 -1
3997 4076 4078 4157 -1
3998 4077 4079 4158 -1
3999 4078 4159 -1
4000 4081 4160 -1
4001 4080 4082 4161 -1
4002 4081 4083 4162 -1
4003 4082 4084 4163 -1
4004 4083 4085 4164 -1
4005 4084 4086 4165 -1
4006 4085 4087 4166 -1
4007 4086 4088 4167 -1
4008 4087 4089 4168 -1
4009 4088 4090 4169 -1
4010 4089 4091 4170 -1
4011 4090 4092 4171 -1
4012 4091 4093 4172 -1
4013 4092 4094 4173 -1
4014 4093 4095 4174 -1
4015 4094 4096 4175 -1
4016 4095 4097 4176 -1
4017 4096 4098 4177 -1
4018 4097 4099 4178 -1
4019 4098 4100 4179 -1
4020 4099 4101 4180 -1
4021 4100 4102 4181 -1
4022 4101 4103 4182 -1
4023 4102 4104 4183 -1
4024 4103 4105 4184 -1
4025 4104 4106 4185 -1
4026 4105 4107 4186 -1
4027 4106 4108 4187 -1
4028 4107 4109 4188 -1
4029 4108 4110 4189 -1
4030 4109 4111 4190 -1
4031 4110 4112 4191 -1
4032 4111 4113 4192 -1
4033 4112 4114 4193 -1
4034 4113 4115 4194 -1
4035 4114 4116 4195 -1
4036 4115 4117 4196 -1
4037 4116 4118 4197 -1
4038 4117 4119 4198 -1
4039 4118 4120 4199 -1
4040 4119 4121 4200 -1
4041 4120 4122 4201 -1
4042 4121 4123 4202 -1
4043 4122 4124 4203 -1
4044 4123 4125 4204 -1
4045 4124 4126 4205 -1
4046 4125 4127 4206 -1
4047 4126 4128 4207 -1
4048 4127 4129 4208 -1
4049 4128 4130 4209 -1
4050 4129 4131 4210 -1
4051 4130 4132 4211 -1
4052 4131 4133 4212 -1
4053 4132 4134 4213 -1
4054 4133 4135 4214 -1
4055 4134 4136 4215 -1
4056 4135 4137 4216 -1
4057 4136 4138 4217 -1
4058 4137 4139 4218 -1
4059 4138 4140 4219 -1
4060 4139 4141 4220 -1
4061 4140 4142 4221 -1
4062 4141 4143 4222 -1
4063 4142 4144 4223 -1
4064 4143 4145 4224 -1
4065 4144 4146 4225 -1
4066 4145 4147 4226 -1
4067 4146 4148 4227 -1
4068 4147 4149 4228 -1
4069 4148 4150 4229 -1
4070 4149 4151 4230 -1
4071 4150 4152 4231 -1
4072 4151 4153 4232 -1
4073 4152 4154 4233 -1
4074 4153 4155 4234 -1
4075 4154 4156 4235 -1
4076 4155 4157 4236 -1
4077 4156 4158 4237 -1
4078 4157 4159 4238 -1
4079 4158 4239 -1
4080 4161 4240 -1
4081 4160 4162 4241 -1
4082 4161 4163 4242 -1
4083 4162 4164 4243 -1
4084 4163 4165 4244 -1
4085 4164 4166 4245 -1
4086 4165 4167 4246 -1
4087 4166 4168 4247 -1
4088 4167 4169 4248 -1
4089 4168 4170 4249 -1
4090 4169 4171 4250 -1
4091 4170 4172 4251 -1
4092 4171 4173 4252 -1
4093 4172 4174 4253 -1
4094 4173 4175 4254 -1
4095 4174 4176 4255 -1
4096 4175 4177 4256 -1
4097 4176 4178 4257 -1
4098 4177 4179 4258 -1
4099 4178 4180 4259 -1
4100 4179 4181 4260 -1
4101 4180 4182 4261 -1
4102 4181 4183 4262 -1
4103 4182 4184 4263 -1
4104 4183 4185 4264 -1
4105 4184 4186 4265 -1
4106 4185 4187 4266 -1
4107 4186 4188 4267 -1
4108 4187 4189 4268 -1
4109 4188 4190 4269 -1
4110 4189 4191 4270 -1
4111 4190 4192 4271 -1
4112 4191 4193 4272 -1
4113 4192 4194 4273 -1
4114 4193 4195 4274 -1
4115 4194 4196 4275 -1
4116 4195 4197 4276 -1
4117 4196 4198 4277 -1
4118 4197 4199 4278 -1
4119 4198 4200 4279 -1
4120 4199 4201 4280 -1
4121 4200 4202 4281 -1
4122 4201 4203 4282 -1
4123 4202 4204 4283 -1
4124 4203 4205 4284 -1
4125 4204 4206 4285 -1
4126 4205 4207 4286 -1
4127 4206 4208 4287 -1
4128 4207 4209 4288 -1
4129 4208 4210 4289 -1
4130 4209 4211 4290 -1
4131 4210 4212 4291 -1
4132 4211 4213 4292 -1
4133 4212 4214 4293 -1
4134 4213 4215 4294 -1
4135 4214 4216 4295 -1
4136 4215 4217 4296 -1
4137 4216 4218 4297 -1
4138 4217 4219 4298 -1
4139 4218 4220 4299 -1
4140 4219 4221 4300 -1
4141 4220 4222 4301 -1
4142 4221 4223 4302 -1
4143 4222 4224 4303 -1
4144 4223 4225 4304 -1
4145 4224 4226 4305 -1
4146 4225 4227 4306 -1
4147 4226 4228 4307 -1
4148 4227 4229 4308 -1
4149 4228 4230 4309 -1
4150 4229 4231 4310 -1
4151 4230 4232 4311 -1
4152 4231 4233 4312 -1
4153 4232 4234 4313 -1
4154 4233 4235 4314 -1
4155 4234 4236 4315 -1
4156 4235 4237 4316 -1
4157 4236 4238 4317 -1
4158 4237 4239 4318 -1
4159 4238 4319 -1
4160 4241 4320 -1
4161 4240 4242 4321 -1
4162 4241 4243 4322 -1
4163 4242 4244 4323 -1
4164 4243 4245 4324 -1
4165 4244 4246 4325 -1
4166 4245 4247 4326 -1
4167 4246 4248 4327 -1
4168 4247 4249 4328 -1
4169 4248 4250 4329 -1
4170 4249 4251 4330 -1
4171 4250 4252 4331 -1
4172 4251 4253 4332 -1
4173 4252 4254 4333 -1
4174 4253 4255 4334 -1
4175 4254 4256 4335 -1
4176 4255 4257 4336 -1
4177 4256 4258 4337 -1
4178 4257 4259 4338 -1
4179 4258 4260 4339 -1
4180 4259 4261 4340 -1
4181 4260 4262 4341 -1
4182 4261 4263 4342 -1
4183 4262 4264 4343 -1
4184 4263 4265 4344 -1
4185 4264 4266 4345 -1
4186 4265 4267 4346 -1
4187 4266 4268 4347 -1
4188 4267 4269 4348 -1
4189 4268 4270 4349 -1
4190 4269 4271 4350 -1
4191 4270 4272 4351 -1
4192 4271 4273 4352 -1
4193 4272 4274 4353 -1
4194 4273 4275 4354 -1
4195 4274 4276 4355 -1
4196 4275 4277 4356 -1
4197 4276 4278 4357 -1
4198 4277 4279 4358 -1
4199 4278 4280 4359 -1
4200 4279 4281 4360 -1
4201 4280 4282 4361 -1
4202 4281 4283 4362 -1
4203 4282 4284 4363 -1
4204 4283 4285 4364 -1
4205 4284 4286 4365 -1
4206 4285 4287 4366 -1
4207 4286 4288 4367 -1
4208 4287 4289 4368 -1
4209 4288 4290 4369 -1
4210 4289 4291 4370 -1
4211 4290 4292 4371 -1
4212 4291 4293 4372 -1
4213 4292 4294 4373 -1
4214 4293 4295 4374 -1
4215 4294 4296 4375 -1
4216 4295 4297 4376 -1
4217 4296 4298 4377 -1
4218 4297 4299 4378 -1
4219 4298 4300 4379 -1
4220 4299 4301 4380 -1
4221 4300 4302 4381 -1
4222 4301 4303 4382 -1
4223 4302 4304 4383 -1
4224 4303 4305 4384 -1
4225 4304 4306 4385 -1
4226 4305 4307 4386 -1
4227 4306 4308 4387 -1
4228 4307 4309 4388 -1
4229 4308 4310 4389 -1
4230 4309 4311 4390 -1
4231 4310 4312 4391 -1
4232 4311 4313 4392 -1
4233 4312 4314 4393 -1
4234 4313 4315 4394 -1
4235 4314 4316 4395 -1
4236 4315 4317 4396 -1
4237 4316 4318 4397 -1
4238 4317 4319 4398 -1
4239 4318 4399 -1
4240 4321 4400 -1
4241 4320 4322 4401 -1
4242 4321 4323 4402 -1
4243 4322 4324 4403 -1
4244 4323 4325 4404 -1
4245 4324 4326 4405 -1
4246 4325 4327 4406 -1
4247 4326 4328 4407 -1
4248 4327 4329 4408 -1
4249 4328 4330 4409 -1
4250 4329 4331 4410 -1
4251 4330 4332 4411 -1
4252 4331 4333 4412 -1
4253 4332 4334 4413 -1
4254 4333 4335 4414 -1
4255 4334 4336 4415 -1
4256 4335 4337 4416 -1
4257 4336 4338 4417 -1
4258 4337 4339 4418 -1
4259 4338 4340 4419 -1
4260 4339 4341 4420 -1
4261 4340 4342 4421 -1
4262 4341 4343 4422 -1
4263 4342 4344 4423 -1
4264 4343 4345 4424 -1
4265 4344 4346 4425 -1
4266 4345 4347 4426 -1
4267 4346 4348 4427 -1
4268 4347 4349 4428 -1
4269 4348 4350 4429 -1
4270 4349 4351 4430 -1
4271 4350 4352 4431 -1
4272 4351 4353 4432 -1
4273 4352 4354 4433 -1
4274 4353 4355 4434 -1
4275 4354 4356 4435 -1
4276 4355 4357 4436 -1
4277 4356 4358 4437 -1
4278 4357 4359 4438 -1
4279 4358 4360 4439 -1
4280 4359 4361 4440 -1
4281 4360 4362 4441 -1
4282 4361 4363 4442 -1
4283 4362 4364 4443 -1
4284 4363 4365 4444 -1
4285 4364 4366 4445 -1
4286 4365 4367 4446 -1
4287 4366 4368 4447 -1
4288 4367 4369 4448 -1
4289 4368 4370 4449 -1
4290 4369 4371 4450 -1
4291 4370 4372 4451 -1
4292 4371 4373 4452 -1
4293 4372 4374 4453 -1
4294 4373 4375 4454 -1
4295 4374 4376 4455 -1
4296 4375 4377 4456 -1
4297 4376 4378 4457 -1
4298 4377 4379 4458 -1
4299 4378 4380 4459 -1
4300 4379 4381 4460 -1
4301 4380 4382 4461 -1
4302 4381 4383 4462 -1
4303 4382 4384 4463 -1
4304 4383 4385 4464 -1
4305 4384 4386 4465 -1
4306 4385 4387 4466 -1
4307 4386 4388 4467 -1
4308 4387 4389 4468 -1
4309 4388 4390 4469 -1
4310 4389 4391 4470 -1
4311 4390 4392 4471 -1
4312 4391 4393 4472 -1
4313 4392 4394 4473 -1
4314 4393 4395 4474 -1
4315 4394 4396 4475 -1
4316 4395 4397 4476 -1
4317 4396 4398 4477 -1
4318 4397 4399 4478 -1
4319 4398 4479 -1
4320 4401 4480 -1
4321 4400 4402 4481 -1
4322 4401 4403 4482 -1
4323 4402 4404 4483 -1
4324 4403 4405 4484 -1
4325 4404 4406 4485 -1
4326 4405 4407 4486 -1
4327 4406 4408 4487 -1
4328 4407 4409 4488 -1
4329 4408 4410 4489 -1
4330 4409 4411 4490 -1
4331 4410 4412 4491 -1
4332 4411 4413 4492 -1
4333 4412 4414 4493 -1
4334 4413 4415 4494 -1
4335 4414 4416 4495 -1
4336 4415 4417 4496 -1
4337 4416 4418 4497 -1
4338 4417 4419 4498 -1
4339 4418 4420 4499 -1
4340 4419 4421 4500 -1
4341 4420 4422 4501 -1
4342 4421 4423 4502 -1
4343 4422 4424 4503 -1
4344 4423 4425 4504 -1
4345 4424 4426 4505 -1
4346 4425 4427 4506 -1
4347 4426 4428 4507 -1
4348 4427 4429 4508 -1
4349 4428 4430 4509 -1
4350 4429 4431 4510 -1
4351 4430 4432 4511 -1
4352 4431 4433 4512 -1
4353 4432 4434 4513 -1
4354 4433 4435 4514 -1
4355 4434 4436 4515 -1
4356 4435 4437 4516 -1
4357 4436 4438 4517 -1
4358 4437 4439 4518 -1
4359 4438 4440 4519 -1
4360 4439 4441 4520 -1
4361 4440 4442 4521 -1
4362 4441 4443 4522 -1
4363 4442 4444 4523 -1
4364 4443 4445 4524 -1
4365 4444 4446 4525 -1
4366 4445 4447 4526 -1
4367 4446 4448 4527 -1
4368 4447 4449 4528 -1
4369 4448 4450 4529 -1
4370 4449 4451 4530 -1
4371 4450 4452 4531 -1
4372 4451 4453 4532 -1
4373 4452 4454 4533 -1
4374 4453 4455 4534 -1
4375 4454 4456 4535 -1
4376 4455 4457 4536 -1
4377 4456 4458 4537 -1
4378 4457 4459 4538 -1
4379 4458 4460 4539 -1
4380 4459 4461 4540 -1
4381 4460 4462 4541 -1
4382 4461 4463 4542 -1
4383 4462 4464 4543 -1
4384 4463 4465 4544 -1
4385 4464 4466 4545 -1
4386 4465 4467 4546 -1
4387 4466 4468 4547 -1
4388 4467 4469 4548 -1
4389 4468 4470 4549 -1
4390 4469 4471 4550 -1
4391 4470 4472 4551 -1
4392 4471 4473 4552 -1
4393 4472 4474 4553 -1
4394 4473 4475 4554 -1
4395 4474 4476 4555 -1
4396 4475 4477 4556 -1
4397 4476 4478 4557 -1
4398 4477 4479 4558 -1
4399 4478 4559 -1
4400 4481 4560 -1
4401 4480 4482 4561 -1
4402 4481 4483 4562 -1
4403 4482 4484 4563 -1
4404 4483 4485 4564 -1
4405 4484 4486 4565 -1
4406 4485 4487 4566 -1
4407 4486 4488 4567 -1
4408 4487 4489 4568 -1
4409 4488 4490 4569 -1
4410 4489 4491 4570 -1
4411 4490 4492 4571 -1
4412 4491 4493 4572 -1
4413 4492 4494 4573 -1
4414 4493 4495 4574 -1
4415 4494 4496 4575 -1
4416 4495 4497 4576 -1
4417 4496 4498 4577 -1
4418 4497 4499 4578 -1
4419 4498 4500 4579 -1
4420 4499 4501 4580 -1
4421 4500 4502 4581 -1
4422 4501 4503 4582 -1
4423 4502 4504 4583 -1
4424 4503 4505 4584 -1
4425 4504 4506 4585 -1
4426 4505 4507 4586 -1
4427 4506 4508 4587 -1
4428 4507 4509 4588 -1
4429 4508 4510 4589 -1
4430 4509 4511 4590 -1
4431 4510 4512 4591 -1
4432 4511 4513 4592 -1
4433 4512 4514 4593 -1
4434 4513 4515 4594 -1
4435 4514 4516 4595 -1
4436 4515 4517 4596 -1
4437 4516 4518 4597 -1
4438 4517 4519 4598 -1
4439 4518 4520 4599 -1
4440 4519 4521 4600 -1
4441 4520 4522 4601 -1
4442 4521 4523 4602 -1
4443 4522 4524 4603 -1
4444 4523 4525 4604 -1
4445 4524 4526 4605 -1
4446 4525 4527 4606 -1
4447 4526 4528 4607 -1
4448 4527 4529 4608 -1
4449 4528 4530 4609 -1
4450 4529 4531 4610 -1
4451 4530 4532 4611 -1
4452 4531 4533 4612 -1
4453 4532 4534 4613 -1
4454 4533 4535 4614 -1
4455 4534 4536 4615 -1
4456 4535 4537 4616 -1
4457 4536 4538 4617 -1
4458 4537 4539 4618 -1
4459 4538 4540 4619 -1
4460 4539 4541 4620 -1
4461 4540 4542 4621 -1
4462 4541 4543 4622 -1
4463 4542 4544 4623 -1
4464 4543 4545 4624 -1
4465 4544 4546 4625 -1
4466 4545 4547 4626 -1
4467 4546 4548 4627 -1
4468 4547 4549 4628 -1
4469 4548 4550 4629 -1
4470 4549 4551 4630 -1
4471 4550 4552 4631 -1
4472 4551 4553 4632 -1
4473 4552 4554 4633 -1
4474 4553 4555 4634 -1
4475 4554 4556 4635 -1
4476 4555 4557 4636 -1
4477 4556 4558 4637 -1
4478 4557 4559 4638 -1
4479 4558 4639 -1
4480 4561 4640 -1
4481 4560 4562 4641 -1
4482 4561 4563 4642 -1
4483 4562 4564 4643 -1
4484 4563 4565 4644 -1
4485 4564 4566 4645 -1
4486 4565 4567 4646 -1
4487 4566 4568 4647 -1
4488 4567 4569 4648 -1
4489 4568 4570 4649 -1
4490 4569 4571 4650 -1
4491 4570 4572 4651 -1
4492 4571 4573 4652 -1
4493 4572 4574 4653 -1
4494 4573 4575 4654 -1
4495 4574 4576 4655 -1
4496 4575 4577 4656 -1
4497 4576 4578 4657 -1
4498 4577 4579 4658 -1
4499 4578 4580 4659 -1
4500 4579 4581 4660 -1
4501 4580 4582 4661 -1
4502 4581 4583 4662 -1
4503 4582 4584 4663 -1
4504 4583 4585 4664 -1
4505 4584 4586 4665 -1
4506 4585 4587 4666 -1
4507 4586 4588 4667 -1
4508 4587 4589 4668 -1
4509 4588 4590 4669 -1
4510 4589 4591 4670 -1
4511 4590 4592 4671 -1
4512 4591 4593 4672 -1
4513 4592 4594 4673 -1
4514 4593 4595 4674 -1
4515 4594 4596 4675 -1
4516 4595 4597 4676 -1
4517 4596 4598 4677 -1
4518 4597 4599 4678 -1
4519 4598 4600 4679 -1
4520 4599 4601 4680 -1
4521 4600 4602 4681 -1
4522 4601 4603 4682 -1
4523 4602 4604 4683 -1
4524 4603 4605 4684 -1
4525 4604 4606 4685 -1
4526 4605 4607 4686 -1
4527 4606 4608 4687 -1
4528 4607 4609 4688 -1
4529 4608 4610 4689 -1
4530 4609 4611 4690 -1
4531 4610 4612 4691 -1
4532 4611 4613 4692 -1
4533 4612 4614 4693 -1
4534 4613 4615 4694 -1
4535 4614 4616 4695 -1
4536 4615 4617 4696 -1
4537 4616 4618 4697 -1
4538 4617 4619 4698 -1
4539 4618 4620 4699 -1
4540 4619 4621 4700 -1
4541 4620 4622 4701 -1
4542 4621 4623 4702 -1
4543 4622 4624 4703 -1
4544 4623 4625 4704 -1
4545 4624 4626 4705 -1
4546 4625 4627 4706 -1
4547 4626 4628 4707 -1
4548 4627 4629 4708 -1
4549 4628 4630 4709 -1
4550 4629 4631 4710 -1
4551 4630 4632 4711 -1
4552 4631 4633 4712 -1
4553 4632 4634 4713 -1
4554 4633 4635 4714 -1
4555 4634 4636 4715 -1
4556 4635 4637 4716 -1
4557 4636 4638 4717 -1
4558 4637 4639 4718 -1
4559 4638 4719 -1
4560 4641 4720 -1
4561 4640 4642 4721 -1
4562 4641 4643 4722 -1
4563 4642 4644 4723 -1
4564 4643 4645 4724 -1
4565 4644 4646 4725 -1
4566 4645 4647 4726 -1
4567 4646 4648 4727 -1
4568 4647 4649 4728 -1
4569 4648 4650 4729 -1
4570 4649 4651 4730 -1
4571 4650 4652 4731 -1
4572 4651 4653 4732 -1
4573 4652 4654 4733 -1
4574 4653 4655 4734 -1
4575 4654 4656 4735 -1
4576 4655 4657 4736 -1
4577 4656 4658 4737 -1
4578 4657 4659 4738 -1
4579 4658 4660 4739 -1
4580 4659 4661 4740 -1
4581 4660 4662 4741 -1
4582 4661 4663 4742 -1
4583 4662 4664 4743 -1
4584 4663 4665 4744 -1
4585 4664 4666 4745 -1
4586 4665 4667 4746 -1
4587 4666 4668 4747 -1
4588 4667 4669 4748 -1
4589 4668 4670 4749 -1
4590 4669 4671 4750 -1
4591 4670 4672 4751 -1
4592 4671 4673 4752 -1
4593 4672 4674 4753 -1
4594 4673 4675 4754 -1
4595 4674 4676 4755 -1
4596 4675 4677 4756 -1
4597 4676 4678 4757 -1
4598 4677 4679 4758 -1
4599 4678 4680 4759 -1
4600 4679 4681 4760 -1
4601 4680 4682 4761 -1
4602 4681 4683 4762 -1
4603 4682 4684 4763 -1
4604 4683 4685 4764 -1
4605 4684 4686 4765 -1
4606 4685 4687 4766 -1
4607 4686 4688 4767 -1
4608 4687 4689 4768 -1
4609 4688 4690 4769 -1
4610 4689 4691 4770 -1
4611 4690 4692 4771 -1
4612 4691 4693 4772 -1
4613 4692 4694 4773 -1
4614 4693 4695 4774 -1
4615 4694 4696 4775 -1
4616 4695 4697 4776 -1
4617 4696 4698 4777 -1
4618 4697 4699 4778 -1
4619 4698 4700 4779 -1
4620 4699 4701 4780 -1
4621 4700 4702 4781 -1
4622 4701 4703 4782 -1
4623 4702 4704 4783 -1
4624 4703 4705 4784 -1
4625 4704 4706 4785 -1
4626 4705 4707 4786 -1
4627 4706 4708 4787 -1
4628 4707 4709 4788 -1
4629 4708 4710 4789 -1
4630 4709 4711 4790 -1
4631 4710 4712 4791 -1
4632 4711 4713 4792 -1
4633 4712 4714 4793 -1
4634 4713 4715 4794 -1
4635 4714 4716 4795 -1
4636 4715 4717 4796 -1
4637 4716 4718 4797 -1
4638 4717 4719 4798 -1
4639 4718 4799 -1
4640 4721 4800 -1
4641 4720 4722 4801 -1
4642 4721 4723 4802 -1
4643 4722 4724 4803 -1
4644 4723 4725 4804 -1
4645 4724 4726 4805 -1
4646 4725 4727 4806 -1
4647 4726 4728 4807 -1
4648 4727 4729 4808 -1
4649 4728 4730 4809 -1
4650 4729 4731 4810 -1
4651 4730 4732 4811 -1
4652 4731 4733 4812 -1
4653 4732 4734 4813 -1
4654 4733 4735 4814 -1
4655 4734 4736 4815 -1
4656 4735 4737 4816 -1
4657 4736 4738 4817 -1
4658 4737 4739 4818 -1
4659 4738 4740 4819 -1
4660 4739 4741 4820 -1
4661 4740 4742 4821 -1
4662 4741 4743 4822 -1
4663 4742 4744 4823 -1
4664 4743 4745 4824 -1
4665 4744 4746 4825 -1
4666 4745 4747 4826 -1
4667 4746 4748 4827 -1
4668 4747 4749 4828 -1
4669 4748 4750 4829 -1
4670 4749 4751 4830 -1
4671 4750 4752 4831 -1
4672 4751 4753 4832 -1
4673 4752 4754 4833 -1
4674 4753 4755 4834 -1
4675 4754 4756 4835 -1
4676 4755 4757 4836 -1
4677 4756 4758 4837 -1
4678 4757 4759 4838 -1
4679 4758 4760 4839 -1
4680 4759 4761 4840 -1
4681 4760 4762 4841 -1
4682 4761 4763 4842 -1
4683 4762 4764 4843 -1
4684 4763 4765 4844 -1
4685 4764 4766 4845 -1
4686 4765 4767 4846 -1
4687 4766 4768 4847 -1
4688 4767 4769 4848 -1
4689 4768 4770 4849 -1
4690 4769 4771 4850 -1
4691 4770 4772 4851 -1
4692 4771 4773 4852 -1
4693 4772 4774 4853 -1
4694 4773 4775 4854 -1
4695 4774 4776 4855 -1
4696 4775 4777 4856 -1
4697 4776 4778 4857 -1
4698 4777 4779 4858 -1
4699 4778 4780 4859 -1
4700 4779 4781 4860 -1
4701 4780 4782 4861 -1
4702 4781 4783 4862 -1
4703 4782 4784 4863 -1
4704 4783 4785 4864 -1
4705 4784 4786 4865 -1
4706 4785 4787 4866 -1
4707 4786 4788 4867 -1
4708 4787 4789 4868 -1
4709 4788 4790 4869 -1
4710 4789 4791 4870 -1
4711 4790 4792 4871 -1
4712 4791 4793 4872 -1
4713 4792 4794 4873 -1
4714 4793 4795 4874 -1
4715 4794 4796 4875 -1
4716 4795 4797 4876 -1
4717 4796 4798 4877 -1
4718 4797 4799 4878 -1
4719 4798 4879 -1
4720 4801 4880 -1
4721 4800 4802 4881 -1
4722 4801 4803 4882 -1
4723 4802 4804 4883 -1
4724 4803 4805 4884 -1
4725 4804 4806 4885 -1
4726 4805 4807 4886 -1
4727 4806 4808 4887 -1
4728 4807 4809 4888 -1
4729 4808 4810 4889 -1
4730 4809 4811 4890 -1
4731 4810 4812 4891 -1
4732 4811 4813 4892 -1
4733 4812 4814 4893 -1
4734 4813 4815 4894 -1
4735 4814 4816 4895 -1
4736 4815 4817 4896 -1
4737 4816 4818 4897 -1
4738 4817 4819 4898 -1
4739 4818 4820 4899 -1
4740 4819 4821 4900 -1
4741 4820 4822 4901 -1
4742 4821 4823 4902 -1
4743 4822 4824 4903 -1
4744 4823 4825 4904 -1
4745 4824 4826 4905 -1
4746 4825 4827 4906 -1
4747 4826 4828 4907 -1
4748 4827 4829 4908 -1
4749 4828 4830 4909 -1
4750 4829 4831 4910 -1
4751 4830 4832 4911 -1
4752 4831 4833 4912 -1
4753 4832 4834 4913 -1
4754 4833 4835 4914 -1
4755 4834 4836 4915 -1
4756 4835 4837 4916 -1
4757 4836 4838 4917 -1
4758 4837 4839 4918 -1
4759 4838 4840 4919 -1
4760 4839 4841 4920 -1
4761 4840 4842 4921 -1
4762 4841 4843 4922 -1
4763 4842 4844 4923 -1
4764 4843 4845 4924 -1
4765 4844 4846 4925 -1
4766 4845 4847 4926 -1
4767 4846 4848 4927 -1
4768 4847 4849 4928 -1
4769 4848 4850 4929 -1
4770 4849 4851 4930 -1
4771 4850 4852 4931 -1
4772 4851 4853 4932 -1
4773 4852 4854 4933 -1
4774 4853 4855 4934 -1
4775 4854 4856 4935 -1
4776 4855 4857 4936 -1
4777 4856 4858 4937 -1
4778 4857 4859 4938 -1
4779 4858 4860 4939 -1
4780 4859 4861 4940 -1
4781 4860 4862 4941 -1
4782 4861 4863 4942 -1
4783 4862 4864 4943 -1
4784 4863 4865 4944 -1
4785 4864 4866 4945 -1
4786 4865 4867 4946 -1
4787 4866 4868 4947 -1
4788 4867 4869 4948 -1
4789 4868 4870 4949 -1
4790 4869 4871 4950 -1
4791 4870 4872 4951 -1
4792 4871 4873 4952 -1
4793 4872 4874 4953 -1
4794 4873 4875 4954 -1
4795 4874 4876 4955 -1
4796 4875 4877 4956 -1
4797 4876 4878 4957 -1
4798 4877 4879 4958 -1
4799 4878 4959 -1
4800 4881 4960 -1
4801 4880 4882 4961 -1
4802 4881 4883 4962 -1
4803 4882 4884 4963 -1
4804 4883 4885 4964 -1
4805 4884 4886 4965 -1
4806 4885 4887 4966 -1
4807 4886 4888 4967 -1
4808 4887 4889 4968 -1
4809 4888 4890 4969 -1
4810 4889 4891 4970 -1
4811 4890 4892 4971 -1
4812 4891 4893 4972 -1
4813 4892 4894 4973 -1
4814 4893 4895 4974 -1
4815 4894 4896 4975 -1
4816 4895 4897 4976 -1
4817 4896 4898 4977 -1
4818 4897 4899 4978 -1
4819 4898 4900 4979 -1
4820 4899 4901 4980 -1
4821 4900 4902 4981 -1
4822 4901 4903 4982 -1
4823 4902 4904 4983 -1
4824 4903 4905 4984 -1
4825 4904 4906 4985 -1
4826 4905 4907 4986 -1
4827 4906 4908 4987 -1
4828 4907 4909 4988 -1
4829 4908 4910 4989 -1
4830 4909 4911 4990 -1
4831 4910 4912 4991 -1
4832 4911 4913 4992 -1
4833 4912 4914 4993 -1
4834 4913 4915 4994 -1
4835 4914 4916 4995 -1
4836 4915 4917 4996 -1
4837 4916 4918 4997 -1
4838 4917 4919 4998 -1
4839 4918 4920 4999 -1
4840 4919 4921 5000 -1
4841 4920 4922 5001 -1
4842 4921 4923 5002 -1
4843 4922 4924 5003 -1
4844 4923 4925 5004 -1
4845 4924 4926 5005 -1
4846 4925 4927 5006 -1
4847 4926 4928 5007 -1
4848 4927 4929 5008 -1
4849 4928 4930 5009 -1
4850 4929 4931 5010 -1
4851 4930 4932 5011 -1
4852 4931 4933 5012 -1
4853 4932 4934 5013 -1
4854 4933 4935 5014 -1
4855 4934 4936 5015 -1
4856 4935 4937 5016 -1
4857 4936 4938 5017 -1
4858 4937 4939 5018 -1
4859 4938 4940 5019 -1
4860 4939 4941 5020 -1
4861 4940 4942 5021 -1
4862 4941 4943 5022 -1
4863 4942 4944 5023 -1
4864 4943 4945 5024 -1
4865 4944 4946 5025 -1
4866 4945 4947 5026 -1
4867 4946 4948 5027 -1
4868 4947 4949 5028 -1
4869 4948 4950 5029 -1
4870 4949 4951 5030 -1
4871 4950 4952 5031 -1
4872 4951 4953 5032 -1
4873 4952 4954 5033 -1
4874 4953 4955 5034 -1
4875 4954 4956 5035 -1
4876 4955 4957 5036 -1
4877 4956 4958 5037 -1
4878 4957 4959 5038 -1
4879 4958 5039 -1
4880 4961 5040 -1
4881 4960 4962 5041 -1
4882 4961 4963 5042 -1
4883 4962 4964 5043 -1
4884 4963 4965 5044 -1
4885 4964 4966 5045 -1
4886 4965 4967 5046 -1
4887 4966 4968 5047 -1
4888 4967 4969 5048 -1
4889 4968 4970 5049 -1
4890 4969 4971 5050 -1
4891 4970 4972 5051 -1
4892 4971 4973 5052 -1
4893 4972 4974 5053 -1
4894 4973 4975 5054 -1
4895 4974 4976 5055 -1
4896 4975 4977 5056 -1
4897 4976 4978 5057 -1
4898 4977 4979 5058 -1
4899 4978 4980 5059 -1
4900 4979 4981 5060 -1
4901 4980 4982 5061 -1
4902 4981 4983 5062 -1
4903 4982 4984 5063 -1
4904 4983 4985 5064 -1
4905 4984 4986 5065 -1
4906 4985 4987 5066 -1
4907 4986 4988 5067 -1
4908 4987 4989 5068 -1
4909 4988 4990 5069 -1
4910 4989 4991 5070 -1
4911 4990 4992 5071 -1
4912 4991 4993 5072 -1
4913 4992 4994 5073 -1
4914 4993 4995 5074 -1
4915 4994 4996 5075 -1
4916 4995 4997 5076 -1
4917 4996 4998 5077 -1
4918 4997 4999 5078 -1
4919 4998 5000 5079 -1
4920 4999 5001 5080 -1
4921 5000 5002 5081 -1
4922 5001 5003 5082 -1
4923 5002 5004 5083 -1
4924 5003 5005 5084 -1
4925 5004 5006 5085 -1
4926 5005 5007 5086 -1
4927 5006 5008 5087 -1
4928 5007 5009 5088 -1
4929 5008 5010 5089 -1
4930 5009 5011 5090 -1
4931 5010 5012 5091 -1
4932 5011 5013 5092 -1
4933 5012 5014 5093 -1
4934 5013 5015 5094 -1
4935 5014 5016 5095 -1
4936 5015 5017 5096 -1
4937 5016 5018 5097 -1
4938 5017 5019 5098 -1
4939 5018 5020 5099 -1
4940 5019 5021 5100 -1
4941 5020 5022 5101 -1
4942 5021 5023 5102 -1
4943 5022 5024 5103 -1
4944 5023 5025 5104 -1
4945 5024 5026 5105 -1
4946 5025 5027 5106 -1
4947 5026 5028 5107 -1
4948 5027 5029 5108 -1
4949 5028 5030 5109 -1
4950 5029 5031 5110 -1
4951 5030 5032 5111 -1
4952 5031 5033 5112 -1
4953 5032 5034 5113 -1
4954 5033 5035 5114 -1
4955 5034 5036 5115 -1
4956 5035 5037 5116 -1
4957 5036 5038 5117 -1
4958 5037 5039 5118 -1
4959 5038 5119 -1
4960 5041 5120 -1
4961 5040 5042 5121 -1
4962 5041 5043 5122 -1
4963 5042 5044 5123 -1
4964 5043 5045 5124 -1
4965 5044 5046 5125 -1
4966 5045 5047 5126 -1
4967 5046 5048 5127 -1
4968 5047 5049 5128 -1
4969 5048 5050 5129 -1
4970 5049 5051 5130 -1
4971 5050 5052 5131 -1
4972 5051 5053 5132 -1
4973 5052 5054 5133 -1
4974 5053 5055 5134 -1
4975 5054 5056 5135 -1
4976 5055 5057 5136 -1
4977 5056 5058 5137 -1
4978 5057 5059 5138 -1
4979 5058 5060 5139 -1
4980 5059 5061 5140 -1
4981 5060 5062 5141 -1
4982 5061 5063 5142 -1
4983 5062 5064 5143 -1
4984 5063 5065 5144 -1
4985 5064 5066 5145 -1
4986 5065 5067 5146 -1
4987 5066 5068 5147 -1
4988 5067 5069 5148 -1
4989 5068 5070 5149 -1
4990 5069 5071 5150 -1
4991 5070 5072 5151 -1
4992 5071 5073 5152 -1
4993 5072 5074 5153 -1
4994 5073 5075 5154 -1
4995 5074 5076 5155 -1
4996 5075 5077 5156 -1
4997 5076 5078 5157 -1
4998 5077 5079 5158 -1
4999 5078 5080 5159 -1
5000 5079 5081 5160 -1
5001 5080 5082 5161 -1
5002 5081 5083 5162 -1
5003 5082 5084 5163 -1
5004 5083 5085 5164 -1
5005 5084 5086 5165 -1
5006 5085 5087 5166 -1
5007 5086 5088 5167 -1
5008 5087 5089 5168 -1
5009 5088 5090 5169 -1
5010 5089 5091 5170 -1
5011 5090 5092 5171 -1
5012 5091 5093 5172 -1
5013 5092 5094 5173 -1
5014 5093 5095 5174 -1
5015 5094 5096 5175 -1
5016 5095 5097 5176 -1
5017 5096 5098 5177 -1
5018 5097 5099 5178 -1
5019 5098 5100 5179 -1
5020 5099 5101 5180 -1
5021 5100 5102 5181 -1
5022 5101 5103 5182 -1
5023 5102 5104 5183 -1
5024 5103 5105 5184 -1
5025 5104 5106 5185 -1
5026 5105 5107 5186 -1
5027 5106 5108 5187 -1
5028 5107 5109 5188 -1
5029 5108 5110 5189 -1
5030 5109 5111 5190 -1
5031 5110 5112 5191 -1
5032 5111 5113 5192 -1
5033 5112 5114 5193 -1
5034 5113 5115 5194 -1
5035 5114 5116 5195 -1
5036 5115 5117 5196 -1
5037 5116 5118 5197 -1
5038 5117 5119 5198 -1
5039 5118 5199 -1
5040 5121 5200 -1
5041 5120 5122 5201 -1
5042 5121 5123 5202 -1
5043 5122 5124 5203 -1
5044 5123 5125 5204 -1
5045 5124 5126 5205 -1
5046 5125 5127 5206 -1
5047 5126 5128 5207 -1
5048 5127 5129 5208 -1
5049 5128 5130 5209 -1
5050 5129 5131 5210 -1
5051 5130 5132 5211 -1
5052 5131 5133 5212 -1
5053 5132 5134 5213 -1
5054 5133 5135 5214 -1
5055 5134 5136 5215 -1
5056 5135 5137 5216 -1
5057 5136 5138 5217 -1
5058 5137 5139 5218 -1
5059 5138 5140 5219 -1
5060 5139 5141 5220 -1
5061 5140 5142 5221 -1
5062 5141 5143 5222 -1
5063 5142 5144 5223 -1
5064 5143 5145 5224 -1
5065 5144 5146 5225 -1
5066 5145 5147 5226 -1
5067 5146 5148 5227 -1
5068 5147 5149 5228 -1
5069 5148 5150 5229 -1
5070 5149 5151 5230 -1
5071 5150 5152 5231 -1
5072 5151 5153 5232 -1
5073 5152 5154 5233 -1
5074 5153 5155 5234 -1
5075 5154 5156 5235 -1
5076 5155 5157 5236 -1
5077 5156 5158 5237 -1
5078 5157 5159 5238 -1
5079 5158 5160 5239 -1
5080 5159 5161 5240 -1
5081 5160 5162 5241 -1
5082 5161 5163 5242 -1
5083 5162 5164 5243 -1
5084 5163 5165 5244 -1
5085 5164 5166 5245 -1
5086 5165 5167 5246 -1
5087 5166 5168 5247 -1
5088 5167 5169 5248 -1
5089 5168 5170 5249 -1
5090 5169 5171 5250 -1
5091 5170 5172 5251 -1
5092 5171 5173 5252 -1
5093 5172 5174 5253 -1
5094 5173 5175 5254 -1
5095 5174 5176 5255 -1
5096 5175 5177 5256 -1
5097 5176 5178 5257 -1
5098 5177 5179 5258 -1
5099 5178 5180 5259 -1
5100 5179 5181 5260 -1
5101 5180 5182 5261 -1
5102 5181 5183 5262 -1
5103 5182 5184 5263 -1
5104 5183 5185 5264 -1
5105 5184 5186 5265 -1
5106 5185 5187 5266 -1
5107 5186 5188 5267 -1
5108 5187 5189 5268 -1
5109 5188 5190 5269 -1
5110 5189 5191 5270 -1
5111 5190 5192 5271 -1
5112 5191 5193 5272 -1
5113 5192 5194 5273 -1
5114 5193 5195 5274 -1
5115 5194 5196 5275 -1
5116 5195 5197 5276 -1
5117 5196 5198 5277 -1
5118 5197 5199 5278 -1
5119 5198 5279 -1
5120 5201 5280 -1
5121 5200 5202 5281 -1
5122 5201 5203 5282 -1
5123 5202 5204 5283 -1
5124 5203 5205 5284 -1
5125 5204 5206 5285 -1
5126 5205 5207 5286 -1
5127 5206 5208 5287 -1
5128 5207 5209 5288 -1
5129 5208 5210 5289 -1
5130 5209 5211 5290 -1
5131 5210 5212 5291 -1
5132 5211 5213 5292 -1
5133 5212 5214 5293 -1
5134 5213 5215 5294 -1
5135 5214 5216 5295 -1
5136 5215 5217 5296 -1
5137 5216 5218 5297 -1
5138 5217 5219 5298 -1
5139 5218 5220 5299 -1
5140 5219 5221 5300 -1
5141 5220 5222 5301 -1
5142 5221 5223 5302 -1
5143 5222 5224 5303 -1
5144 5223 5225 5304 -1
5145 5224 5226 5305 -1
5146 5225 5227 5306 -1
5147 5226 5228 5307 -1
5148 5227 5229 5308 -1
5149 5228 5230 5309 -1
5150 5229 5231 5310 -1
5151 5230 5232 5311 -1
5152 5231 5233 5312 -1
5153 5232 5234 5313 -1
5154 5233 5235 5314 -1
5155 5234 5236 5315 -1
5156 5235 5237 5316 -1
5157 5236 5238 5317 -1
5158 5237 5239 5318 -1
5159 5238 5240 5319 -1
5160 5239 5241 5320 -1
5161 5240 5242 5321 -1
5162 5241 5243 5322 -1
5163 5242 5244 5323 -1
5164 5243 5245 5324 -1
5165 5244 5246 5325 -1
5166 5245 5247 5326 -1
5167 5246 5248 5327 -1
5168 5247 5249 5328 -1
5169 5248 5250 5329 -1
5170 5249 5251 5330 -1
5171 5250 5252 5331 -1
5172 5251 5253 5332 -1
5173 5252 5254 5333 -1
5174 5253 5255 5334 -1
5175 5254 5256 5335 -1
5176 5255 5257 5336 -1
5177 5256 5258 5337 -1
5178 5257 5259 5338 -1
5179 5258 5260 5339 -1
5180 5259 5261 5340 -1
5181 5260 5262 5341 -1
5182 5261 5263 5342 -1
5183 5262 5264 5343 -1
5184 5263 5265 5344 -1
5185 5264 5266 5345 -1
5186 5265 5267 5346 -1
5187 5266 5268 5347 -1
5188 5267 5269 5348 -1
5189 5268 5270 5349 -1
5190 5269 5271 5350 -1
5191 5270 5272 5351 -1
5192 5271 5273 5352 -1
5193 5272 5274 5353 -1
5194 5273 5275 5354 -1
5195 5274 5276 5355 -1
5196 5275 5277 5356 -1
5197 5276 5278 5357 -1
5198 5277 5279 5358 -1
5199 5278 5359 -1
5200 5281 5360 -1
5201 5280 5282 5361 -1
5202 5281 5283 5362 -1
5203 5282 5284 5363 -1
5204 5283 5285 5364 -1
5205 5284 5286 5365 -1
5206 5285 5287 5366 -1
5207 5286 5288 5367 -1
5208 5287 5289 5368 -1
5209 5288 5290 5369 -1
5210 5289 5291 5370 -1
5211 5290 5292 5371 -1
5212 5291 5293 5372 -1
5213 5292 5294 5373 -1
5214 5293 5295 5374 -1
5215 5294 5296 5375 -1
5216 5295 5297 5376 -1
5217 5296 5298 5377 -1
5218 5297 5299 5378 -1
5219 5298 5300 5379 -1
5220 5299 5301 5380 -1
5221 5300 5302 5381 -1
5222 5301 5303 5382 -1
5223 5302 5304 5383 -1
5224 5303 5305 5384 -1
5225 5304 5306 5385 -1
5226 5305 5307 5386 -1
5227 5306 5308 5387 -1
5228 5307 5309 5388 -1
5229 5308 5310 5389 -1
5230 5309 5311 5390 -1
5231 5310 5312 5391 -1
5232 5311 5313 5392 -1
5233 5312 5314 5393 -1
5234 5313 5315 5394 -1
5235 5314 5316 5395 -1
5236 5315 5317 5396 -1
5237 5316 5318 5397 -1
5238 5317 5319 5398 -1
5239 5318 5320 5399 -1
5240 5319 5321 5400 -1
5241 5320 5322 5401 -1
5242 5321 5323 5402 -1
5243 5322 5324 5403 -1
5244 5323 5325 5404 -1
5245 5324 5326 5405 -1
5246 5325 5327 5406 -1
5247 5326 5328 5407 -1
5248 5327 5329 5408 -1
5249 5328 5330 5409 -1
5250 5329 5331 5410 -1
5251 5330 5332 5411 -1
5252 5331 5333 5412 -1
5253 5332 5334 5413 -1
5254 5333 5335 5414 -1
5255 5334 5336 5415 -1
5256 5335 5337 5416 -1
5257 5336 5338 5417 -1
5258 5337 5339 5418 -1
5259 5338 5340 5419 -1
5260 5339 5341 5420 -1
5261 5340 5342 5421 -1
5262 5341 5343 5422 -1
5263 5342 5344 5423 -1
5264 5343 5345 5424 -1
5265 5344 5346 5425 -1
5266 5345 5347 5426 -1
5267 5346 5348 5427 -1
5268 5347 5349 5428 -1
5269 5348 5350 5429 -1
5270 5349 5351 5430 -1
5271 5350 5352 5431 -1
5272 5351 5353 5432 -1
5273 5352 5354 5433 -1
5274 5353 5355 5434 -1
5275 5354 5356 5435 -1
5276 5355 5357 5436 -1
5277 5356 5358 5437 -1
5278 5357 5359 5438 -1
5279 5358 5439 -1
5280 5361 5440 -1
5281 5360 5362 5441 -1
5282 5361 5363 5442 -1
5283 5362 5364 5443 -1
5284 5363 5365 5444 -1
5285 5364 5366 5445 -1
5286 5365 5367 5446 -1
5287 5366 5368 5447 -1
5288 5367 5369 5448 -1
5289 5368 5370 5449 -1
5290 5369 5371 5450 -1
5291 5370 5372 5451 -1
5292 5371 5373 5452 -1
5293 5372 5374 5453 -1
5294 5373 5375 5454 -1
5295 5374 5376 5455 -1
5296 5375 5377 5456 -1
5297 5376 5378 5457 -1
5298 5377 5379 5458 -1
5299 5378 5380 5459 -1
5300 5379 5381 5460 -1
5301 5380 5382 5461 -1
5302 5381 5383 5462 -1
5303 5382 5384 5463 -1
5304 5383 5385 5464 -1
5305 5384 5386 5465 -1
5306 5385 5387 5466 -1
5307 5386 5388 5467 -1
5308 5387 5389 5468 -1
5309 5388 5390 5469 -1
5310 5389 5391 5470 -1
5311 5390 5392 5471 -1
5312 5391 5393 5472 -1
5313 5392 5394 5473 -1
5314 5393 5395 5474 -1
5315 5394 5396 5475 -1
5316 5395 5397 5476 -1
5317 5396 5398 5477 -1
5318 5397 5399 5478 -1
5319 5398 5400 5479 -1
5320 5399 5401 5480 -1
5321 5400 5402 5481 -1
5322 5401 5403 5482 -1
5323 5402 5404 5483 -1
5324 5403 5405 5484 -1
5325 5404 5406 5485 -1
5326 5405 5407 5486 -1
5327 5406 5408 5487 -1
5328 5407 5409 5488 -1
5329 5408 5410 5489 -1
5330 5409 5411 5490 -1
5331 5410 5412 5491 -1
5332 5411 5413 5492 -1
5333 5412 5414 5493 -1
5334 5413 5415 5494 -1
5335 5414 5416 5495 -1
5336 5415 5417 5496 -1
5337 5416 5418 5497 -1
5338 5417 5419 5498 -1
5339 5418 5420 5499 -1
5340 5419 5421 5500 -1
5341 5420 5422 5501 -1
5342 5421 5423 5502 -1
5343 5422 5424 5503 -1
5344 5423 5425 5504 -1
5345 5424 5426 5505 -1
5346 5425 5427 5506 -1
5347 5426 5428 5507 -1
5348 5427 5429 5508 -1
5349 5428 5430 5509 -1
5350 5429 5431 5510 -1
5351 5430 5432 5511 -1
5352 5431 5433 5512 -1
5353 5432 5434 5513 -1
5354 5433 5435 5514 -1
5355 5434 5436 5515 -1
5356 5435 5437 5516 -1
5357 5436 5438 5517 -1
5358 5437 5439 5518 -1
5359 5438 5519 -1
5360 5441 5520 -1
5361 5440 5442 5521 -1
5362 5441 5443 5522 -1
5363 5442 5444 5523 -1
5364 5443 5445 5524 -1
5365 5444 5446 5525 -1
5366 5445 5447 5526 -1
5367 5446 5448 5527 -1
5368 5447 5449 5528 -1
5369 5448 5450 5529 -1
5370 5449 5451 5530 -1
5371 5450 5452 5531 -1
5372 5451 5453 5532 -1
5373 5452 5454 5533 -1
5374 5453 5455 5534 -1
5375 5454 5456 5535 -1
5376 5455 5457 5536 -1
5377 5456 5458 5537 -1
5378 5457 5459 5538 -1
5379 5458 5460 5539 -1
5380 5459 5461 5540 -1
5381 5460 5462 5541 -1
5382 5461 5463 5542 -1
5383 5462 5464 5543 -1
5384 5463 5465 5544 -1
5385 5464 5466 5545 -1
5386 5465 5467 5546 -1
5387 5466 5468 5547 -1
5388 5467 5469 5548 -1
5389 5468 5470 5549 -1
5390 5469 5471 5550 -1
5391 5470 5472 5551 -1
5392 5471 5473 5552 -1
5393 5472 5474 5553 -1
5394 5473 5475 5554 -1
5395 5474 5476 5555 -1
5396 5475 5477 5556 -1
5397 5476 5478 5557 -1
5398 5477 5479 5558 -1
5399 5478 5480 5559 -1
5400 5479 5481 5560 -1
5401 5480 5482 5561 -1
5402 5481 5483 5562 -1
5403 5482 5484 5563 -1
5404 5483 5485 5564 -1
5405 5484 5486 5565 -1
5406 5485 5487 5566 -1
5407 5486 5488 5567 -1
5408 5487 5489 5568 -1
5409 5488 5490 5569 -1
5410 5489 5491 5570 -1
5411 5490 5492 5571 -1
5412 5491 5493 5572 -1
5413 5492 5494 5573 -1
5414 5493 5495 5574 -1
5415 5494 5496 5575 -1
5416 5495 5497 5576 -1
5417 5496 5498 5577 -1
5418 5497 5499 5578 -1
5419 5498 5500 5579 -1
5420 5499 5501 5580 -1
5421 5500 5502 5581 -1
5422 5501 5503 5582 -1
5423 5502 5504 5583 -1
5424 5503 5505 5584 -1
5425 5504 5506 5585 -1
5426 5505 5507 5586 -1
5427 5506 5508 5587 -1
5428 5507 5509 5588 -1
5429 5508 5510 5589 -1
5430 5509 5511 5590 -1
5431 5510 5512 5591 -1
5432 5511 5513 5592 -1
5433 5512 5514 5593 -1
5434 5513 5515 5594 -1
5435 5514 5516 5595 -1
5436 5515 5517 5596 -1
5437 5516 5518 5597 -1
5438 5517 5519 5598 -1
5439 5518 5599 -1
5440 5521 5600 -1
5441 5520 5522 5601 -1
5442 5521 5523 5602 -1
5443 5522 5524 5603 -1
5444 5523 5525 5604 -1
5445 5524 5526 5605 -1
5446 5525 5527 5606 -1
5447 5526 5528 5607 -1
5448 5527 5529 5608 -1
5449 5528 5530 5609 -1
5450 5529 5531 5610 -1
5451 5530 5532 5611 -1
5452 5531 5533 5612 -1
5453 5532 5534 5613 -1
5454 5533 5535 5614 -1
5455 5534 5536 5615 -1
5456 5535 5537 5616 -1
5457 5536 5538 5617 -1
5458 5537 5539 5618 -1
5459 5538 5540 5619 -1
5460 5539 5541 5620 -1
5461 5540 5542 5621 -1
5462 5541 5543 5622 -1
5463 5542 5544 5623 -1
5464 5543 5545 5624 -1
5465 5544 5546 5625 -1
5466 5545 5547 5626 -1
5467 5546 5548 5627 -1
5468 5547 5549 5628 -1
5469 5548 5550 5629 -1
5470 5549 5551 5630 -1
5471 5550 5552 5631 -1
5472 5551 5553 5632 -1
5473 5552 5554 5633 -1
5474 5553 5555 5634 -1
5475 5554 5556 5635 -1
5476 5555 5557 5636 -1
5477 5556 5558 5637 -1
5478 5557 5559 5638 -1
5479 5558 5560 5639 -1
5480 5559 5561 5640 -1
5481 5560 5562 5641 -1
5482 5561 5563 5642 -1
5483 5562 5564 5643 -1
5484 5563 5565 5644 -1
5485 5564 5566 5645 -1
5486 5565 5567 5646 -1
5487 5566 5568 5647 -1
5488 5567 5569 5648 -1
5489 5568 5570 5649 -1
5490 5569 5571 5650 -1
5491 5570 5572 5651 -1
5492 5571 5573 5652 -1
5493 5572 5574 5653 -1
5494 5573 5575 5654 -1
5495 5574 5576 5655 -1
5496 5575 5577 5656 -1
5497 5576 5578 5657 -1
5498 5577 5579 5658 -1
5499 5578 5580 5659 -1
5500 5579 5581 5660 -1
5501 5580 5582 5661 -1
5502 5581 5583 5662 -1
5503 5582 5584 5663 -1
5504 5583 5585 5664 -1
5505 5584 5586 5665 -1
5506 5585 5587 5666 -1
5507 5586 5588 5667 -1
5508 5587 5589 5668 -1
5509 5588 5590 5669 -1
5510 5589 5591 5670 -1
5511 5590 5592 5671 -1
5512 5591 5593 5672 -1
5513 5592 5594 5673 -1
5514 5593 5595 5674 -1
5515 5594 5596 5675 -1
5516 5595 5597 5676 -1
5517 5596 5598 5677 -1
5518 5597 5599 5678 -1
5519 5598 5679 -1
5520 5601 5680 -1
5521 5600 5602 5681 -1
5522 5601 5603 5682 -1
5523 5602 5604 5683 -1
5524 5603 5605 5684 -1
5525 5604 5606 5685 -1
5526 5605 5607 5686 -1
5527 5606 5608 5687 -1
5528 5607 5609 5688 -1
5529 5608 5610 5689 -1
5530 5609 5611 5690 -1
5531 5610 5612 5691 -1
5532 5611 5613 5692 -1
5533 5612 5614 5693 -1
5534 5613 5615 5694 -1
5535 5614 5616 5695 -1
5536 5615 5617 5696 -1
5537 5616 5618 5697 -1
5538 5617 5619 5698 -1
5539 5618 5620 5699 -1
5540 5619 5621 5700 -1
5541 5620 5622 5701 -1
5542 5621 5623 5702 -1
5543 5622 5624 5703 -1
5544 5623 5625 5704 -1
5545 5624 5626 5705 -1
5546 5625 5627 5706 -1
5547 5626 5628 5707 -1
5548 5627 5629 5708 -1
5549 5628 5630 5709 -1
5550 5629 5631 5710 -1
5551 5630 5632 5711 -1
5552 5631 5633 5712 -1
5553 5632 5634 5713 -1
5554 5633 5635 5714 -1
5555 5634 5636 5715 -1
5556 5635 5637 5716 -1
5557 5636 5638 5717 -1
5558 5637 5639 5718 -1
5559 5638 5640 5719 -1
5560 5639 5641 5720 -1
5561 5640 5642 5721 -1
5562 5641 5643 5722 -1
5563 5642 5644 5723 -1
5564 5643 5645 5724 -1
5565 5644 5646 5725 -1
5566 5645 5647 5726 -1
5567 5646 5648 5727 -1
5568 5647 5649 5728 -1
5569 5648 5650 5729 -1
5570 5649 5651 5730 -1
5571 5650 5652 5731 -1
5572 5651 5653 5732 -1
5573 5652 5654 5733 -1
5574 5653 5655 5734 -1
5575 5654 5656 5735 -1
5576 5655 5657 5736 -1
5577 5656 5658 5737 -1
5578 5657 5659 5738 -1
5579 5658 5660 5739 -1
5580 5659 5661 5740 -1
5581 5660 5662 5741 -1
5582 5661 5663 5742 -1
5583 5662 5664 5743 -1
5584 5663 5665 5744 -1
5585 5664 5666 5745 -1
5586 5665 5667 5746 -1
5587 5666 5668 5747 -1
5588 5667 5669 5748 -1
5589 5668 5670 5749 -1
5590 5669 5671 5750 -1
5591 5670 5672 5751 -1
5592 5671 5673 5752 -1
5593 5672 5674 5753 -1
5594 5673 5675 5754 -1
5595 5674 5676 5755 -1
5596 5675 5677 5756 -1
5597 5676 5678 5757 -1
5598 5677 5679 5758 -1
5599 5678 5759 -1
5600 5681 5760 -1
5601 5680 5682 5761 -1
5602 5681 5683 5762 -1
5603 5682 5684 5763 -1
5604 5683 5685 5764 -1
5605 5684 5686 5765 -1
5606 5685 5687 5766 -1
5607 5686 5688 5767 -1
5608 5687 5689 5768 -1
5609 5688 5690 5769 -1
5610 5689 5691 5770 -1
5611 5690 5692 5771 -1
5612 5691 5693 5772 -1
5613 5692 5694 5773 -1
5614 5693 5695 5774 -1
5615 5694 5696 5775 -1
5616 5695 5697 5776 -1
5617 5696 5698 5777 -1
5618 5697 5699 5778 -1
5619 5698 5700 5779 -1
5620 5699 5701 5780 -1
5621 5700 5702 5781 -1
5622 5701 5703 5782 -1
5623 5702 5704 5783 -1
5624 5703 5705 5784 -1
5625 5704 5706 5785 -1
5626 5705 5707 5786 -1
5627 5706 5708 5787 -1
5628 5707 5709 5788 -1
5629 5708 5710 5789 -1
5630 5709 5711 5790 -1
5631 5710 5712 5791 -1
5632 5711 5713 5792 -1
5633 5712 5714 5793 -1
5634 5713 5715 5794 -1
5635 5714 5716 5795 -1
5636 5715 5717 5796 -1
5637 5716 5718 5797 -1
5638 5717 5719 5798 -1
5639 5718 5720 5799 -1
5640 5719 5721 5800 -1
5641 5720 5722 5801 -1
5642 5721 5723 5802 -1
5643 5722 5724 5803 -1
5644 5723 5725 5804 -1
5645 5724 5726 5805 -1
5646 5725 5727 5806 -1
5647 5726 5728 5807 -1
5648 5727 5729 5808 -1
5649 5728 5730 5809 -1
5650 5729 5731 5810 -1
5651 5730 5732 5811 -1
5652 5731 5733 5812 -1
5653 5732 5734 5813 -1
5654 5733 5735 5814 -1
5655 5734 5736 5815 -1
5656 5735 5737 5816 -1
5657 5736 5738 5817 -1
5658 5737 5739 5818 -1
5659 5738 5740 5819 -1
5660 5739 5741 5820 -1
5661 5740 5742 5821 -1
5662 5741 5743 5822 -1
5663 5742 5744 5823 -1
5664 5743 5745 5824 -1
5665 5744 5746 5825 -1
5666 5745 5747 5826 -1
5667 5746 5748 5827 -1
5668 5747 5749 5828 -1
5669 5748 5750 5829 -1
5670 5749 5751 5830 -1
5671 5750 5752 5831 -1
5672 5751 5753 5832 -1
5673 5752 5754 5833 -1
5674 5753 5755 5834 -1
5675 5754 5756 5835 -1
5676 5755 5757 5836 -1
5677 5756 5758 5837 -1
5678 5757 5759 5838 -1
5679 5758 5839 -1
5680 5761 5840 -1
5681 5760 5762 5841 -1
5682 5761 5763 5842 -1
5683 5762 5764 5843 -1
5684 5763 5765 5844 -1
5685 5764 5766 5845 -1
5686 5765 5767 5846 -1
5687 5766 5768 5847 -1
5688 5767 5769 5848 -1
5689 5768 5770 5849 -1
5690 5769 5771 5850 -1
5691 5770 5772 5851 -1
5692 5771 5773 5852 -1
5693 5772 5774 5853 -1
5694 5773 5775 5854 -1
5695 5774 5776 5855 -1
5696 5775 5777 5856 -1
5697 5776 5778 5857 -1
5698 5777 5779 5858 -1
5699 5778 5780 5859 -1
5700 5779 5781 5860 -1
5701 5780 5782 5861 -1
5702 5781 5783 5862 -1
5703 5782 5784 5863 -1
5704 5783 5785 5864 -1
5705 5784 5786 5865 -1
5706 5785 5787 5866 -1
5707 5786 5788 5867 -1
5708 5787 5789 5868 -1
5709 5788 5790 5869 -1
5710 5789 5791 5870 -1
5711 5790 5792 5871 -1
5712 5791 5793 5872 -1
5713 5792 5794 5873 -1
5714 5793 5795 5874 -1
5715 5794 5796 5875 -1
5716 5795 5797 5876 -1
5717 5796 5798 5877 -1
5718 5797 5799 5878 -1
5719 5798 5800 5879 -1
5720 5799 5801 5880 -1
5721 5800 5802 5881 -1
5722 5801 5803 5882 -1
5723 5802 5804 5883 -1
5724 5803 5805 5884 -1
5725 5804 5806 5885 -1
5726 5805 5807 5886 -1
5727 5806 5808 5887 -1
5728 5807 5809 5888 -1
5729 5808 5810 5889 -1
5730 5809 5811 5890 -1
5731 5810 5812 5891 -1
5732 5811 5813 5892 -1
5733 5812 5814 5893 -1
5734 5813 5815 5894 -1
5735 5814 5816 5895 -1
5736 5815 5817 5896 -1
5737 5816 5818 5897 -1
5738 5817 5819 5898 -1
5739 5818 5820 5899 -1
5740 5819 5821 5900 -1
5741 5820 5822 5901 -1
5742 5821 5823 5902 -1
5743 5822 5824 5903 -1
5744 5823 5825 5904 -1
5745 5824 5826 5905 -1
5746 5825 5827 5906 -1
5747 5826 5828 5907 -1
5748 5827 5829 5908 -1
5749 5828 5830 5909 -1
5750 5829 5831 5910 -1
5751 5830 5832 5911 -1
5752 5831 5833 5912 -1
5753 5832 5834 5913 -1
5754 5833 5835 5914 -1
5755 5834 5836 5915 -1
5756 5835 5837 5916 -1
5757 5836 5838 5917 -1
5758 5837 5839 5918 -1
5759 5838 5919 -1
5760 5841 5920 -1
5761 5840 5842 5921 -1
5762 5841 5843 5922 -1
5763 5842 5844 5923 -1
5764 5843 5845 5924 -1
5765 5844 5846 5925 -1
5766 5845 5847 5926 -1
5767 5846 5848 5927 -1
5768 5847 5849 5928 -1
5769 5848 5850 5929 -1
5770 5849 5851 5930 -1
5771 5850 5852 5931 -1
5772 5851 5853 5932 -1
5773 5852 5854 5933 -1
5774 5853 5855 5934 -1
5775 5854 5856 5935 -1
5776 5855 5857 5936 -1
5777 5856 5858 5937 -1
5778 5857 5859 5938 -1
5779 5858 5860 5939 -1
5780 5859 5861 5940 -1
5781 5860 5862 5941 -1
5782 5861 5863 5942 -1
5783 5862 5864 5943 -1
5784 5863 5865 5944 -1
5785 5864 5866 5945 -1
5786 5865 5867 5946 -1
5787 5866 5868 5947 -1
5788 5867 5869 5948 -1
5789 5868 5870 5949 -1
5790 5869 5871 5950 -1
5791 5870 5872 5951 -1
5792 5871 5873 5952 -1
5793 5872 5874 5953 -1
5794 5873 5875 5954 -1
5795 5874 5876 5955 -1
5796 5875 5877 5956 -1
5797 5876 5878 5957 -1
5798 5877 5879 5958 -1
5799 5878 5880 5959 -1
5800 5879 5881 5960 -1
5801 5880 5882 5961 -1
5802 5881 5883 5962 -1
5803 5882 5884 5963 -1
5804 5883 5885 5964 -1
5805 5884 5886 5965 -1
5806 5885 5887 5966 -1
5807 5886 5888 5967 -1
5808 5887 5889 5968 -1
5809 5888 5890 5969 -1
5810 5889 5891 5970 -1
5811 5890 5892 5971 -1
5812 5891 5893 5972 -1
5813 5892 5894 5973 -1
5814 5893 5895 5974 -1
5815 5894 5896 5975 -1
5816 5895 5897 5976 -1
5817 5896 5898 5977 -1
5818 5897 5899 5978 -1
5819 5898 5900 5979 -1
5820 5899 5901 5980 -1
5821 5900 5902 5981 -1
5822 5901 5903 5982 -1
5823 5902 5904 5983 -1
5824 5903 5905 5984 -1
5825 5904 5906 5985 -1
5826 5905 5907 5986 -1
5827 5906 5908 5987 -1
5828 5907 5909 5988 -1
5829 5908 5910 5989 -1
5830 5909 5911 5990 -1
5831 5910 5912 5991 -1
5832 5911 5913 5992 -1
5833 5912 5914 5993 -1
5834 5913 5915 5994 -1
5835 5914 5916 5995 -1
5836 5915 5917 5996 -1
5837 5916 5918 5997 -1
5838 5917 5919 5998 -1
5839 5918 5999 -1
5840 5921 6000 -1
5841 5920 5922 6001 -1
5842 5921 5923 6002 -1
5843 5922 5924 6003 -1
5844 5923 5925 6004 -1
5845 5924 5926 6005 -1
5846 5925 5927 6006 -1
5847 5926 5928 6007 -1
5848 5927 5929 6008 -1
5849 5928 5930 6009 -1
5850 5929 5931 6010 -1
5851 5930 5932 6011 -1
5852 5931 5933 6012 -1
5853 5932 5934 6013 -1
5854 5933 5935 6014 -1
5855 5934 5936 6015 -1
5856 5935 5937 6016 -1
5857 5936 5938 6017 -1
5858 5937 5939 6018 -1
5859 5938 5940 6019 -1
5860 5939 5941 6020 -1
5861 5940 5942 6021 -1
5862 5941 5943 6022 -1
5863 5942 5944 6023 -1
5864 5943 5945 6024 -1
5865 5944 5946 6025 -1
5866 5945 5947 6026 -1
5867 5946 5948 6027 -1
5868 5947 5949 6028 -1
5869 5948 5950 6029 -1
5870 5949 5951 6030 -1
5871 5950 5952 6031 -1
5872 5951 5953 6032 -1
5873 5952 5954 6033 -1
5874 5953 5955 6034 -1
5875 5954 5956 6035 -1
5876 5955 5957 6036 -1
5877 5956 5958 6037 -1
5878 5957 5959 6038 -1
5879 5958 5960 6039 -1
5880 5959 5961 6040 -1
5881 5960 5962 6041 -1
5882 5961 5963 6042 -1
5883 5962 5964 6043 -1
5884 5963 5965 6044 -1
5885 5964 5966 6045 -1
5886 5965 5967 6046 -1
5887 5966 5968 6047 -1
5888 5967 5969 6048 -1
5889 5968 5970 6049 -1
5890 5969 5971 6050 -1
5891 5970 5972 6051 -1
5892 5971 5973 6052 -1
5893 5972 5974 6053 -1
5894 5973 5975 6054 -1
5895 5974 5976 6055 -1
5896 5975 5977 6056 -1
5897 5976 5978 6057 -1
5898 5977 5979 6058 -1
5899 5978 5980 6059 -1
5900 5979 5981 6060 -1
5901 5980 5982 6061 -1
5902 5981 5983 6062 -1
5903 5982 5984 6063 -1
5904 5983 5985 6064 -1
5905 5984 5986 6065 -1
5906 5985 5987 6066 -1
5907 5986 5988 6067 -1
5908 5987 5989 6068 -1
5909 5988 5990 6069 -1
5910 5989 5991 6070 -1
5911 5990 5992 6071 -1
5912 5991 5993 6072 -1
5913 5992 5994 6073 -1
5914 5993 5995 6074 -1
5915 5994 5996 6075 -1
5916 5995 5997 6076 -1
5917 5996 5998 6077 -1
5918 5997 5999 6078 -1
5919 5998 6079 -1
5920 6001 6080 -1
5921 6000 6002 6081 -1
5922 6001 6003 6082 -1
5923 6002 6004 6083 -1
5924 6003 6005 6084 -1
5925 6004 6006 6085 -1
5926 6005 6007 6086 -1
5927 6006 6008 6087 -1
5928 6007 6009 6088 -1
5929 6008 6010 6089 -1
5930 6009 6011 6090 -1
5931 6010 6012 6091 -1
5932 6011 6013 6092 -1
5933 6012 6014 6093 -1
5934 6013 6015 6094 -1
5935 6014 6016 6095 -1
5936 6015 6017 6096 -1
5937 6016 6018 6097 -1
5938 6017 6019 6098 -1
5939 6018 6020 6099 -1
5940 6019 6021 6100 -1
5941 6020 6022 6101 -1
5942 6021 6023 6102 -1
5943 6022 6024 6103 -1
5944 6023 6025 6104 -1
5945 6024 6026 6105 -1
5946 6025 6027 6106 -1
5947 6026 6028 6107 -1
5948 6027 6029 6108 -1
5949 6028 6030 6109 -1
5950 6029 6031 6110 -1
5951 6030 6032 6111 -1
5952 6031 6033 6112 -1
5953 6032 6034 6113 -1
5954 6033 6035 6114 -1
5955 6034 6036 6115 -1
5956 6035 6037 6116 -1
5957 6036 6038 6117 -1
5958 6037 6039 6118 -1
5959 6038 6040 6119 -1
5960 6039 6041 6120 -1
5961 6040 6042 6121 -1
5962 6041 6043 6122 -1
5963 6042 6044 6123 -1
5964 6043 6045 6124 -1
5965 6044 6046 6125 -1
5966 6045 6047 6126 -1
5967 6046 6048 6127 -1
5968 6047 6049 6128 -1
5969 6048 6050 6129 -1
5970 6049 6051 6130 -1
5971 6050 6052 6131 -1
5972 6051 6053 6132 -1
5973 6052 6054 6133 -1
5974 6053 6055 6134 -1
5975 6054 6056 6135 -1
5976 6055 6057 6136 -1
5977 6056 6058 6137 -1
5978 6057 6059 6138 -1
5979 6058 6060 6139 -1
5980 6059 6061 6140 -1
5981 6060 6062 6141 -1
5982 6061 6063 6142 -1
5983 6062 6064 6143 -1
5984 6063 6065 6144 -1
5985 6064 6066 6145 -1
5986 6065 6067 6146 -1
5987 6066 6068 6147 -1
5988 6067 6069 6148 -1
5989 6068 6070 6149 -1
5990 6069 6071 6150 -1
5991 6070 6072 6151 -1
5992 6071 6073 6152 -1
5993 6072 6074 6153 -1
5994 6073 6075 6154 -1
5995 6074 6076 6155 -1
5996 6075 6077 6156 -1
5997 6076 6078 6157 -1
5998 6077 6079 6158 -1
5999 6078 6159 -1
6000 6081 6160 -1
6001 6080 6082 6161 -1
6002 6081 6083 6162 -1
6003 6082 6084 6163 -1
6004 6083 6085 6164 -1
6005 6084 6086 6165 -1
6006 6085 6087 6166 -1
6007 6086 6088 6167 -1
6008 6087 6089 6168 -1
6009 6088 6090 6169 -1
6010 6089 6091 6170 -1
6011 6090 6092 6171 -1
6012 6091 6093 6172 -1
6013 6092 6094 6173 -1
6014 6093 6095 6174 -1
6015 6094 6096 6175 -1
6016 6095 6097 6176 -1
6017 6096 6098 6177 -1
6018 6097 6099 6178 -1
6019 6098 6100 6179 -1
6020 6099 6101 6180 -1
6021 6100 6102 6181 -1
6022 6101 6103 6182 -1
6023 6102 6104 6183 -1
6024 6103 6105 6184 -1
6025 6104 6106 6185 -1
6026 6105 6107 6186 -1
6027 6106 6108 6187 -1
6028 6107 6109 6188 -1
6029 6108 6110 6189 -1
6030 6109 6111 6190 -1
6031 6110 6112 6191 -1
6032 6111 6113 6192 -1
6033 6112 6114 6193 -1
6034 6113 6115 6194 -1
6035 6114 6116 6195 -1
6036 6115 6117 6196 -1
6037 6116 6118 6197 -1
6038 6117 6119 6198 -1
6039 6118 6120 6199 -1
6040 6119 6121 6200 -1
6041 6120 6122 6201 -1
6042 6121 6123 6202 -1
6043 6122 6124 6203 -1
6044 6123 6125 6204 -1
6045 6124 6126 6205 -1
6046 6125 6127 6206 -1
6047 6126 6128 6207 -1
6048 6127 6129 6208 -1
6049 6128 6130 6209 -1
6050 6129 6131 6210 -1
6051 6130 6132 6211 -1
6052 6131 6133 6212 -1
6053 6132 6134 6213 -1
6054 6133 6135 6214 -1
6055 6134 6136 6215 -1
6056 6135 6137 6216 -1
6057 6136 6138 6217 -1
6058 6137 6139 6218 -1
6059 6138 6140 6219 -1
6060 6139 6141 6220 -1
6061 6140 6142 6221 -1
6062 6141 6143 6222 -1
6063 6142 6144 6223 -1
6064 6143 6145 6224 -1
6065 6144 6146 6225 -1
6066 6145 6147 6226 -1
6067 6146 6148 6227 -1
6068 6147 6149 6228 -1
6069 6148 6150 6229 -1
6070 6149 6151 6230 -1
6071 6150 6152 6231 -1
6072 6151 6153 6232 -1
6073 6152 6154 6233 -1
6074 6153 6155 6234 -1
6075 6154 6156 6235 -1
6076 6155 6157 6236 -1
6077 6156 6158 6237 -1
6078 6157 6159 6238 -1
6079 6158 6239 -1
6080 6161 6240 -1
6081 6160 6162 6241 -1
6082 6161 6163 6242 -1
6083 6162 6164 6243 -1
6084 6163 6165 6244 -1
6085 6164 6166 6245 -1
6086 6165 6167 6246 -1
6087 6166 6168 6247 -1
6088 6167 6169 6248 -1
6089 6168 6170 6249 -1
6090 6169 6171 6250 -1
6091 6170 6172 6251 -1
6092 6171 6173 6252 -1
6093 6172 6174 6253 -1
6094 6173 6175 6254 -1
6095 6174 6176 6255 -1
6096 6175 6177 6256 -1
6097 6176 6178 6257 -1
6098 6177 6179 6258 -1
6099 6178 6180 6259 -1
6100 6179 6181 6260 -1
6101 6180 6182 6261 -1
6102 6181 6183 6262 -1
6103 6182 6184 6263 -1
6104 6183 6185 6264 -1
6105 6184 6186 6265 -1
6106 6185 6187 6266 -1
6107 6186 6188 6267 -1
6108 6187 6189 6268 -1
6109 6188 6190 6269 -1
6110 6189 6191 6270 -1
6111 6190 6192 6271 -1
6112 6191 6193 6272 -1
6113 6192 6194 6273 -1
6114 6193 6195 6274 -1
6115 6194 6196 6275 -1
6116 6195 6197 6276 -1
6117 6196 6198 6277 -1
6118 6197 6199 6278 -1
6119 6198 6200 6279 -1
6120 6199 6201 6280 -1
6121 6200 6202 6281 -1
6122 6201 6203 6282 -1
6123 6202 6204 6283 -1
6124 6203 6205 6284 -1
6125 6204 6206 6285 -1
6126 6205 6207 6286 -1
6127 6206 6208 6287 -1
6128 6207 6209 6288 -1
6129 6208 6210 6289 -1
6130 6209 6211 6290 -1
6131 6210 6212 6291 -1
6132 6211 6213 6292 -1
6133 6212 6214 6293 -1
6134 6213 6215 6294 -1
6135 6214 6216 6295 -1
6136 6215 6217 6296 -1
6137 6216 6218 6297 -1
6138 6217 6219 6298 -1
6139 6218 6220 6299 -1
6140 6219 6221 6300 -1
6141 6220 6222 6301 -1
6142 6221 6223 6302 -1
6143 6222 6224 6303 -1
6144 6223 6225 6304 -1
6145 6224 6226 6305 -1
6146 6225 6227 6306 -1
6147 6226 6228 6307 -1
6148 6227 6229 6308 -1
6149 6228 6230 6309 -1
6150 6229 6231 6310 -1
6151 6230 6232 6311 -1
6152 6231 6233 6312 -1
6153 6232 6234 6313 -1
6154 6233 6235 6314 -1
6155 6234 6236 6315 -1
6156 6235 6237 6316 -1
6157 6236 6238 6317 -1
6158 6237 6239 6318 -1
6159 6238 6319 -1
6160 6241 6320 -1
6161 6240 6242 6321 -1
6162 6241 6243 6322 -1
6163 6242 6244 6323 -1
6164 6243 6245 6324 -1
6165 6244 6246 6325 -1
6166 6245 6247 6326 -1
6167 6246 6248 6327 -1
6168 6247 6249 6328 -1
6169 6248 6250 6329 -1
6170 6249 6251 6330 -1
6171 6250 6252 6331 -1
6172 6251 6253 6332 -1
6173 6252 6254 6333 -1
6174 6253 6255 6334 -1
6175 6254 6256 6335 -1
6176 6255 6257 6336 -1
6177 6256 6258 6337 -1
6178 6257 6259 6338 -1
6179 6258 6260 6339 -1
6180 6259 6261 6340 -1
6181 6260 6262 6341 -1
6182 6261 6263 6342 -1
6183 6262 6264 6343 -1
6184 6263 6265 6344 -1
6185 6264 6266 6345 -1
6186 6265 6267 6346 -1
6187 6266 6268 6347 -1
6188 6267 6269 6348 -1
6189 6268 6270 6349 -1
6190 6269 6271 6350 -1
6191 6270 6272 6351 -1
6192 6271 6273 6352 -1
6193 6272 6274 6353 -1
6194 6273 6275 6354 -1
6195 6274 6276 6355 -1
6196 6275 6277 6356 -1
6197 6276 6278 6357 -1
6198 6277 6279 6358 -1
6199 6278 6280 6359 -1
6200 6279 6281 6360 -1
6201 6280 6282 6361 -1
6202 6281 6283 6362 -1
6203 6282 6284 6363 -1
6204 6283 6285 6364 -1
6205 6284 6286 6365 -1
6206 6285 6287 6366 -1
6207 6286 6288 6367 -1
6208 6287 6289 6368 -1
6209 6288 6290 6369 -1
6210 6289 6291 6370 -1
6211 6290 6292 6371 -1
6212 6291 6293 6372 -1
6213 6292 6294 6373 -1
6214 6293 6295 6374 -1
6215 6294 6296 6375 -1
6216 6295 6297 6376 -1
6217 6296 6298 6377 -1
6218 6297 6299 6378 -1
6219 6298 6300 6379 -1
6220 6299 6301 6380 -1
6221 6300 6302 6381 -1
6222 6301 6303 6382 -1
6223 6302 6304 6383 -1
6224 6303 6305 6384 -1
6225 6304 6306 6385 -1
6226 6305 6307 6386 -1
6227 6306 6308 6387 -1
6228 6307 6309 6388 -1
6229 6308 6310 6389 -1
6230 6309 6311 6390 -1
6231 6310 6312 6391 -1
6232 6311 6313 6392 -1
6233 6312 6314 6393 -1
6234 6313 6315 6394 -1
6235 6314 6316 6395 -1
6236 6315 6317 6396 -1
6237 6316 6318 6397 -1
6238 6317 6319 6398 -1
6239 6318 6399 -1
6240 6321 -1
6241 6320 6322 -1
6242 6321 6323 -1
6243 6322 6324 -1
6244 6323 6325 -1
6245 6324 6326 -1
6246 6325 6327 -1
6247 6326 6328 -1
6248 6327 6329 -1
6249 6328 6330 -1
6250 6329 6331 -1
6251 6330 6332 -1
6252 6331 6333 -1
6253 6332 6334 -1
6254 6333 6335 -1
6255 6334 6336 -1
6256 6335 6337 -1
6257 6336 6338 -1
6258 6337 6339 -1
6259 6338 6340 -1
6260 6339 6341 -1
6261 6340 6342 -1
6262 6341 6343 -1
6263 6342 6344 -1
6264 6343 6345 -1
6265 6344 6346 -1
6266 6345 6347 -1
6267 6346 6348 -1
6268 6347 6349 -1
6269 6348 6350 -1
6270 6349 6351 -1
6271 6350 6352 -1
6272 6351 6353 -1
6273 6352 6354 -1
6274 6353 6355 -1
6275 6354 6356 -1
6276 6355 6357 -1
6277 6356 6358 -1
6278 6357 6359 -1
6279 6358 6360 -1
6280 6359 6361 -1
6281 6360 6362 -1
6282 6361 6363 -1
6283 6362 6364 -1
6284 6363 6365 -1
6285 6364 6366 -1
6286 6365 6367 -1
6287 6366 6368 -1
6288 6367 6369 -1
6289 6368 6370 -1
6290 6369 6371 -1
6291 6370 6372 -1
6292 6371 6373 -1
6293 6372 6374 -1
6294 6373 6375 -1
6295 6374 6376 -1
6296 6375 6377 -1
6297 6376 6378 -1
6298 6377 6379 -1
6299 6378 6380 -1
6300 6379 6381 -1
6301 6380 6382 -1
6302 6381 6383 -1
6303 6382 6384 -1
6304 6383 6385 -1
6305 6384 6386 -1
6306 6385 6387 -1
6307 6386 6388 -1
6308 6387 6389 -1
6309 6388 6390 -1
6310 6389 6391 -1
6311 6390 6392 -1
6312 6391 6393 -1
6313 6392 6394 -1
6314 6393 6395 -1
6315 6394 6396 -1
6316 6395 6397 -1
6317 6396 6398 -1
6318 6397 6399 -1
6319 6398 -1